pickup_borough,pickup_zone,dropoff_borough,dropoff_zone,total_trips,total_revenue,average_total_amount,average_trip_distance,average_trip_duration,average_revenue_per_mile
Manhattan,Upper East Side South,Manhattan,Upper East Side North,21635,340503.59,15.738552807950082,1.0614384099838226,7.3857946229104074,16.739726768990927
Manhattan,Upper East Side North,Manhattan,Upper East Side South,19189,308534.88,16.078736776278078,1.0489421022460785,8.029161672485973,17.102875914762034
Manhattan,Upper East Side North,Manhattan,Upper East Side North,15190,200704.15,13.21291310072416,0.6480500329163923,4.797677199912222,39.04292347397532
Manhattan,Upper East Side South,Manhattan,Upper East Side South,14107,194743.04,13.80470971857943,0.6488013043170057,5.71815765222939,38.72568500224815
Manhattan,Midtown Center,Manhattan,Upper East Side South,10138,172942.46,17.058834089564016,1.0774847109883607,9.16890905504044,17.276423564412987
Manhattan,Lincoln Square East,Manhattan,Upper West Side South,8820,132096.43,14.976919501133786,0.9919863945578231,6.174077853363568,16.556021902595287
Manhattan,Upper East Side South,Manhattan,Midtown Center,8716,143617.26,16.47742771913722,1.0614777420835246,8.960666207740553,16.871844312180514
Manhattan,Midtown Center,Manhattan,Upper East Side North,8660,189522.68,21.884836027713625,1.9533163972286376,13.226537721324096,11.462573994425707
Manhattan,Upper West Side South,Manhattan,Lincoln Square East,8539,124515.29,14.581952219229418,0.8848237498536129,6.109560057774134,19.796901323471648
Manhattan,Upper West Side South,Manhattan,Upper West Side North,8301,114851.94,13.83591615468016,0.8404927117214793,5.112524595430269,19.24085730403825
Manhattan,Lenox Hill West,Manhattan,Upper East Side North,7691,122666.6,15.949369392796775,1.0888232999609933,8.062137563385775,18.12582059202558
Manhattan,Upper East Side South,Manhattan,Midtown East,7506,120780.24,16.091159072741807,0.9794204636290967,8.335591526778577,18.40399561661872
Manhattan,Upper East Side North,Manhattan,Midtown Center,7044,150861.21,21.416980408858603,1.9302896081771719,13.68686115843271,11.334776306689267
Manhattan,Lincoln Square East,Manhattan,Upper West Side North,6988,121769.22,17.425475100171724,1.5051946193474526,8.140013833237932,11.976118952917629
Manhattan,Penn Station/Madison Sq West,Manhattan,Times Sq/Theatre District,6945,130755.59,18.827298776097912,1.0641511879049677,12.359414446844252,18.737734689094477
Manhattan,Upper West Side North,Manhattan,Upper West Side South,6878,93891.53,13.650993021227102,0.7901192207036929,5.076032276824658,20.229722174202504
Manhattan,Upper East Side North,Manhattan,Lenox Hill West,6831,113161.58,16.565887864148735,1.1167749963402136,8.640357683111306,15.994256691305937
Manhattan,Upper East Side North,Manhattan,Upper West Side South,6724,116341.57,17.30243456276026,1.437614515169542,8.447560975609756,12.501389846712765
Unknown,Unknown,Unknown,Unknown,6705,175312.91,26.146593586875465,3.0412304250559283,14.141856823266219,41.81457405455786
Manhattan,Upper East Side South,Manhattan,Lenox Hill West,6537,95134.97,14.553307327520269,0.7676212329814899,6.641856611085615,22.861884215693685
Manhattan,Yorkville West,Manhattan,Upper East Side North,6457,84989.25,13.162343193433482,0.6779820350007743,5.144313664756595,22.975750073385306
Manhattan,Upper East Side North,Manhattan,Upper West Side North,6300,108485.96,17.21999365079365,1.4094777777777776,8.362502645502646,12.595585342170997
Manhattan,Yorkville West,Manhattan,Lenox Hill West,6204,87276.25,14.06773855577047,0.9300999355254674,5.55659520739308,16.735642094257088
Manhattan,Midtown East,Manhattan,Upper East Side South,6195,102823.24,16.59777885391445,1.0051509281678772,8.63110304008609,18.507483015348807
Manhattan,Upper West Side South,Manhattan,Upper East Side North,6041,107117.22,17.7317033603708,1.4784687965568615,8.948868840699664,12.429150936000857
Manhattan,Lenox Hill East,Manhattan,Upper East Side North,6021,106784.47,17.735337983723635,1.316211592758678,9.984066877041466,14.18833612613337
Manhattan,Lincoln Square East,Manhattan,Upper East Side South,5967,103930.92,17.41761689291101,1.3351935646053295,9.03961510530138,13.633872772900176
Manhattan,Penn Station/Madison Sq West,Manhattan,Midtown Center,5961,115740.09,19.416220432813287,1.2614460660962927,12.809274171000391,15.936142653325012
Manhattan,Upper East Side South,Manhattan,Lincoln Square East,5942,105545.74,17.762662403231236,1.2897256815886906,9.396777179400875,14.30952341030106
Manhattan,Lenox Hill West,Manhattan,Upper East Side South,5907,84008.68,14.221885898087015,0.7348213983409514,6.5444980531572705,23.93197505147851
Manhattan,Lincoln Square East,Manhattan,Upper East Side North,5872,123875.83,21.096020095367848,2.1023348092643053,11.69680688010899,10.216955865995205
Queens,JFK Airport,Unknown,Outside of NYC,5824,717397.81,123.17956902472528,20.57442135989011,37.44745592948718,6.1031736895758195
Manhattan,Times Sq/Theatre District,Manhattan,Penn Station/Madison Sq West,5797,95798.69,16.525563222356393,1.0029756770743488,9.140198953481685,17.88537580361558
Manhattan,Yorkville East,Manhattan,Upper East Side North,5755,84185.29,14.628199826238053,0.8833536055603822,6.7688184187662905,17.41590295913986
Queens,JFK Airport,Manhattan,Times Sq/Theatre District,5749,541244.0,94.14576448077926,18.05019655592277,50.410155389343075,7.0767995784268285
Manhattan,Upper East Side South,Manhattan,Yorkville West,5626,92778.74,16.491066477070746,1.1954585851404194,8.198409171702808,15.003819022092188
Manhattan,Upper East Side South,Manhattan,Lenox Hill East,5518,86846.52,15.738767669445451,0.9173704240666909,8.441805605895855,18.4533933330747
Manhattan,Upper East Side North,Manhattan,Yorkville East,5514,83317.46,15.110166848023216,0.893322451940515,7.1711129246765815,17.982994774625073
Manhattan,Upper East Side North,Manhattan,Lincoln Square East,5490,112277.58,20.45128961748634,1.942103825136612,11.549945355191257,10.714140717562021
Manhattan,Upper East Side North,Manhattan,Yorkville West,5449,74268.8,13.629803633694257,0.7045127546338777,5.5080289961460815,24.485762389456898
Manhattan,Upper West Side North,Manhattan,Lincoln Square East,5435,92870.87,17.08755657773689,7.6011499540018415,8.40211898190739,13.123347533019063
Manhattan,Upper East Side North,Manhattan,Midtown East,5418,113202.28,20.893739387227757,1.7931782945736434,13.139577950043067,12.024929383767416
Manhattan,Midtown East,Manhattan,Upper East Side North,5408,115763.18,21.40591346153846,1.8216974852071006,12.780229906311638,12.125633410962372
Queens,LaGuardia Airport,Manhattan,Times Sq/Theatre District,5395,409547.24,75.91237071362373,10.358967562557924,34.50762743280816,7.400508572298112
Manhattan,Midtown North,Manhattan,Upper East Side North,5331,107132.31,20.09610016882386,1.7406490339523542,11.3513974864003,11.942642609666162
Manhattan,Upper West Side South,Manhattan,Upper West Side South,5299,71579.44,13.50810341573882,0.6434629175316098,4.686661005221111,49.05953563628566
Manhattan,Midtown Center,Manhattan,Midtown Center,5267,80519.01,15.287452059996202,0.6356806531232201,6.539332953610531,107.39962030078395
Manhattan,Midtown Center,Manhattan,Union Sq,5214,98211.27,18.83607019562716,1.4615861143076334,10.702298299450199,13.298611058979471
Manhattan,Midtown Center,Manhattan,Midtown South,5199,84073.83,16.17115406809002,0.9716637814964417,8.39556966083221,18.419184830906396
Manhattan,Penn Station/Madison Sq West,Manhattan,Murray Hill,5172,90967.63,17.588482211910286,1.0364037122969838,10.622844160866203,17.691887571187923
Manhattan,Midtown North,Manhattan,Upper East Side South,5149,81324.82,15.79429403767722,0.9498019032821907,7.842642584320581,18.8395772614937
Manhattan,Upper West Side North,Manhattan,Upper East Side North,5132,86766.54,16.906964146531564,9.381280202650037,8.447876071706936,12.730763721555464
Manhattan,Upper East Side North,Manhattan,Lenox Hill East,5114,92730.56,18.132686742276103,1.3587504888541257,10.725964672141833,14.068445689352965
Manhattan,Clinton East,Manhattan,East Chelsea,5086,77799.56,15.296806920959495,1.129044435705859,6.612793288766548,15.413667755945896
Manhattan,Lenox Hill East,Manhattan,Upper East Side South,4978,79051.65,15.880202892728002,0.9118481317798313,8.49156957278693,18.73122968309199
Manhattan,Lenox Hill West,Manhattan,Yorkville West,4939,73582.32,14.89822231220895,1.0171046770601335,6.334973341432139,18.29907447796241
Manhattan,Midtown Center,Manhattan,Midtown North,4839,74785.51,15.454744781979747,0.7963794172349659,8.034576703175587,24.197868996032177
Manhattan,Upper East Side North,Manhattan,East Harlem South,4837,67439.27,13.942375439321895,0.9122575976845152,5.784373923230652,19.262213230955005
Manhattan,Gramercy,Manhattan,Murray Hill,4825,72510.13,15.028006217616582,0.9787834196891192,6.623744386873921,16.441867046433405
Manhattan,Midtown Center,Manhattan,Lenox Hill West,4821,94268.88,19.553802115743622,1.4705662725575608,11.406488971859227,13.969098032778891
Manhattan,Lincoln Square East,Manhattan,Lincoln Square East,4819,67533.51,14.014009130525004,0.6628263125129694,5.057632980563049,68.83900024436225
Manhattan,Lenox Hill West,Manhattan,Lenox Hill West,4707,65649.68,13.94724452942426,0.6801232207350755,5.282628709014942,61.23549003971211
Manhattan,Midtown North,Manhattan,Midtown Center,4636,69017.64,14.88732528041415,0.7735396893874029,7.303027034800116,24.338858579009422
Manhattan,Upper West Side South,Manhattan,Lincoln Square West,4635,67188.59,14.495920172599783,0.8875749730312836,6.165562747213233,19.073978166389125
Manhattan,Upper East Side South,Manhattan,Upper West Side South,4623,93081.71,20.134481938135412,1.7850832792558946,11.240731126973827,11.518096281772625
Manhattan,Union Sq,Manhattan,Murray Hill,4594,73413.66,15.980335219851982,1.0020613844144537,7.608365984617618,17.18507772736488
Manhattan,Midtown East,Manhattan,Lenox Hill West,4580,79035.53,17.25666593886463,1.210131004366812,8.935025473071324,16.536851624072597
Manhattan,Penn Station/Madison Sq West,Manhattan,Union Sq,4576,69056.51,15.091020541958041,0.9515537587412588,7.3958442599067595,18.02955649582411
Manhattan,Midtown Center,Manhattan,Murray Hill,4557,75005.98,16.459508448540706,0.9912354619267063,8.557687806305317,22.078395302133533
Manhattan,Midtown Center,Manhattan,Times Sq/Theatre District,4554,73301.27,16.096018884497145,0.7538888888888889,8.98936832089006,26.96340106078975
Manhattan,Midtown Center,Manhattan,Lincoln Square East,4544,89301.01,19.652511003521127,1.461368838028169,11.554225352112676,14.142857001195235
Manhattan,Midtown Center,Manhattan,Penn Station/Madison Sq West,4539,87335.28,19.241083939193654,1.2644679444811633,12.003737974590585,15.765873688042205
Manhattan,Lincoln Square East,Manhattan,Clinton East,4477,67963.12,15.180504802322982,1.0025776189412552,6.8700320154865615,16.783152654910225
Manhattan,Upper East Side South,Manhattan,Sutton Place/Turtle Bay North,4463,75278.13,16.867158861752184,1.0800515348420345,9.055713645529913,16.95591903515643
Manhattan,Lincoln Square East,Manhattan,Midtown Center,4383,80167.28,18.290504220853297,1.4317499429614418,10.610217507034756,13.449396756302447
Manhattan,Midtown East,Manhattan,Murray Hill,4373,66919.8,15.302949919963412,0.8715184084152756,7.274944736641512,24.4456039866112
Manhattan,Upper East Side South,Manhattan,Midtown North,4262,67805.25,15.90925621773815,0.9349131862975129,8.302713905834507,20.000897291171846
Manhattan,Lenox Hill East,Manhattan,Yorkville West,4253,65551.17,15.412924994121797,1.0702069127674583,6.8806763852966535,15.655852405359365
Manhattan,Upper East Side South,Manhattan,Yorkville East,4213,78747.8,18.69162117256112,1.4721504865891288,10.588567133475749,13.330016000402615
Manhattan,Yorkville West,Manhattan,Upper East Side South,4209,69277.74,16.45942979330007,1.1784366832976954,8.439874871307516,14.997862005664656
Manhattan,Times Sq/Theatre District,Manhattan,Lincoln Square East,4206,71479.82,16.99472658107466,1.173407037565383,8.641436836265651,15.37803689837219
Manhattan,Lincoln Square East,Manhattan,Lincoln Square West,4176,58420.01,13.989465996168583,0.7524688697318007,5.828759578544061,20.4510636763322
Manhattan,Lenox Hill East,Manhattan,Yorkville East,4154,60501.3,14.564588348579683,0.9110832932113625,5.981860857005296,18.14051890439564
Manhattan,Times Sq/Theatre District,Manhattan,West Chelsea/Hudson Yards,4139,78206.0,18.894902150277844,1.4318361923169847,11.20616090843199,13.905815334294598
Manhattan,Lincoln Square East,Manhattan,Midtown North,4127,59497.85,14.416731281802761,0.8579888538890236,6.477764316291092,19.39683544562055
Manhattan,Midtown South,Manhattan,Midtown Center,4114,66581.07,16.184022848808947,0.9561229946524065,8.711242100145844,19.141037415326792
Manhattan,Lenox Hill West,Manhattan,Sutton Place/Turtle Bay North,4076,62328.69,15.291631501472033,0.9759470068694799,6.988411841674845,21.15039598666555
Manhattan,Times Sq/Theatre District,Manhattan,Midtown Center,4043,62645.32,15.494761315854563,0.8065199109572101,7.99500371011625,28.619322217968936
Manhattan,East Chelsea,Manhattan,Clinton East,4038,71089.59,17.605148588410103,1.194219910846954,9.742521050024765,17.979615992114503
Manhattan,Clinton East,Manhattan,Clinton East,4032,58556.7,14.52299107142857,0.6962748015873016,5.219675925925926,95.17790349233357
Manhattan,Sutton Place/Turtle Bay North,Manhattan,Upper East Side South,4017,66268.72,16.497067463281056,1.0312148369429923,9.148991784914115,17.36918673222475
Manhattan,Midtown Center,Manhattan,Sutton Place/Turtle Bay North,3994,64054.15,16.037593890836256,0.9045343014521783,8.186037389417459,19.03664854354585
Manhattan,Midtown Center,Manhattan,Midtown East,3944,58441.11,14.81772565922921,0.6958950304259636,7.149163286004057,28.169192300943653
Manhattan,Upper West Side South,Manhattan,Upper East Side South,3943,77786.22,19.72767435962465,5.53243469439513,11.323518471552962,11.731141182843666
Manhattan,Midtown North,Manhattan,Lincoln Square East,3911,61001.16,15.597330605983126,0.9355868064433649,7.274405522884173,20.469206330122233
Manhattan,Central Park,Manhattan,Midtown Center,3906,74151.8,18.984075780849974,1.4781669226830518,11.512523468168629,14.27164323456843
Manhattan,Times Sq/Theatre District,Manhattan,East Chelsea,3862,70447.51,18.241198860693938,1.3592465044018642,10.594916278266874,14.410219420967175
Manhattan,Midtown East,Manhattan,Lenox Hill East,3852,75564.62,19.61698338525441,1.5535098650051922,12.05473779854621,13.365167287248614
Manhattan,Clinton East,Manhattan,Lincoln Square East,3848,59540.45,15.473089916839916,1.0535161122661123,6.849497574497574,21.476438993203935
Manhattan,East Village,Manhattan,East Village,3837,54356.48,14.166400833984884,0.6749569976544175,4.841390843540961,76.17436852184964
Manhattan,Upper West Side North,Manhattan,Upper West Side North,3808,51378.04,13.492132352941177,0.6349921218487395,4.673678221288515,52.5226113771054
Manhattan,Upper West Side South,Manhattan,Manhattan Valley,3787,60600.61,16.002273567467654,1.2495352521785053,6.960201566763489,13.246827959718953
Manhattan,East Chelsea,Manhattan,Times Sq/Theatre District,3777,78312.97,20.734172623775482,1.4050622186920836,13.910047656870532,16.549025040521357
Manhattan,Midtown East,Manhattan,Midtown Center,3775,58380.57,15.46505165562914,0.7067152317880795,8.218980132450332,30.52693395037685
Queens,JFK Airport,Queens,JFK Airport,3773,139152.49,36.88112642459581,2.701979856877816,7.263790970933828,538.6026902876538
Manhattan,Upper East Side North,Manhattan,Midtown North,3769,76610.24,20.326410188378883,1.7236959405677899,12.562456885115415,12.171492389329947
Manhattan,Lincoln Square West,Manhattan,Upper West Side South,3748,51940.38,13.85815901814301,0.8485752401280683,5.300364638918534,19.080497661147362
Manhattan,Yorkville East,Manhattan,Lenox Hill East,3744,52507.59,14.02446314102564,0.8764663461538462,5.907638888888889,19.90739090441231
Manhattan,Murray Hill,Manhattan,Midtown Center,3715,61642.62,16.59289905787349,0.9186191117092867,9.2109510991476,21.52930521640402
Manhattan,Murray Hill,Manhattan,Union Sq,3712,58681.87,15.808693426724139,1.0627424568965518,7.453740122126437,15.9988727069247
Manhattan,Times Sq/Theatre District,Queens,LaGuardia Airport,3670,272600.05,74.27794277929155,11.220040871934605,32.493505903723886,6.666890104220706
Manhattan,West Chelsea/Hudson Yards,Manhattan,Clinton East,3646,61067.88,16.749281404278662,1.0905485463521667,8.529827207899068,19.89480570683515
Manhattan,Times Sq/Theatre District,Manhattan,Midtown North,3646,55192.13,15.137720789906746,0.8213192539769611,7.566716950082282,22.143009286908068
Manhattan,Upper East Side South,Manhattan,Upper West Side North,3641,81429.33,22.364550947541886,2.267349629222741,13.254348622173396,10.691606868123067
Manhattan,Lincoln Square East,Manhattan,Times Sq/Theatre District,3631,58592.16,16.13664555218948,1.0708096942990912,8.31572110529698,16.235257162121556
Manhattan,East Village,Manhattan,Gramercy,3613,51233.67,14.180368115139773,0.8994409078328258,5.608607805148077,18.081669609858494
Manhattan,Penn Station/Madison Sq West,Manhattan,Gramercy,3600,65848.42,18.291227777777777,1.3628972222222222,10.67410648148148,14.00364943018993
Manhattan,West Village,Manhattan,East Village,3596,65580.77,18.23714404894327,1.244869299221357,10.51212921764924,15.235804889887358
Manhattan,East Chelsea,Manhattan,East Chelsea,3569,53039.19,14.861078733538807,0.8044858503782573,5.327977024376576,86.19139305888953
Manhattan,Lenox Hill East,Manhattan,Midtown East,3566,72051.72,20.20519349411105,1.6587408861469433,12.216886333894186,12.74867794318818
Manhattan,Sutton Place/Turtle Bay North,Manhattan,Lenox Hill West,3549,53122.86,14.968402366863906,0.9506086221470837,6.768131868131868,17.497817426397308
Manhattan,Lenox Hill West,Manhattan,Lenox Hill East,3536,48866.52,13.819717194570135,0.7092024886877828,6.17737556561086,24.57773815417593
Manhattan,Yorkville East,Manhattan,Upper East Side South,3535,64646.17,18.287459688826026,1.4374625176803395,10.712239509665253,13.22034687356198
Manhattan,Midtown East,Manhattan,Penn Station/Madison Sq West,3520,71101.57,20.19930965909091,1.3970142045454546,13.091207386363637,15.001290056502976
Manhattan,Clinton East,Manhattan,West Chelsea/Hudson Yards,3518,55875.09,15.882629334849344,1.1421318931210915,7.348460299412546,15.567744111991873
Manhattan,Times Sq/Theatre District,Manhattan,Upper West Side South,3501,75344.69,21.52090545558412,1.9701599542987718,12.47003713224793,11.100376608019115
Manhattan,Lenox Hill East,Manhattan,Lenox Hill West,3494,48740.54,13.94978248425873,0.6952003434459073,6.069433314253005,24.60693300279232
Manhattan,Sutton Place/Turtle Bay North,Manhattan,Lenox Hill East,3493,54085.83,15.484062410535357,0.9908216432865732,7.726534020421796,17.614842701310565
Manhattan,Clinton East,Manhattan,Midtown Center,3478,56163.59,16.148243243243243,0.9772311673375503,9.106905309564883,17.453796884657905
Manhattan,Midtown Center,Manhattan,Clinton East,3465,62525.47,18.044868686868686,1.0663318903318904,10.946911976911977,17.91617561784667
Manhattan,East Chelsea,Manhattan,West Chelsea/Hudson Yards,3430,49183.11,14.33909912536443,0.8352332361516035,5.914990281827017,25.8708991788215
Manhattan,Penn Station/Madison Sq West,Manhattan,Midtown East,3396,73088.55,21.521952296819787,1.5721024734982332,14.859947978013349,14.116618232695373
Manhattan,Penn Station/Madison Sq West,Manhattan,Clinton East,3390,61593.01,18.169029498525074,1.1135840707964602,11.241784660766962,18.561193888042926
Manhattan,Murray Hill,Manhattan,Gramercy,3373,52163.02,15.464873999407056,1.0403290839015713,6.629830022729519,18.981188598951636
Manhattan,Union Sq,Manhattan,Midtown Center,3359,64955.05,19.337615361714796,1.4661565942244714,11.881844795077901,13.878739637712961
Manhattan,Midtown North,Manhattan,Upper West Side South,3358,66208.89,19.71676295413937,1.6827427039904703,10.90023327377407,12.510316980816334
Manhattan,Yorkville West,Manhattan,Lenox Hill East,3353,52248.97,15.582752758723531,1.1050999105278856,7.551640322099613,15.167698941951533
Manhattan,Murray Hill,Manhattan,Upper East Side South,3351,68077.5,20.315577439570276,1.5978543718293046,12.692211280214861,13.178224688392593
Manhattan,Central Park,Manhattan,Upper East Side South,3331,54838.93,16.46320324226959,1.107676373461423,8.304803362353647,19.161430402236448
Manhattan,Midtown East,Manhattan,Times Sq/Theatre District,3330,59525.58,17.87554954954955,0.9372192192192192,11.137347347347347,20.46908892265377
Manhattan,Lenox Hill West,Manhattan,Midtown East,3323,58107.36,17.486415889256698,19.062690340054168,9.825313471762463,14.755817632881893
Manhattan,Penn Station/Madison Sq West,Manhattan,Midtown North,3318,71344.05,21.50212477396022,1.5264526823387585,14.882293550331525,14.455021865517201
Manhattan,Lenox Hill East,Manhattan,Sutton Place/Turtle Bay North,3309,53300.43,16.1077153218495,1.1367815049864007,7.697486652563716,15.8480381886424
Manhattan,Midtown Center,Manhattan,Upper West Side South,3304,79071.5,23.93205205811138,2.300372276029056,15.053980024213075,10.594961847934657
Manhattan,West Chelsea/Hudson Yards,Manhattan,Times Sq/Theatre District,3291,67138.22,20.400553023397144,1.4409298085688242,13.475255747999595,15.119009584803559
Manhattan,Midtown East,Manhattan,Gramercy,3284,58864.11,17.924515834348355,1.4666747868453107,9.14677730410069,12.581948455657347
Manhattan,Garment District,Manhattan,Midtown Center,3278,53046.15,16.18247406955461,0.9545118974984746,9.222076469391906,18.337054139723367
Manhattan,Midtown East,Manhattan,Midtown East,3276,49490.17,15.1068894993895,0.6629761904761904,6.232183557183558,89.92433126656704
Manhattan,Union Sq,Manhattan,East Chelsea,3263,54429.67,16.680867300030645,1.0905638982531414,8.654341607927265,16.11844994170259
Manhattan,Midtown North,Manhattan,Times Sq/Theatre District,3262,51243.03,15.709083384426732,0.8354015941140405,8.234237686490905,27.228490121496243
Queens,LaGuardia Airport,Manhattan,Midtown Center,3255,239730.37,73.64988325652841,10.050943164362518,32.19559139784946,7.370756867212655
Manhattan,Midtown South,Manhattan,Murray Hill,3251,44993.33,13.83984312519225,0.6554075669024916,5.787501281656926,27.780490217961525
Manhattan,Midtown Center,Manhattan,East Chelsea,3236,70579.75,21.810800370828183,1.7711588380716936,14.351127935723115,12.937754653595244
Manhattan,Times Sq/Theatre District,Manhattan,Midtown East,3234,54602.07,16.883756957328387,0.9763512677798392,9.74896413110699,18.488917009642975
Manhattan,Midtown East,Manhattan,Sutton Place/Turtle Bay North,3227,46816.06,14.507610784009916,0.7721258134490239,6.385208139654994,21.978406007721404
Manhattan,West Village,Manhattan,East Chelsea,3225,52476.53,16.271792248062017,1.2084000000000001,7.680640826873384,15.001826314418523
Manhattan,Upper East Side South,Manhattan,Murray Hill,3195,63919.91,20.006231611893586,1.6162253521126762,12.339749608763693,12.825546922278217
Queens,JFK Airport,Manhattan,Clinton East,3181,297224.66,93.43749135491983,18.303718956303047,50.63901288902861,6.282662875329548
Manhattan,West Village,Manhattan,TriBeCa/Civic Center,3178,56091.71,17.650003146633104,1.3954688483322846,9.12995070274806,13.091594770645793
Manhattan,Central Park,Manhattan,Lincoln Square East,3177,53744.95,16.916887000314762,1.2984734025810514,8.084482215926975,15.980397458410803
Manhattan,Central Park,Manhattan,Upper East Side North,3162,52551.6,16.619734345351045,1.2822675521821632,7.941893316466372,18.81092991230718
Manhattan,Penn Station/Madison Sq West,Manhattan,West Chelsea/Hudson Yards,3161,50590.96,16.004732679531795,0.9890730781398291,8.44334598755668,17.404010188302706
Manhattan,East Village,Manhattan,Murray Hill,3158,57504.63,18.209192526915768,1.6177232425585815,9.383058898036733,11.641961161724266
Manhattan,Lenox Hill West,Manhattan,Yorkville East,3158,49700.3,15.737903736542115,1.0776915769474351,7.2787312645134055,15.999291596387183
Manhattan,Clinton East,Manhattan,Upper West Side South,3152,60444.48,19.176548223350256,1.7603109137055837,9.726855964467005,11.235126496426084
Manhattan,Times Sq/Theatre District,Manhattan,Times Sq/Theatre District,3145,55055.79,17.505815580286168,0.7073577106518283,7.320143084260731,205.8908355125809
Manhattan,Murray Hill,Manhattan,Midtown East,3138,49009.48,15.618062460165712,0.9009878903760358,7.619832164860846,24.00703500372121
Manhattan,Garment District,Manhattan,Times Sq/Theatre District,3133,49965.28,15.948062559846791,0.8141334184487711,8.758852005532503,32.17545920764727
Manhattan,Midtown Center,Manhattan,Lenox Hill East,3113,68426.98,21.98104079665917,1.8011435913909413,14.53648142199379,12.576982583070224
Manhattan,Times Sq/Theatre District,Manhattan,Clinton East,3108,46972.28,15.113346203346204,0.773970398970399,7.282137494637495,32.756553283073
Manhattan,Yorkville West,Manhattan,Yorkville West,3095,40512.0,13.089499192245558,0.6604200323101777,4.249084544964997,51.55547055471469
Manhattan,Lincoln Square East,Manhattan,Lenox Hill West,3085,61581.16,19.961478119935173,1.7212090761750407,11.463689897352781,11.917031629513797
Manhattan,Midtown East,Manhattan,Union Sq,3071,59350.36,19.326069684141974,1.5890719635297947,11.2016498426137,12.503715319238404
Manhattan,Yorkville West,Manhattan,East Harlem South,3062,43601.38,14.239510124101894,1.011629653821032,5.934568909209667,15.988993727024816
Manhattan,Murray Hill,Manhattan,Penn Station/Madison Sq West,3059,53744.03,17.56915004903563,0.993507682249101,10.193674403399804,18.43720231823935
Manhattan,Upper West Side North,Manhattan,Manhattan Valley,3040,39894.31,13.123128289473684,0.768016447368421,4.96046600877193,18.87480430300168
Manhattan,West Village,Manhattan,Union Sq,3018,48533.9,16.08147779986746,1.0674420145791914,7.967644135188866,16.462449063298745
Manhattan,Midtown South,Manhattan,Union Sq,3008,41767.39,13.88543550531915,0.783720079787234,5.288990469858156,23.586863135925793
Manhattan,Upper West Side South,Manhattan,Midtown North,3007,56912.73,18.926747588959095,1.5989158629863651,10.902726970402394,12.109598997132181
Manhattan,Midtown North,Manhattan,Midtown East,3003,48369.37,16.107016317016317,0.9166866466866467,8.440187590187591,20.62304912623949
Queens,JFK Airport,Manhattan,Midtown South,3000,286969.19,95.65639666666667,17.276193333333335,41.78402222222222,5.5490472280460565
Manhattan,Manhattan Valley,Manhattan,Upper West Side South,2984,47327.86,15.860542895442359,1.192436327077748,7.282612823949955,13.78510372988999
Manhattan,Sutton Place/Turtle Bay North,Manhattan,Upper East Side North,2978,63904.02,21.45870382807253,1.9286165211551376,13.748209088873963,11.4076487845605
Manhattan,Union Sq,Manhattan,Penn Station/Madison Sq West,2975,45974.3,15.453546218487396,0.8229781512605042,7.313910364145658,23.69120641712554
Manhattan,Upper West Side North,Manhattan,Lincoln Square West,2971,51016.840000000004,17.17160552002693,1.368273308650286,8.764338606529787,13.218043178231069
Manhattan,Lenox Hill East,Manhattan,Lenox Hill East,2966,41159.81,13.8772117329737,0.6768240053944706,5.588036637446617,56.88504644561002
Manhattan,Murray Hill,Manhattan,Sutton Place/Turtle Bay North,2955,48775.38,16.506050761421317,1.1479458544839254,8.219199097574732,15.048715884506118
Manhattan,Times Sq/Theatre District,Manhattan,Upper East Side North,2953,73258.56,24.808181510328478,2.49655943108703,15.737351845580767,10.165851224303001
Manhattan,Upper East Side North,Manhattan,Central Park,2950,47891.44,16.234386440677966,1.1400745762711864,7.8427118644067795,20.913740982660617
Manhattan,Murray Hill,Manhattan,Murray Hill,2938,43625.4,14.848672566371683,0.62428182437032,5.258917631041525,88.61797174011677
Manhattan,Midtown South,Manhattan,Times Sq/Theatre District,2935,53101.9,18.092640545144803,1.0724463373083475,10.96572402044293,20.860087207483087
Manhattan,Union Sq,Manhattan,West Village,2924,47669.17,16.302725718194253,1.1050341997264022,7.937391700866393,15.606179969364566
Manhattan,Upper West Side South,Manhattan,Clinton East,2916,56434.6,19.353429355281207,1.699303840877915,10.77217649748514,11.725561201842165
Manhattan,Central Park,Manhattan,Upper West Side South,2892,48340.47,16.71523858921162,1.2986203319502074,7.818804748732135,14.268546896981544
Manhattan,Gramercy,Manhattan,East Village,2883,43058.36,14.935261879986125,0.9267672563302115,6.359399930627819,18.434308229067007
Manhattan,Manhattan Valley,Manhattan,Upper West Side North,2879,37261.55,12.942532129211532,0.7244737756165336,5.044500405233299,23.002118256942705
Manhattan,East Chelsea,Manhattan,Union Sq,2877,49648.16,17.25692040319778,1.1743517553006604,9.339080060247943,15.549941526722028
Manhattan,Lincoln Square West,Manhattan,Upper West Side North,2866,46663.840000000004,16.281870202372644,1.3254256803907887,7.369103279832519,12.879092868344161
Manhattan,Times Sq/Theatre District,Manhattan,Midtown South,2866,50063.62,17.468115840893233,1.1630669923237962,10.18342056292161,15.967812599966352
Manhattan,Times Sq/Theatre District,Manhattan,Upper East Side South,2859,56640.85,19.811420076949982,1.5058237145855193,11.780680890754343,14.079496559444172
Manhattan,Midtown East,Manhattan,Midtown North,2858,50182.4,17.558572428271518,0.9928341497550734,10.3984662934453,24.18320337407752
Manhattan,Midtown Center,Manhattan,Garment District,2850,48962.31,17.17975789473684,1.001340350877193,10.093409356725147,18.082453055443473
Manhattan,Midtown Center,Manhattan,Yorkville West,2847,67878.39,23.842075869336142,2.3040217773094485,14.941628614916286,10.511383235896938
Manhattan,Clinton East,Manhattan,Times Sq/Theatre District,2842,41769.21,14.697118226600985,0.7077656579873328,7.373481116584565,29.094509048221514
Manhattan,Upper East Side North,Manhattan,Sutton Place/Turtle Bay North,2842,63650.39,22.396337086558763,2.025756509500352,14.241396903589022,11.422237526582746
Manhattan,Midtown Center,Manhattan,West Chelsea/Hudson Yards,2821,64011.94,22.69122297057781,1.8817653314427507,15.314143920595532,12.438937815736669
Manhattan,Upper East Side South,Manhattan,Central Park,2795,46857.89,16.764898032200357,1.1830840787119856,8.49974358974359,18.188728825484144
Manhattan,Lincoln Square East,Manhattan,Midtown East,2786,55066.84,19.765556353194544,1.6158901651112707,12.238304618329742,12.738837466985864
Manhattan,Yorkville West,Manhattan,Yorkville East,2785,36832.78,13.225414721723519,0.6694506283662478,4.807684021543985,25.11354066402997
Manhattan,Midtown Center,Manhattan,Gramercy,2783,57633.93,20.709281351060007,1.7323787279913763,12.304611330698286,12.267413017494617
Manhattan,Flatiron,Manhattan,East Chelsea,2783,39566.08,14.217060725835431,0.7926625943226734,5.889759252605103,21.693101574192685
Manhattan,Clinton East,Manhattan,Lincoln Square West,2773,45078.28,16.256141363144607,1.2105517490082942,7.4967243659093645,14.396100716728183
Manhattan,Times Sq/Theatre District,Manhattan,Garment District,2769,41367.2,14.939400505597687,0.7835500180570604,7.343722162032021,23.82477805556074
Manhattan,West Village,Manhattan,Flatiron,2748,39975.36,14.54707423580786,0.9037117903930131,5.953481319747695,18.653587294829883
Manhattan,Midtown East,Manhattan,Midtown South,2746,47840.88,17.42202476329206,1.1202403495994173,9.785791454236465,16.424770762027535
Manhattan,Union Sq,Manhattan,East Village,2746,48420.58,17.63313182811362,1.2743809176984704,9.558879582422918,14.740746039464494
Manhattan,Times Sq/Theatre District,Queens,JFK Airport,2740,252393.49,92.11441240875912,17.583379562043795,51.81658759124088,5.263753447955928
Manhattan,Lenox Hill West,Manhattan,Midtown Center,2738,53442.07,19.518652300949597,1.5020087655222791,12.415619673727782,13.67918302520279
Manhattan,East Chelsea,Manhattan,West Village,2725,45202.11,16.587930275229358,1.1850972477064219,8.290605504587157,15.311561974685759
Manhattan,Upper West Side North,Manhattan,Morningside Heights,2707,41980.97,15.508300701884005,1.3386368673808644,7.159469277182613,12.004209250080232
Manhattan,Midtown North,Manhattan,Lenox Hill West,2706,48733.6,18.009460458240945,1.2842165558019216,9.945590046809558,15.114525787655875
Manhattan,Midtown East,Manhattan,Kips Bay,2700,43612.76,16.152874074074074,1.188711111111111,8.072759259259259,14.320738327252641
Manhattan,Upper West Side South,Manhattan,Midtown Center,2681,61569.82,22.965244311823945,2.2505035434539353,14.943211488250652,10.408186635920202
Manhattan,Midtown Center,Queens,LaGuardia Airport,2676,193132.89,72.17223094170404,24.946834828101647,30.465657698056802,6.913316518227821
Manhattan,Midtown East,Manhattan,Yorkville West,2675,57034.08,21.32115140186916,1.9638168224299066,12.240542056074766,11.172404502126035
Manhattan,West Chelsea/Hudson Yards,Manhattan,East Chelsea,2675,39842.97,14.894568224299066,0.8907252336448598,6.4124236760124615,21.677208234574355
Manhattan,Upper West Side South,Manhattan,Times Sq/Theatre District,2675,55381.23,20.70326355140187,1.8562317757009346,12.798809968847351,11.329686143850859
Manhattan,East Chelsea,Manhattan,Midtown Center,2665,61870.29,23.215868667917448,1.7322589118198874,16.754934333958726,14.137844827623638
Manhattan,East Chelsea,Manhattan,Murray Hill,2658,55586.39,20.91286305492852,1.5022310007524453,13.894068221720593,14.687129817229124
Manhattan,Times Sq/Theatre District,Manhattan,Murray Hill,2654,48584.78,18.306247174076866,1.2476676714393369,10.921363978899773,15.63144934942502
Manhattan,Penn Station/Madison Sq West,Manhattan,Kips Bay,2637,48227.35,18.288718240424725,1.2282062950322337,11.439204904563267,15.453489157934452
Manhattan,Penn Station/Madison Sq West,Manhattan,East Village,2630,62524.44,23.77355133079848,2.2426463878326994,15.884226869455008,10.792978757805082
Manhattan,Sutton Place/Turtle Bay North,Manhattan,Midtown East,2626,38199.69,14.546721249047982,0.7311805026656512,6.946553693830922,25.848598895170394
Manhattan,Upper West Side North,Manhattan,Upper East Side South,2619,57519.8,21.962504772814054,2.1108820160366553,13.462504772814052,10.602935812413708
Manhattan,Flatiron,Manhattan,West Village,2613,36743.25,14.061710677382319,0.8118484500574054,5.533448143895905,20.861720156778862
Manhattan,Union Sq,Manhattan,Greenwich Village North,2607,37045.12,14.209865746068278,0.7961910241657078,5.661264544175936,20.212597741545636
Manhattan,Clinton East,Manhattan,Midtown North,2603,40030.58,15.378632347291587,0.9646984248943528,7.657280061467538,18.314941975974346
Manhattan,East Village,Manhattan,West Village,2598,46070.95,17.73323710546574,1.2450885296381833,9.89483577110598,14.778977175761064
Manhattan,Sutton Place/Turtle Bay North,Manhattan,Midtown Center,2593,42737.22,16.481766293868105,0.8943000385653683,9.785338732484895,19.947548245553914
Manhattan,East Village,Manhattan,Lower East Side,2583,40694.33,15.754676732481611,0.8942044134727062,7.571441476319525,21.36408233379404
Queens,LaGuardia Airport,Manhattan,Midtown East,2566,177325.31,69.1057326578332,9.561523772408417,27.097843595739153,7.271358570788913
Manhattan,Lincoln Square West,Manhattan,Lincoln Square East,2554,33881.7,13.266131558339858,0.6695379796397808,5.165185330200992,22.56572864202582
Manhattan,Murray Hill,Manhattan,Upper East Side North,2522,65374.58,25.921720856463125,2.5643616177636797,17.45302008987576,10.257350449600713
Manhattan,Midtown East,Manhattan,Lincoln Square East,2518,55427.99,22.0127045274027,1.7407267672756155,14.143506751389992,13.130907441180222
Manhattan,Yorkville East,Manhattan,Yorkville West,2513,32440.64,12.909128531635496,0.6714007162753681,4.639361984348057,22.82745720769173
Manhattan,East Village,Manhattan,Kips Bay,2513,39517.47,15.725216872264227,1.2395025865499403,6.94147101737631,13.302555445536163
Manhattan,Murray Hill,Manhattan,Times Sq/Theatre District,2508,47775.02,19.049051036682613,1.0871012759170653,11.831034024455077,18.954061095207948
Manhattan,Murray Hill,Manhattan,Lenox Hill West,2489,51837.9,20.826797910807553,1.8350903977501005,12.247810365608679,11.697894901123377
Manhattan,Yorkville East,Manhattan,Lenox Hill West,2481,38604.3,15.559975816203146,1.0638734381297863,7.283897621926642,15.773761747463015
Manhattan,Midtown East,Manhattan,East Chelsea,2472,55676.36,22.52279935275081,1.8869902912621361,15.26191343042071,12.371962532486807
Manhattan,Midtown North,Manhattan,Penn Station/Madison Sq West,2466,48251.05,19.56652473641525,1.4669789132197892,12.146958637469586,13.639058228150729
Manhattan,Greenwich Village South,Manhattan,East Village,2459,38554.04,15.678747458316389,0.9460675071167142,7.506899823776603,18.136967091309142
Manhattan,Gramercy,Manhattan,Midtown East,2453,44250.09,18.039172441907866,1.5216918059518956,9.602221769262128,12.287346633051955
Manhattan,Lincoln Square East,Manhattan,East Chelsea,2447,49279.04,20.13855333060891,1.9390723334695545,11.449352949189484,10.65138102887028
Manhattan,Yorkville West,Manhattan,Sutton Place/Turtle Bay North,2437,46359.35,19.02312269183422,1.7571768567911366,10.075981397893585,11.243993522145717
Manhattan,Midtown North,Manhattan,Clinton East,2430,40701.32,16.74951440329218,1.0345637860082304,9.036262002743484,18.72908898558731
Queens,JFK Airport,Manhattan,Midtown Center,2427,232558.88999999998,95.82154511742891,17.733263288009887,46.12901387172092,7.043314725221487
Manhattan,Penn Station/Madison Sq West,Manhattan,East Chelsea,2426,36365.14,14.989752679307502,0.8937757625721353,6.966048364935422,25.245500936244497
Manhattan,Gramercy,Manhattan,Kips Bay,2425,31794.25,13.111030927835051,0.7343546391752577,4.9839037800687285,20.636808246015207
Manhattan,Midtown North,Manhattan,Lincoln Square West,2419,42156.26,17.427143447705664,1.2173584125671766,9.087115888108034,14.947822519826222
Manhattan,Penn Station/Madison Sq West,Manhattan,Midtown South,2416,37287.590000000004,15.433605132450333,0.7355877483443709,8.268467163355409,26.421989054703936
Manhattan,Midtown East,Manhattan,Clinton East,2414,47883.5,19.835749792874896,1.2778086164043083,12.8704708644021,16.24981230036787
Queens,LaGuardia Airport,Manhattan,Midtown South,2394,165808.69,69.26010442773601,9.425183792815371,27.534224450013923,7.407296675940153
Manhattan,Upper East Side South,Manhattan,East Harlem South,2387,45612.22,19.108596564725598,1.7474528697109342,10.56932690964949,11.316755447658347
Queens,JFK Airport,Manhattan,Midtown North,2387,224786.93,94.17131545873481,18.359124423963134,50.23696411115766,5.1586577260237
Manhattan,Sutton Place/Turtle Bay North,Manhattan,Murray Hill,2380,39101.92,16.429378151260504,1.1307899159663866,8.680595238095238,15.189293793537459
Manhattan,West Village,Manhattan,West Village,2374,33071.43,13.930678180286437,0.5864153327716933,4.7070134793597305,88.08819295971989
Manhattan,Midtown Center,Manhattan,UN/Turtle Bay South,2372,39466.35,16.638427487352445,0.9834569983136594,9.009569983136593,18.38917344740185
Manhattan,Midtown North,Manhattan,Murray Hill,2367,45637.51,19.280739332488384,1.425297845373891,11.68173496690607,14.109846642766678
Queens,JFK Airport,Manhattan,Murray Hill,2367,225363.53,95.21061681453317,16.95000844951415,37.998310097169416,5.823537426425263
Manhattan,Flatiron,Manhattan,West Chelsea/Hudson Yards,2361,37144.37,15.732473528166032,1.0868953833121557,7.436149936467598,15.493218039884676
Manhattan,Lenox Hill West,Manhattan,Lincoln Square East,2356,47093.92,19.98893039049236,1.652839558573854,11.870005659309564,12.392134580220839
Manhattan,Union Sq,Manhattan,Midtown South,2356,35796.35,15.193696943972835,0.860581494057725,7.179477928692699,20.677930584089356
Manhattan,Lenox Hill East,Manhattan,Midtown Center,2347,52391.49,22.322748189177673,1.9005538985939499,15.081458599630734,12.123192073702857
Manhattan,Lincoln Square East,Manhattan,Manhattan Valley,2343,47541.42,20.290832266325225,2.071207853179684,10.346208564518424,9.928254740788757
Manhattan,Union Sq,Manhattan,West Chelsea/Hudson Yards,2342,43911.78,18.749692570452606,1.4589026473099915,10.664709649871904,13.424997565816595
Manhattan,Clinton East,Manhattan,Upper West Side North,2330,52834.79,22.67587553648069,2.4481459227467814,12.109520743919886,9.507830710154938
Manhattan,Lower East Side,Manhattan,East Village,2322,34566.57,14.886550387596898,0.8549913867355727,6.354873672121734,20.38641625259985
Manhattan,Union Sq,Manhattan,Times Sq/Theatre District,2313,48636.75,21.027561608300907,1.5973065283182015,13.909814094249892,13.564530265282944
Manhattan,Penn Station/Madison Sq West,Manhattan,West Village,2297,39156.27,17.046700043535044,1.339947757945146,8.462240603685967,13.287809462047612
Manhattan,Murray Hill,Manhattan,East Chelsea,2286,45197.5,19.771434820647418,1.4991119860017497,12.372134733158356,13.932661134422546
Manhattan,Murray Hill,Manhattan,East Village,2279,43915.13,19.269473453268976,1.7417200526546732,10.534262103261664,11.44446443218012
Queens,JFK Airport,Manhattan,East Chelsea,2277,217856.86,95.67714536671058,18.10747913921827,47.01335090030742,6.109822481295412
Manhattan,Sutton Place/Turtle Bay North,Manhattan,Yorkville West,2276,43095.17,18.934608963093144,1.7324516695957821,10.093760984182778,11.197049009009307
Manhattan,Upper East Side South,Manhattan,Times Sq/Theatre District,2264,45963.54,20.301916961130743,1.491143992932862,13.09606890459364,14.310475362625219
Manhattan,Penn Station/Madison Sq West,Manhattan,Upper East Side South,2252,60434.71,26.836016873889875,2.45734458259325,19.794619597394906,11.087630328702032
Queens,LaGuardia Airport,Manhattan,Midtown North,2251,170263.44,75.63902265659706,10.410262105730787,34.6622464090034,7.307945450964527
Manhattan,West Village,Manhattan,Gramercy,2244,42351.07,18.873025846702316,1.4509491978609625,11.017260843731432,13.48561102158278
Manhattan,Upper East Side South,Manhattan,Lincoln Square West,2229,45443.91,20.387577388963663,1.668838043965904,12.124928966651712,12.447384735285569
Manhattan,Penn Station/Madison Sq West,Manhattan,UN/Turtle Bay South,2222,46551.2,20.95013501350135,1.5174482448244824,14.321662166216623,14.078969243420278
Manhattan,Gramercy,Manhattan,Union Sq,2209,31115.46,14.085767315527388,0.7162290629244003,6.219186660630752,29.84360124588376
Manhattan,East Chelsea,Manhattan,Flatiron,2191,32496.4,14.831766316750343,0.9185212231857599,6.484656929864598,18.776663928015264
Manhattan,Lincoln Square East,Manhattan,Lenox Hill East,2190,49136.52,22.43676712328767,2.0033835616438354,14.818089802130897,11.404611675480435
Manhattan,Times Sq/Theatre District,Manhattan,Upper West Side North,2188,54026.27,24.69207952468007,2.6155758683729435,14.544881170018282,9.581832644827037
Queens,JFK Airport,Queens,LaGuardia Airport,2183,132011.29,60.47241868987632,11.584356390288594,23.93647121697969,5.659856984007311
Manhattan,Greenwich Village North,Manhattan,East Village,2182,32912.29,15.083542621448213,0.8200870760769936,7.1137946837763515,24.453080961680197
Manhattan,Times Sq/Theatre District,Manhattan,Lincoln Square West,2182,42420.73,19.44121448212649,1.5387488542621448,10.878628169874734,13.006207039045496
Manhattan,Murray Hill,Manhattan,Midtown South,2177,33054.47,15.183495636196602,0.72648598989435,6.877668044709845,27.42433048999658
Manhattan,Penn Station/Madison Sq West,Manhattan,Flatiron,2175,29399.26,13.516901149425287,0.7695862068965517,5.1339003831417624,21.486092192644133
Manhattan,Midtown Center,Manhattan,Upper West Side North,2151,57429.18,26.698828451882846,2.846899116689912,16.864342166434216,9.562574826999215
Manhattan,Midtown North,Manhattan,Upper West Side North,2148,49216.54,22.912728119180635,2.299622905027933,13.242248603351955,10.11322857996363
Manhattan,Midtown North,Manhattan,Sutton Place/Turtle Bay North,2147,35090.5,16.343968327899393,1.0681835118770378,8.62734047508151,18.562050307775113
Manhattan,Greenwich Village South,Manhattan,West Village,2141,32715.03,15.280256889304063,0.9114666043904718,6.988657947999378,19.094719741772902
Manhattan,Garment District,Manhattan,Midtown North,2138,37866.03,17.710958840037417,1.1817212347988775,10.664842531961336,15.708145535731436
Manhattan,Union Sq,Manhattan,Gramercy,2136,30971.94,14.49997191011236,0.7333661048689138,6.287687265917603,28.925680068624654
Manhattan,Clinton East,Manhattan,Penn Station/Madison Sq West,2135,35813.07,16.774271662763464,1.1782763466042154,9.186830601092897,15.290908229678209
Manhattan,West Village,Manhattan,Murray Hill,2127,48132.98,22.629515749882465,2.125496003761166,14.423436765397273,10.819294358688117
Manhattan,Midtown Center,Manhattan,Central Park,2115,42266.78,19.98429314420804,1.6637352245862884,12.168951930654059,13.679824618481462
Manhattan,Central Park,Manhattan,Upper West Side North,2110,36143.61,17.12967298578199,1.4370331753554502,8.038712480252766,13.282029958902278
Manhattan,Upper West Side South,Manhattan,Yorkville West,2110,42486.54,20.1358009478673,1.8165071090047393,11.278941548183253,11.375329497933754
Manhattan,East Chelsea,Manhattan,Midtown South,2107,38453.54,18.250374940673943,1.1744897959183673,10.965685809207404,16.955770209879216
Manhattan,Midtown North,Manhattan,Midtown South,2104,40136.72,19.07638783269962,1.4080180608365018,11.65805608365019,14.004691289522487
Manhattan,Upper West Side South,Manhattan,Morningside Heights,2104,41612.92,19.77800380228137,1.9968678707224334,9.930251901140684,10.13663934410321
Manhattan,Upper East Side North,Manhattan,East Harlem North,2102,39018.12,18.562378686964795,1.8844053282588011,9.45966539803362,10.154152929394257
Queens,LaGuardia Airport,Manhattan,Upper East Side North,2097,132222.34,63.053094897472576,8.505846447305673,22.041924972182482,7.429266214658269
Manhattan,Upper West Side South,Manhattan,Lenox Hill West,2091,44240.02,21.157350549976087,1.9489000478240077,12.683150007970669,11.005732560932467
Manhattan,Murray Hill,Manhattan,Midtown North,2087,42000.61,20.124873023478678,1.3819645424053666,12.968383644785177,15.165791436311283
Manhattan,Union Sq,Manhattan,Union Sq,2072,29352.59,14.166307915057915,0.598769305019305,4.698704954954955,100.80076799785277
Manhattan,Penn Station/Madison Sq West,Manhattan,Upper East Side North,2071,65579.51,31.665625301786573,3.45963785610816,23.03985997102849,9.242985013369573
Manhattan,Garment District,Manhattan,Murray Hill,2064,32804.89,15.893842054263565,0.8849806201550388,8.57891634366925,19.448909671681864
Manhattan,West Village,Manhattan,West Chelsea/Hudson Yards,2059,38492.21,18.694613890237978,1.67534725594949,9.74356483729966,11.835413039474071
Manhattan,Midtown Center,Manhattan,Yorkville East,2058,52956.729999999996,25.73213313896987,2.530218658892128,16.84269517330742,10.280166260997575
Queens,LaGuardia Airport,Manhattan,Murray Hill,2055,135713.85,66.04080291970803,8.98065693430657,24.21829683698297,7.404073237669372
Queens,JFK Airport,Manhattan,Midtown East,2052,195435.8,95.24161793372319,18.135121832358674,41.18170890188434,5.7069231981604895
Manhattan,Midtown Center,Manhattan,Greenwich Village North,2050,47081.909999999996,22.966785365853656,2.1215658536585367,14.41869918699187,10.949837679920746
Manhattan,Garment District,Manhattan,West Chelsea/Hudson Yards,2049,33296.16,16.2499560761347,1.0272327964860908,8.706572311696762,17.68174311829318
Manhattan,Lincoln Square East,Manhattan,Yorkville West,2047,47831.63,23.36669760625305,2.439086468001954,14.020224719101124,9.710147669353008
Manhattan,Midtown East,Manhattan,West Chelsea/Hudson Yards,2044,48185.71,23.574222113502934,1.978317025440313,16.410771363339858,12.279483561163007
Manhattan,Times Sq/Theatre District,Manhattan,Union Sq,2043,42571.79,20.837880567792464,1.71491434165443,13.19652471855115,12.531686265813399
Manhattan,Sutton Place/Turtle Bay North,Manhattan,UN/Turtle Bay South,2041,27809.38,13.625369916707497,0.774904458598726,5.388445206598074,20.422129417122505
Manhattan,Times Sq/Theatre District,Manhattan,Sutton Place/Turtle Bay North,2040,37662.06,18.461794117647056,1.2455441176470587,10.852295751633987,15.577806244808789
Manhattan,Gramercy,Manhattan,Penn Station/Madison Sq West,2037,36902.98,18.116337751595484,1.2322778595974473,10.672451317296678,15.387098113450795
Manhattan,Midtown North,Manhattan,West Chelsea/Hudson Yards,2036,46048.34,22.61706286836935,2.06799115913556,14.249795350360182,11.20106001214585
Manhattan,Central Park,Manhattan,Midtown North,2035,36414.2,17.893955773955774,1.355882063882064,10.15115479115479,17.69138056830543
Manhattan,East Village,Manhattan,Union Sq,2032,34617.0,17.035925196850393,1.2470423228346457,9.019873687664044,15.07546437860697
Manhattan,Central Park,Manhattan,Times Sq/Theatre District,2029,42818.73,21.1033661902415,1.788398225726959,13.762986692952193,13.19974599682513
Manhattan,Clinton East,Manhattan,Clinton West,2024,28688.48,14.174150197628459,0.7932855731225296,5.796146245059289,28.506005816997277
Manhattan,Upper East Side North,Manhattan,Times Sq/Theatre District,2023,51887.87,25.64897182402373,2.541428571428572,17.88727137913989,10.26433466994561
Manhattan,West Chelsea/Hudson Yards,Manhattan,West Chelsea/Hudson Yards,2018,30244.1,14.987165510406342,0.8291625371655104,5.675966303270565,65.16536639134941
Manhattan,Gramercy,Manhattan,UN/Turtle Bay South,2013,32981.090000000004,16.384048683556884,1.2718082463984104,7.762394436164929,13.347094708889133
Manhattan,Central Park,Manhattan,Central Park,2013,32722.68,16.255678092399403,1.1659413810233483,7.275293922834906,50.404719403952214
Manhattan,Midtown Center,Manhattan,Lincoln Square West,2012,44777.51,22.25522365805169,1.848026838966203,14.126822398939696,12.368345460305106
Manhattan,Midtown South,Manhattan,East Chelsea,2007,34676.94,17.27799701046338,1.147538614848032,9.539544926092011,16.48239248023236
Manhattan,Penn Station/Madison Sq West,Manhattan,TriBeCa/Civic Center,2001,50654.45,25.314567716141926,2.8307896051974013,16.342287189738464,9.03335264424863
Manhattan,Lenox Hill West,Manhattan,UN/Turtle Bay South,1993,35019.91,17.571455092824888,1.4492624184646263,9.153813346713497,12.901781355298297
Manhattan,Midtown South,Manhattan,Midtown East,1983,33829.8,17.059909228441757,1.1286031265758951,9.373852748361069,16.321593752639306
Manhattan,TriBeCa/Civic Center,Manhattan,TriBeCa/Civic Center,1976,29207.25,14.780996963562753,0.6812651821862349,5.34761302294197,82.21080793708384
Queens,JFK Airport,Queens,Baisley Park,1974,49411.34,25.03107396149949,3.786742654508612,10.365687267814927,7.526875570247794
Manhattan,Lincoln Square East,Manhattan,Sutton Place/Turtle Bay North,1973,41365.659999999996,20.965869234668016,1.795549923973644,12.891966548403445,12.009273445543617
Manhattan,Kips Bay,Manhattan,East Village,1958,30668.8,15.663329928498467,1.2695250255362616,6.9228379298604015,13.026538447959064
Manhattan,East Chelsea,Manhattan,Clinton West,1954,36123.29,18.486842374616174,1.4114636642784033,10.634459228932105,14.216396904110452
Manhattan,Yorkville West,Manhattan,Upper West Side South,1948,37952.63,19.482869609856262,1.7804312114989733,10.702618069815195,11.156640725988362
Manhattan,Midtown North,Manhattan,East Chelsea,1943,42933.07,22.0962789500772,1.9585280494081319,14.403293875450334,11.66478647168305
Manhattan,Midtown Center,Manhattan,West Village,1941,49704.44,25.60764554353426,2.530901597114889,17.240374377468658,10.214902880953115
Manhattan,Greenwich Village North,Manhattan,West Village,1939,28184.56,14.535616297060342,0.8073749355337803,6.553395220904246,20.461535399037388
Manhattan,East Chelsea,Manhattan,Midtown North,1938,44728.73,23.07984004127967,1.904484004127967,15.865230478156175,12.79012149462889
Manhattan,Midtown East,Manhattan,UN/Turtle Bay South,1935,29246.43,15.114434108527131,0.8337984496124031,6.845064599483204,21.899419942658227
Manhattan,Midtown East,Manhattan,Garment District,1934,35009.27,18.10200103412616,1.1486297828335057,11.323224750086176,17.4410451649404
Manhattan,West Village,Manhattan,Penn Station/Madison Sq West,1930,32335.91,16.75435751295337,1.2724870466321243,8.086278065630397,13.701970264697222
Queens,LaGuardia Airport,Manhattan,Clinton East,1929,146493.71,75.9428252980819,10.569694142042508,34.367426991532746,7.261880346684614
Manhattan,East Village,Manhattan,Greenwich Village South,1920,28852.82,15.027510416666667,0.8684895833333334,6.985876736111111,18.814500498237937
Manhattan,Greenwich Village North,Manhattan,Union Sq,1920,28928.09,15.066713541666667,0.8785364583333333,7.117335069444445,18.910881910105548
Manhattan,Upper East Side North,Manhattan,Murray Hill,1919,50034.85,26.073397602918185,2.6412506513809277,18.17741879451103,10.099752237249843
Manhattan,Kips Bay,Manhattan,Murray Hill,1918,26367.59,13.747440041710115,0.7062148070907195,5.689389989572471,23.435676592849976
Manhattan,Gramercy,Manhattan,Midtown Center,1918,39735.59,20.717200208550572,1.7428779979144944,13.145490093847759,12.335794957192434
Manhattan,Lincoln Square East,Manhattan,Central Park,1916,32530.23,16.978199373695197,1.3887630480167015,8.167553931802367,19.438153212826826
Queens,JFK Airport,Queens,South Ozone Park,1916,52200.25,27.24438935281837,4.524055323590814,12.326296102992346,6.324342064712784
Manhattan,Upper East Side South,Manhattan,Union Sq,1915,47827.19,24.97503394255875,2.4462558746736294,16.908424717145344,10.378025608586887
Manhattan,Midtown South,Manhattan,Gramercy,1901,29737.58,15.64312467122567,1.0086849026827984,7.254708048395582,16.75611080905928
Manhattan,Murray Hill,Manhattan,Kips Bay,1897,27778.58,14.643426462836057,0.8457301001581444,6.324846248462484,32.13779480734642
Manhattan,Upper East Side North,Manhattan,Lincoln Square West,1890,42913.51,22.705560846560846,2.293354497354497,14.056543209876542,10.033677611857279
Manhattan,Midtown East,Manhattan,Upper West Side South,1884,49241.15,26.136491507431,2.601380042462845,17.091710898796887,10.210995326581367
Manhattan,Penn Station/Madison Sq West,Manhattan,Lincoln Square East,1882,45462.72,24.156599362380447,2.0435175345377257,16.73971838469713,12.175239332205603
Manhattan,Murray Hill,Manhattan,UN/Turtle Bay South,1880,26821.66,14.266840425531916,0.7299468085106383,5.7439804964539,28.728866548904662
Manhattan,Times Sq/Theatre District,Manhattan,Clinton West,1879,30236.66,16.09188930282065,1.0175359233634913,8.578153273017563,16.871961289729317
Manhattan,Midtown South,Manhattan,Midtown North,1873,36892.57,19.69704751735184,1.4093486385477842,12.570635344367325,14.602143569758221
Manhattan,Midtown South,Manhattan,Upper East Side South,1872,42107.09,22.49310363247863,1.918076923076923,14.730608974358974,12.077607442216056
Manhattan,TriBeCa/Civic Center,Manhattan,West Village,1869,31561.11,16.886629213483147,1.3346174424826112,7.666443731050473,13.210718644167235
Manhattan,Flatiron,Manhattan,Union Sq,1864,25693.34,13.78398068669528,0.6723283261802575,5.60660765379113,33.00739833405607
Manhattan,Union Sq,Manhattan,Upper East Side South,1858,47926.3,25.79456404736276,2.4693379978471475,17.487872264083244,10.641812279513367
Manhattan,Clinton East,Manhattan,Midtown East,1858,33828.53,18.20695909580194,1.2519052744886976,11.128884104772157,15.135130335405927
Manhattan,Upper East Side South,Manhattan,Midtown South,1851,41047.43,22.175813074014048,1.8874446245272825,14.519439942373491,12.07143675152871
Manhattan,Murray Hill,Manhattan,Garment District,1842,30166.64,16.377111834961998,0.8442562432138979,8.991874773796598,20.981076414323425
Manhattan,Times Sq/Theatre District,Manhattan,Lenox Hill West,1840,40451.76,21.984652173913044,1.936641304347826,13.567708333333332,11.765074989956107
Manhattan,Gramercy,Manhattan,Gramercy,1838,25483.39,13.864738846572362,0.6188846572361262,4.6016775480594845,89.35743803165647
Queens,JFK Airport,Manhattan,Upper East Side North,1838,176919.55,96.256556039173,19.29506528835691,40.41027384838593,4.996496486862514
Manhattan,Upper West Side South,Manhattan,Lenox Hill East,1826,43781.89,23.97693866374589,2.2611500547645123,16.155704636728732,10.79368318513142
Manhattan,Penn Station/Madison Sq West,Manhattan,Greenwich Village North,1825,35117.62,19.242531506849318,1.5997315068493152,11.141022831050227,12.251117768109014
Queens,JFK Airport,Manhattan,Upper West Side South,1825,176635.55,96.78660273972602,20.846317808219176,47.7709497716895,4.659354075934997
Manhattan,Midtown South,Manhattan,West Chelsea/Hudson Yards,1824,34076.11,18.682077850877192,1.3371052631578948,11.389555921052631,14.603134940389644
Manhattan,Yorkville West,Manhattan,East Harlem North,1823,31293.86,17.166132748217226,1.8290729566648383,7.710879502651307,9.791156000788476
Manhattan,Times Sq/Theatre District,Manhattan,Central Park,1823,35851.79,19.666368623148657,1.7523861766319253,11.644834521850429,13.014755281596916
Manhattan,Midtown East,Manhattan,Yorkville East,1817,42311.9,23.286681342872868,2.239416620803522,14.392808658961659,10.615967413205746
Manhattan,Flatiron,Manhattan,Penn Station/Madison Sq West,1816,24536.98,13.511552863436123,0.6832929515418502,5.254304331864905,22.25901456058388
Manhattan,Penn Station/Madison Sq West,Manhattan,Clinton West,1811,37226.39,20.555709552733298,1.6239480949751517,13.471921590281614,13.185634200386916
Manhattan,West Chelsea/Hudson Yards,Manhattan,Midtown Center,1809,41623.31,23.009016030956328,1.7831564400221116,16.463690805233092,13.349961147006413
Manhattan,Upper West Side North,Manhattan,East Harlem South,1809,29428.21,16.267667219458264,1.4815035931453842,9.162880044223328,11.372686404228203
Manhattan,Midtown North,Manhattan,Garment District,1806,31753.43,17.58218715393134,1.1933388704318937,10.24608711701735,15.285682734929026
Manhattan,West Village,Manhattan,Greenwich Village North,1803,26267.420000000002,14.568729894620079,0.7727454242928452,6.505259752264744,21.304503631725762
Manhattan,Kips Bay,Manhattan,Midtown East,1802,28782.2,15.972364039955606,1.0805105438401776,7.512042175360711,15.747041541978756
Manhattan,Upper West Side South,Manhattan,Central Park,1797,29827.61,16.598558708959377,1.3028046744574289,7.970691893897237,15.240050369917032
Manhattan,Murray Hill,Manhattan,Clinton East,1795,36566.98,20.37157660167131,1.3666295264623955,13.393147632311978,15.885649020115961
Manhattan,West Chelsea/Hudson Yards,Manhattan,Penn Station/Madison Sq West,1786,28383.56,15.892250839865623,0.9248096304591266,8.187290033594625,18.364227623204467
Manhattan,Lenox Hill West,Manhattan,Upper West Side South,1783,38319.77,21.49173864273696,2.0025574873808187,12.969312020938492,10.894337761760289
Manhattan,East Chelsea,Manhattan,Penn Station/Madison Sq West,1781,27135.18,15.23592363840539,0.8903032004491859,7.180076735916153,30.864576017015445
Manhattan,Greenwich Village North,Manhattan,Gramercy,1780,27281.3,15.326573033707865,0.9299831460674157,7.391095505617978,17.76745958845715
Manhattan,Lenox Hill East,Manhattan,Lincoln Square East,1777,39925.76,22.46806978052898,1.9406696679797413,14.60645282311011,11.773534946983773
Manhattan,Lenox Hill East,Manhattan,Upper West Side South,1776,43253.87,24.354656531531532,2.3098592342342346,16.059328078078078,10.644713764506871
Manhattan,Lincoln Square West,Manhattan,Lincoln Square West,1774,24074.2,13.570574971815107,0.6861781285231116,4.6794907929349865,65.2161722159285
Manhattan,Gramercy,Manhattan,Sutton Place/Turtle Bay North,1772,34902.17,19.696484198645596,1.8734142212189617,10.474557938299474,10.874585740255231
Manhattan,Lenox Hill West,Manhattan,Murray Hill,1772,36698.49,20.71020880361174,1.9135835214446952,12.642644845748682,11.162713670572925
Manhattan,Union Sq,Manhattan,Flatiron,1755,25210.8,14.365128205128205,0.7605071225071225,5.74412155745489,38.739244221365794
Queens,LaGuardia Airport,Manhattan,Upper West Side South,1753,126962.82,72.42602395892756,10.098436965202511,29.484949610192054,7.255861951367718
Manhattan,Midtown Center,Manhattan,East Village,1751,45373.86,25.913112507138777,2.681821816105083,17.374938130592042,9.820637385096123
Manhattan,Penn Station/Madison Sq West,Manhattan,Lenox Hill West,1751,49493.15,28.265648201027986,2.8652312964020563,20.26956025128498,9.986919752952675
Manhattan,Greenwich Village South,Manhattan,Union Sq,1747,29534.34,16.90574699484831,1.2214825414997137,8.682512879221523,14.53675643382072
Queens,LaGuardia Airport,Manhattan,Lenox Hill West,1743,112721.41,64.67091795754446,9.067492828456684,23.012344616561485,7.1506636497903555
Manhattan,Midtown East,Manhattan,East Village,1743,40539.42,23.258416523235798,2.399225473321859,14.022996748900363,9.882724960142285
Manhattan,East Chelsea,Manhattan,Gramercy,1741,35001.89,20.104474439977025,1.5566053991958646,12.337746505839556,13.435883068229288
Manhattan,Union Sq,Manhattan,Greenwich Village South,1738,28475.09,16.383826237054084,1.1569390103567319,8.327272727272726,14.734342643897191
Manhattan,East Chelsea,Manhattan,Lincoln Square East,1735,39941.2,23.02086455331412,2.0924899135446684,14.7,11.42131629534132
Manhattan,UN/Turtle Bay South,Manhattan,Sutton Place/Turtle Bay North,1732,24244.26,13.99784064665127,0.8142725173210161,5.390069284064666,19.805284383537327
Manhattan,Union Sq,Manhattan,TriBeCa/Civic Center,1731,39826.96,23.008064702484113,2.253009820912767,14.558299634122859,10.416444522549808
Manhattan,Sutton Place/Turtle Bay North,Manhattan,Yorkville East,1728,33427.76,19.34476851851852,1.7314004629629631,10.544184027777776,11.501735457255384
Manhattan,Upper West Side North,Manhattan,Midtown North,1725,38391.02,22.25566376811594,2.1779246376811594,13.82047342995169,10.371821550900954
Manhattan,Midtown South,Manhattan,Clinton East,1718,33825.48,19.688870779976718,1.3618102444703144,12.39721575475359,15.562953334133626
Manhattan,Greenwich Village North,Manhattan,Murray Hill,1717,33909.16,19.749073966220152,1.6447990681421083,11.752446126965639,12.264942766151579
Manhattan,Midtown Center,Manhattan,Flatiron,1713,36293.52,21.187110332749562,1.7859252772913017,13.148705973924889,12.107500099398337
Manhattan,Murray Hill,Manhattan,Greenwich Village North,1708,32912.1,19.269379391100703,1.6134192037470725,10.700487900078064,12.27570514491056
Manhattan,Upper East Side North,Manhattan,Manhattan Valley,1707,33250.55,19.478939660222615,1.8051669595782074,10.49129076352275,11.112691152326851
Manhattan,Midtown North,Manhattan,Union Sq,1707,38446.96,22.523116578793204,1.9902694786174575,14.675795743018941,11.474325660744242
Manhattan,Flatiron,Manhattan,Murray Hill,1705,32281.47,18.933413489736072,1.45075073313783,11.137898338220918,13.501296080589102
Manhattan,Lincoln Square West,Manhattan,Clinton East,1696,27716.82,16.342464622641508,1.205872641509434,7.989003537735849,14.433444036194933
Manhattan,Midtown North,Manhattan,Lenox Hill East,1695,34635.37,20.43384660766962,1.5958997050147494,13.116243854473943,13.449798572004406
Manhattan,Sutton Place/Turtle Bay North,Manhattan,Kips Bay,1693,27981.63,16.527838157117543,1.359923213230951,7.960996259106124,12.631047925578793
Manhattan,Greenwich Village South,Manhattan,Gramercy,1689,28947.53,17.138857312018946,1.2984014209591475,8.656858101440694,13.700766799998387
Manhattan,Yorkville West,Manhattan,Upper West Side North,1688,32521.06,19.266030805687205,1.7445201421800949,10.653485387045812,11.268578182159994
Manhattan,East Chelsea,Manhattan,Meatpacking/West Village West,1687,27465.66,16.28077059869591,1.1886129223473623,7.47190278601067,17.16099569202213
Manhattan,Union Sq,Manhattan,Midtown East,1687,33170.82,19.66260818020154,1.6042560758743332,11.560768622801818,12.829099875436558
Queens,JFK Airport,Manhattan,East Village,1687,157726.06,93.49499703615886,18.2443390634262,41.65660936573799,5.14053736094771
Manhattan,Midtown Center,Queens,JFK Airport,1684,156443.87,92.90016033254156,17.275486935866983,50.25871931908155,5.411330482486166
Manhattan,Upper West Side South,Manhattan,East Chelsea,1684,42017.72,24.951140142517815,2.757137767220903,15.800930324623911,9.193116339399946
Manhattan,Midtown Center,Manhattan,TriBeCa/Civic Center,1681,56402.94,33.553206424747174,4.085794170136824,23.89722387467777,8.424183580707071
Manhattan,Penn Station/Madison Sq West,Manhattan,Sutton Place/Turtle Bay North,1679,41191.55,24.533382966051224,2.135699821322216,17.31938653960691,11.622644290081334
Manhattan,Midtown North,Manhattan,Midtown North,1662,26425.43,15.899777376654633,0.7613357400722022,6.376193341355797,136.75885955809107
Manhattan,Lenox Hill East,Manhattan,UN/Turtle Bay South,1662,31645.72,19.04074608904934,1.8035078219013236,9.653941034897715,12.218751100109044
Manhattan,Flatiron,Manhattan,Gramercy,1661,26527.55,15.970830824804334,0.9901384708007225,8.23298213927353,17.00004146770466
Manhattan,Yorkville East,Manhattan,Midtown East,1653,36001.27,21.779352692075012,2.2946884452510585,12.769751966122202,9.701156371846416
Manhattan,Yorkville East,Manhattan,East Harlem South,1653,26883.41,16.263405928614638,1.275958862673926,8.241540633192177,13.519373247471114
Manhattan,Yorkville West,Manhattan,Lincoln Square East,1649,36916.17,22.387004244996966,2.294263189812007,13.554800889427936,9.889015244756159
Manhattan,Midtown East,Queens,LaGuardia Airport,1646,111494.16,67.7364277035237,10.144441069258809,26.440421223167274,6.721427640501666
Manhattan,Little Italy/NoLiTa,Manhattan,East Village,1645,25828.71,15.701343465045593,0.9883890577507599,7.433728470111449,17.17003866657181
Manhattan,Upper West Side South,Manhattan,Midtown East,1643,40436.49,24.611375532562384,2.466780279975654,16.6301481030635,10.111076544995543
Manhattan,Penn Station/Madison Sq West,Manhattan,Garment District,1641,25093.6,15.291651432053625,0.6585862279098111,8.175746496039,31.514385031830443
Manhattan,Clinton East,Manhattan,Upper East Side South,1641,33602.17,20.4766422912858,1.8455088360755636,12.446871826122283,11.562190072467764
Manhattan,Yorkville East,Manhattan,Sutton Place/Turtle Bay North,1636,30592.77,18.69973716381418,1.84471271393643,9.2869804400978,10.414160106578846
Queens,LaGuardia Airport,Manhattan,East Chelsea,1634,120986.46,74.0431211750306,10.16892900856793,31.928141574867404,7.342751889036676
Manhattan,West Village,Manhattan,Greenwich Village South,1631,25184.4,15.441079092581239,0.8302452483139179,7.69588187206213,21.699306197667738
Manhattan,Lincoln Square West,Manhattan,Upper East Side North,1630,35929.84,22.04284662576687,2.244730061349693,13.2980163599182,10.160306606197027
Manhattan,Gramercy,Manhattan,Midtown South,1627,26089.78,16.035513214505222,1.0191948371235402,8.206064331079697,17.217297684762865
Manhattan,Lincoln Square East,Manhattan,Clinton West,1627,25454.13,15.64482483097726,1.0904118008604793,7.2698729768490065,15.351776062972549
Manhattan,East Village,Manhattan,UN/Turtle Bay South,1627,30895.46,18.989219422249537,1.8952919483712354,9.67083589428396,10.248369384948937
Manhattan,Penn Station/Madison Sq West,Manhattan,Upper West Side South,1627,46218.7,28.407314074984633,2.987332513829134,19.45257119442737,9.664723815620292
Manhattan,Gramercy,Manhattan,East Chelsea,1627,31404.77,19.30225568531039,1.4739643515673018,11.660489653759475,13.644321915051993
Manhattan,East Chelsea,Manhattan,Midtown East,1626,40504.94,24.91078720787208,2.028179581795818,18.279858548585484,12.872746662802056
Manhattan,Garment District,Manhattan,Clinton East,1625,27565.2,16.9632,0.9096246153846155,9.204410256410256,38.9030779074768
Manhattan,Clinton East,Manhattan,Murray Hill,1624,31884.94,19.633583743842365,1.4519150246305417,12.750769704433498,15.987028677316864
Manhattan,Midtown South,Manhattan,Upper East Side North,1624,44008.01,27.098528325123155,2.8710406403940887,18.354977422003284,9.573652909313257
Manhattan,Lincoln Square East,Manhattan,Murray Hill,1622,38705.75,23.86297780517879,2.2902342786683105,16.159062885326758,10.791126476743843
Manhattan,East Harlem South,Manhattan,Upper East Side North,1621,23642.83,14.585336212214683,0.9256631708821715,6.208688052642401,21.13798256753297
Manhattan,Sutton Place/Turtle Bay North,Manhattan,Midtown North,1614,27404.7,16.979368029739778,0.9520322180916976,10.109293680297398,18.9436650739148
Manhattan,Lincoln Square West,Manhattan,Midtown North,1614,26144.75,16.198729863692687,1.1592069392812887,8.46496282527881,14.48518423534435
Queens,JFK Airport,Manhattan,Lincoln Square East,1614,152273.56,94.34545229244114,19.78620817843866,49.657992565055764,4.796119556761347
Manhattan,UN/Turtle Bay South,Manhattan,Midtown Center,1610,27079.42,16.81951552795031,0.9510931677018634,9.864534161490683,19.45022880354085
Manhattan,Murray Hill,Manhattan,Lenox Hill East,1607,36033.21,22.422657125077784,2.09874922215308,14.385366106616884,10.89855450026631
Manhattan,Union Sq,Manhattan,Kips Bay,1601,25352.87,15.835646470955652,0.9737788881948782,8.106901936289818,17.57213853609646
Queens,LaGuardia Airport,Manhattan,Yorkville West,1599,96382.51,60.27674171357098,8.179299562226392,19.170512820512823,7.385236041050326
Manhattan,West Village,Manhattan,Little Italy/NoLiTa,1599,28906.81,18.0780550343965,1.273552220137586,10.305743172816344,15.969429559590878
Manhattan,Flatiron,Manhattan,Clinton East,1593,32381.53,20.327388575015693,1.6377526679221595,12.412575852688848,13.044552193753116
Manhattan,Midtown North,Manhattan,Yorkville West,1593,35909.89,22.542303829252983,2.1302950408035155,13.51821510776313,10.80594875091912
Manhattan,West Chelsea/Hudson Yards,Manhattan,Midtown South,1588,30743.97,19.360182619647357,1.2785705289672544,12.301196473551636,15.837331747179777
Manhattan,Garment District,Manhattan,Midtown East,1587,28457.32,17.93151858853182,1.22406427221172,10.946975425330812,15.688258920769606
Manhattan,East Chelsea,Manhattan,TriBeCa/Civic Center,1586,40093.62,25.27970996216898,2.6929508196721312,16.16214796132829,9.60112230629784
Queens,JFK Airport,Manhattan,Upper West Side North,1582,151774.3,95.9382427307206,20.251289506953224,44.832943531394854,7.524805073776606
Manhattan,Penn Station/Madison Sq West,Manhattan,Lenox Hill East,1582,48443.04,30.62139064475348,3.151371681415929,23.457385166455964,9.806667087246717
Manhattan,Murray Hill,Manhattan,Flatiron,1580,29994.51,18.983867088607592,1.4732848101265823,10.731476793248945,13.293714690677396
Manhattan,East Chelsea,Manhattan,East Village,1579,38033.08,24.086814439518683,2.2318176060797974,16.35538315389487,11.098868393393927
Queens,LaGuardia Airport,Manhattan,Upper East Side South,1578,108074.13,68.48804182509507,9.452851711026616,27.543610054921842,7.655841097882556
Manhattan,Upper East Side South,Manhattan,Clinton East,1573,34392.45,21.864240305149394,1.8295486331849968,14.178332273786818,12.596822445386959
Manhattan,Times Sq/Theatre District,Manhattan,UN/Turtle Bay South,1573,29372.2,18.672727272727272,1.2622059758423394,11.323511337147702,16.15738298108345
Manhattan,Midtown South,Manhattan,Sutton Place/Turtle Bay North,1570,31392.13,19.9949872611465,1.6333375796178344,11.820817409766455,12.535028509409075
Manhattan,Lenox Hill East,Manhattan,Upper West Side North,1565,40645.48,25.971552715654955,2.654517571884984,17.64625133120341,9.866270060618028
Manhattan,Manhattan Valley,Manhattan,Lincoln Square East,1562,32304.35,20.68140204865557,1.9414084507042253,11.642200170721296,10.816229895223007
Manhattan,Midtown South,Manhattan,UN/Turtle Bay South,1561,25446.88,16.30165278667521,1.0539910313901346,8.442536835361947,16.39202134138424
Manhattan,Times Sq/Theatre District,Manhattan,Flatiron,1561,29536.19,18.92132607303011,1.5179436258808459,10.823991031390134,13.534627086392486
Manhattan,Greenwich Village South,Manhattan,TriBeCa/Civic Center,1560,26775.46,17.16375641025641,1.262224358974359,8.802425213675214,14.370743170511354
Manhattan,Upper West Side North,Manhattan,Yorkville West,1560,29952.920000000002,19.200589743589745,1.6803717948717949,10.919412393162393,11.634157151674678
Manhattan,Yorkville East,Manhattan,Midtown Center,1559,37644.05,24.146279666452855,2.5575817831943555,15.581601453923456,9.548386850029608
Manhattan,West Chelsea/Hudson Yards,Manhattan,Union Sq,1558,30111.89,19.32727214377407,1.5106996148908858,11.395860077021823,13.344509816440263
Manhattan,Yorkville West,Manhattan,Midtown East,1558,33118.07,21.256784338896022,2.0710141206675226,12.962815575524175,10.589110404640817
Manhattan,East Village,Manhattan,East Chelsea,1553,34990.56,22.530946555054733,2.1100193174500967,14.481863060742647,11.05732132797711
Manhattan,Murray Hill,Manhattan,Lincoln Square East,1550,39383.63,25.408793548387095,2.2791806451612904,17.67525806451613,11.407015795336918
Manhattan,Manhattan Valley,Manhattan,Morningside Heights,1544,17746.05,11.493555699481865,0.9590284974093264,5.677677029360968,13.89929828006187
Manhattan,Union Sq,Manhattan,Upper East Side North,1543,47649.47,30.88105638366818,3.455055087491899,21.62037157053359,9.023129592374854
Manhattan,Murray Hill,Manhattan,West Chelsea/Hudson Yards,1542,32785.94,21.261958495460444,1.649513618677043,13.925767401642888,13.243325875847551
Manhattan,Union Sq,Manhattan,Clinton East,1540,34597.87,22.466149350649353,1.9421493506493506,15.008095238095239,12.021817580509927
Manhattan,UN/Turtle Bay South,Manhattan,Lenox Hill West,1538,26991.71,17.54987646293888,1.423400520156047,8.857379713914174,13.086584967007607
Manhattan,East Village,Manhattan,Flatiron,1535,29481.76,19.206358306188925,1.5628534201954398,11.08401737242128,12.792179185224558
Manhattan,Gramercy,Manhattan,Upper East Side South,1527,37346.98,24.4577472167649,2.4724623444662734,15.801855490067672,10.032915558230195
Queens,JFK Airport,Manhattan,Garment District,1526,143825.32,94.24988204456095,17.58073394495413,46.31847968545216,5.37614928376758
Manhattan,Union Sq,Manhattan,Garment District,1526,26316.46,17.245386631716908,1.139102228047182,9.851114023591087,16.075911970493443
Manhattan,Morningside Heights,Manhattan,Upper West Side North,1524,24546.86,16.10686351706037,1.3455052493438322,8.120570866141732,12.343553649917277
Queens,JFK Airport,Manhattan,Lenox Hill West,1522,142850.43,93.85704993429697,18.71117608409987,41.705343845816905,5.432172427518015
Manhattan,East Village,Manhattan,Greenwich Village North,1521,22686.51,14.915522682445758,0.8489546351084812,6.892439184746877,20.55897554673799
Manhattan,Midtown North,Queens,LaGuardia Airport,1521,108875.3,71.58139381985536,10.683261012491782,31.161385053692747,6.765840110880936
Manhattan,Lincoln Square East,Manhattan,Penn Station/Madison Sq West,1519,32159.69,21.171619486504277,1.9305793285055959,13.402029844195743,11.182157991421182
Manhattan,Yorkville West,Manhattan,Midtown Center,1516,35163.0,23.194591029023748,2.3189841688654353,15.381200527704486,10.162789887950117
Manhattan,Greenwich Village South,Manhattan,Flatiron,1516,26368.84,17.393693931398417,1.3171240105540898,8.934025945470538,13.943479704115493
Manhattan,Sutton Place/Turtle Bay North,Manhattan,Sutton Place/Turtle Bay North,1516,21549.78,14.2148944591029,0.6537532981530343,5.384685576077397,89.8989806109993
Manhattan,East Chelsea,Manhattan,Upper West Side South,1514,41341.12,27.305891677675035,2.9683751651254955,17.32640907089388,9.397624109439976
Manhattan,Upper East Side South,Manhattan,Penn Station/Madison Sq West,1513,38598.54,25.511262392597487,2.3455320555188366,18.428398325622386,11.099943242871941
Manhattan,East Harlem South,Manhattan,East Harlem North,1511,18384.76,12.16727994705493,1.2292786234281934,6.7714096624751825,10.51126524507378
Manhattan,Upper East Side South,Manhattan,UN/Turtle Bay South,1509,29395.62,19.480198807157056,1.548621603711067,11.539087696045947,13.327542422293963
Queens,JFK Airport,Manhattan,Flatiron,1507,145235.86,96.3741605839416,18.1793297942933,44.474607387746076,5.334407896193881
Manhattan,Greenwich Village South,Manhattan,Murray Hill,1500,32303.1,21.5354,2.0516133333333335,12.781666666666666,10.630029141379444
Manhattan,East Village,Manhattan,Sutton Place/Turtle Bay North,1498,32633.51,21.784719626168222,2.458170894526035,11.734390298175343,8.945329182291616
Queens,LaGuardia Airport,Manhattan,Sutton Place/Turtle Bay North,1497,98353.27,65.70024716098865,9.411770207080828,24.025072366956135,7.015218272329607
Manhattan,Lincoln Square East,Manhattan,Morningside Heights,1497,35775.65,23.89822979291917,2.8448363393453575,13.177443776441773,8.520743348997655
Manhattan,Gramercy,Manhattan,West Village,1497,27939.09,18.663386773547096,1.4293186372745492,10.852271209084837,13.59055192994531
Manhattan,Clinton East,Manhattan,Midtown South,1497,27982.38,18.69230460921844,1.3417100868403473,11.547149855266087,14.859356177421418
Manhattan,West Chelsea/Hudson Yards,Manhattan,Flatiron,1487,24678.88,16.59642232683255,1.2194821788836583,8.160065007845775,14.509746216289406
Manhattan,Garment District,Manhattan,East Chelsea,1487,24107.35,16.212071284465367,1.006738399462004,7.966341627437795,22.35863218770466
Manhattan,Lenox Hill West,Manhattan,Midtown North,1486,27492.92,18.50129205921938,1.317900403768506,11.050471063257065,15.052793828450175
Manhattan,Gramercy,Manhattan,Flatiron,1484,23796.74,16.035539083557953,0.9810512129380055,8.14349730458221,17.16471031936981
Queens,JFK Airport,Brooklyn,Park Slope,1484,139565.33,94.04671832884097,19.115006738544473,45.79047619047619,5.06698753673911
Manhattan,West Chelsea/Hudson Yards,Manhattan,Midtown North,1483,33680.92,22.711341874578554,2.0149898853674983,15.264610024724657,11.571352902899172
Manhattan,Greenwich Village North,Manhattan,TriBeCa/Civic Center,1483,28290.04,19.076223870532704,1.6035805799055969,10.808507529781973,12.174585453454533
Manhattan,West Village,Manhattan,Meatpacking/West Village West,1479,21187.07,14.325267072346179,0.7186950642325897,5.758113590263692,35.35004631096529
Manhattan,East Village,Manhattan,Midtown East,1478,31766.97,21.493213802435726,2.251847090663058,12.320545782589084,9.743543566920694
Manhattan,Upper West Side North,Manhattan,Clinton East,1477,33343.53,22.575172647257954,2.3662220717670954,13.540498758745203,9.786716364141132
Manhattan,Lincoln Square East,Manhattan,West Chelsea/Hudson Yards,1476,30445.29,20.62689024390244,2.060359078590786,11.558344625112916,10.248046695177845
Manhattan,West Chelsea/Hudson Yards,Manhattan,Clinton West,1475,24078.96,16.324718644067797,1.1099796610169492,7.7284293785310725,17.02024856444314
Manhattan,East Village,Manhattan,Little Italy/NoLiTa,1474,23551.2,15.97774762550882,0.9996540027137042,7.96644052464948,17.22303497205149
Queens,JFK Airport,Manhattan,Gramercy,1469,140739.59,95.80639210347175,17.592191967324712,38.599296573632856,5.461596006452632
Manhattan,Midtown South,Manhattan,Greenwich Village North,1469,24648.37,16.779012933968687,1.2699115044247788,8.138643067846607,13.68727874780906
Manhattan,Midtown South,Manhattan,East Village,1468,30191.11,20.566151226158038,1.8304291553133516,12.175272479564033,11.587646658904632
Manhattan,West Village,Manhattan,Midtown South,1458,28339.63,19.437331961591223,1.6105829903978053,11.315123456790124,12.464911674041057
Manhattan,West Village,Manhattan,Clinton East,1457,35192.9,24.15435827041867,2.4862731640356897,15.034843285289407,10.046135438092888
Manhattan,Garment District,Manhattan,Union Sq,1456,24797.0,17.030906593406595,1.2416002747252748,9.342914377289377,14.360983587908724
Manhattan,Murray Hill,Manhattan,Yorkville West,1454,37039.1,25.473933975240715,2.7402407152682255,16.135213204951857,9.426358261754986
Queens,LaGuardia Airport,Manhattan,Lincoln Square East,1452,107479.42,74.0216391184573,10.48900826446281,32.06083562901745,7.075771366328663
Manhattan,Midtown South,Manhattan,Penn Station/Madison Sq West,1446,21870.45,15.124792531120333,0.6533886583679115,7.212805440295067,43.25192352569599
Manhattan,Murray Hill,Manhattan,West Village,1442,32552.32,22.574424410540914,2.1276352288488214,14.62874479889043,10.768867785602414
Queens,JFK Airport,Brooklyn,Crown Heights North,1441,88337.81,61.30312977099236,11.528438584316447,35.504857737682165,5.3429169104591345
Manhattan,Clinton East,Manhattan,Upper East Side North,1439,36552.2,25.401111883252256,2.8573523280055593,15.860655547834144,9.007801677504514
Manhattan,Greenwich Village North,Manhattan,East Chelsea,1439,27083.79,18.82125781792912,1.4489923558026407,10.929708130646283,13.743675735553975
Manhattan,Kips Bay,Manhattan,Sutton Place/Turtle Bay North,1439,23346.5,16.224113968033357,1.3101181375955524,7.231016909891127,12.731547279477006
Queens,LaGuardia Airport,Manhattan,UN/Turtle Bay South,1437,93755.85,65.24415448851775,9.133256784968685,21.78341452099281,7.187247542698294
Manhattan,West Village,Manhattan,SoHo,1433,22829.83,15.931493370551292,1.0119050942079553,8.05973482205164,16.747852522201622
Manhattan,Upper West Side North,Manhattan,Midtown Center,1432,37318.05,26.060090782122906,2.8268016759776535,17.3943552141527,9.299401906481064
Manhattan,Gramercy,Manhattan,Lenox Hill West,1428,33706.23,23.603802521008404,2.6037464985994396,14.067542016806723,9.184329639652814
Manhattan,Upper East Side South,Manhattan,Gramercy,1425,34634.98,24.30524912280702,2.4330175438596493,15.509777777777778,10.184495873111391
Manhattan,Midtown Center,Manhattan,Clinton West,1422,28176.71,19.8148452883263,1.3889662447257383,12.641631504922644,14.753133808861964
Manhattan,Lenox Hill West,Manhattan,Upper West Side North,1421,33439.54,23.532399718508092,2.3757142857142854,14.797314098053015,10.051106910760803
Queens,JFK Airport,Manhattan,Penn Station/Madison Sq West,1420,135061.91999999998,95.11402816901408,17.816281690140844,46.16585680751174,5.353936831274558
Manhattan,UN/Turtle Bay South,Manhattan,Lenox Hill East,1420,26730.4,18.824225352112677,1.5751901408450704,10.567617370892018,12.380167599814902
Manhattan,Kips Bay,Manhattan,Gramercy,1420,19438.23,13.688894366197182,0.7918169014084507,5.139694835680752,20.737086308452067
Manhattan,East Chelsea,Manhattan,Greenwich Village North,1418,28386.54,20.018716502115655,1.6545909732016926,12.011201222378938,12.735686621580552
Queens,LaGuardia Airport,Manhattan,Garment District,1418,102945.6,72.59915373765868,9.816107193229902,32.00131640808651,7.46237078802944
Queens,JFK Airport,Manhattan,Sutton Place/Turtle Bay North,1417,133143.22,93.96134086097389,17.601848976711363,39.645930369324866,5.357930614077641
Manhattan,Flatiron,Manhattan,East Village,1416,27798.77,19.631899717514123,1.5744703389830508,11.9426906779661,12.883789647733195
Manhattan,Lenox Hill West,Manhattan,East Harlem South,1410,26754.24,18.974638297872342,1.7996666666666667,10.385330969267141,10.854941844347476
Manhattan,Lincoln Square East,Manhattan,Yorkville East,1408,35199.2,24.999431818181815,2.6523366477272727,15.725130208333333,9.501831129207336
Manhattan,West Chelsea/Hudson Yards,Manhattan,West Village,1408,27830.16,19.765738636363636,1.7462002840909092,11.103752367424242,11.861778953909925
Queens,JFK Airport,Manhattan,Yorkville West,1408,135075.61,95.93438210227272,19.010866477272728,38.459232954545456,5.255002104458371
Queens,LaGuardia Airport,Unknown,Outside of NYC,1407,200276.36,142.34282871357496,22.672800284292823,41.22854773750296,6.396207369982111
Manhattan,East Village,Manhattan,Penn Station/Madison Sq West,1403,31417.53,22.39310762651461,2.0492088382038487,14.44704205274412,11.188731019459958
Manhattan,Midtown South,Manhattan,Midtown South,1400,22780.79,16.27199285714286,0.7069357142857143,5.624761904761905,191.02522272348364
Manhattan,Midtown East,Manhattan,West Village,1399,36546.42,26.12324517512509,2.6712223016440313,17.70127472003812,9.894384823522138
Manhattan,East Harlem South,Manhattan,East Harlem South,1397,16693.46,11.949506084466714,0.6860773085182534,5.422870436649964,83.12418438871929
Manhattan,Union Sq,Manhattan,Meatpacking/West Village West,1396,25259.81,18.09441977077364,1.3552148997134672,10.055396370582617,13.81361012822127
Manhattan,East Chelsea,Manhattan,Lincoln Square West,1395,31965.71,22.914487455197133,2.1974910394265232,13.890573476702508,10.754339109097657
Manhattan,Central Park,Manhattan,Lenox Hill West,1395,24975.5,17.90358422939068,1.3396487455197132,9.931732377538829,14.469199781376876
Manhattan,West Chelsea/Hudson Yards,Manhattan,Garment District,1395,24179.76,17.33316129032258,0.9945089605734766,10.417359617682198,18.724088464693004
Manhattan,Greenwich Village North,Manhattan,Flatiron,1392,21614.37,15.527564655172412,0.9442887931034483,7.391499042145594,18.239042252480417
Manhattan,Manhattan Valley,Manhattan,Upper East Side North,1390,26287.7,18.912014388489208,43.71163309352518,10.794604316546762,10.90952086934417
Queens,JFK Airport,Manhattan,TriBeCa/Civic Center,1389,127815.41,92.0197336213103,20.691533477321816,49.10260379169666,4.5603753539455045
Manhattan,Lenox Hill East,Manhattan,East Harlem South,1386,27483.51,19.829372294372295,1.963066378066378,11.53481240981241,10.307191157512806
Manhattan,Gramercy,Manhattan,Greenwich Village North,1383,20836.82,15.066391901663051,0.9158423716558206,6.96707640395276,18.999798221149756
Manhattan,Midtown North,Manhattan,Clinton West,1383,22646.87,16.375177151120752,1.0936080983369487,8.51348517715112,16.15557816802089
Manhattan,Union Sq,Manhattan,Sutton Place/Turtle Bay North,1383,31605.44,22.85281272595806,2.173101952277657,14.237997107736804,10.784501530076229
Manhattan,Yorkville East,Manhattan,Yorkville East,1382,20718.02,14.991331403762663,0.7358683068017366,4.753605885190545,93.91018515678101
Manhattan,East Village,Manhattan,TriBeCa/Civic Center,1381,28904.16,20.929876900796526,1.864431571325127,12.477757663528843,11.793892824952302
Queens,LaGuardia Airport,Manhattan,Yorkville East,1378,83839.37,60.84134252539913,8.180384615384614,19.06632801161103,7.546904405210802
Manhattan,Union Sq,Manhattan,Midtown North,1378,32376.28,23.49512336719884,2.0065965166908564,16.248076923076923,12.048321749375848
Queens,LaGuardia Airport,Manhattan,Upper West Side North,1377,94150.72,68.37379811183733,9.407915758896152,26.612369886226094,7.292531942108605
Manhattan,Flatiron,Manhattan,Midtown South,1376,21353.27,15.518364825581395,0.9514680232558139,7.797904554263566,17.690788067149
Manhattan,Midtown Center,Manhattan,Kips Bay,1373,27218.93,19.82442097596504,1.5392206846321923,11.93880796309784,13.324914201943105
Manhattan,Times Sq/Theatre District,Manhattan,West Village,1370,32615.7,23.807080291970802,2.250744525547445,15.294671532846715,10.794261895002649
Manhattan,Midtown South,Manhattan,Kips Bay,1369,20844.420000000002,15.226018991964938,0.8806939371804238,7.635305575846116,19.137530987962506
Manhattan,Clinton East,Manhattan,Flatiron,1368,25179.13,18.405796783625732,1.6969371345029238,9.733430799220274,11.204440192137609
Manhattan,Flatiron,Manhattan,Times Sq/Theatre District,1363,27629.5,20.271093176815846,1.5081951577402788,13.057813646368304,13.874234282006311
Manhattan,Upper East Side South,Manhattan,East Chelsea,1363,37900.98,27.8070286133529,2.8736757153338224,19.796515040352165,9.8656867556087
Queens,JFK Airport,Manhattan,UN/Turtle Bay South,1362,130283.5,95.65602055800294,17.029640234948605,37.41188203622124,5.660192889924738
Manhattan,West Chelsea/Hudson Yards,Manhattan,Murray Hill,1360,30007.82,22.064573529411764,1.6071029411764706,15.276164215686274,14.11089924088006
Manhattan,UN/Turtle Bay South,Manhattan,Upper East Side South,1360,26178.88,19.249176470588235,1.4477867647058824,11.573749999999999,14.190134933772416
Manhattan,Midtown North,Manhattan,Central Park,1350,25102.65,18.594555555555555,1.5426518518518517,10.306000000000001,17.445463430254872
Queens,JFK Airport,Manhattan,Upper East Side South,1345,126824.02,94.29295167286246,18.773843866171003,45.01944237918216,5.543089111031337
Manhattan,Midtown East,Manhattan,TriBeCa/Civic Center,1342,46014.14,34.2877347242921,4.46387481371088,22.885804769001492,8.058375512996392
Manhattan,Greenwich Village South,Manhattan,East Chelsea,1337,27467.91,20.544435302916977,1.8449289454001496,12.073198703565195,11.701424819523863
Manhattan,Lincoln Square West,Manhattan,Upper East Side South,1336,26329.91,19.708016467065868,1.70311377245509,11.840119760479041,11.758067944630929
Manhattan,West Village,Manhattan,Midtown Center,1335,32633.28,24.44440449438202,2.4030786516853935,16.630312109862672,10.325274382294477
Manhattan,West Village,Manhattan,Lower East Side,1331,27668.23,20.78755071374906,1.6084673178061606,13.32160030052592,13.31282207290869
Manhattan,Kips Bay,Manhattan,UN/Turtle Bay South,1331,18413.03,13.833981968444778,0.8116003005259204,5.314613072877536,27.63808765365234
Manhattan,East Village,Manhattan,Midtown South,1330,26685.13,20.064007518796995,1.78103007518797,11.69936090225564,11.65852325936072
Manhattan,West Chelsea/Hudson Yards,Manhattan,Lincoln Square East,1323,29072.01,21.974308390022674,1.9943310657596371,13.339758125472411,11.392023431045699
Manhattan,Midtown East,Manhattan,Flatiron,1322,29063.65,21.98460665658094,1.9501815431164902,13.813666162380233,11.517247841527745
Manhattan,Sutton Place/Turtle Bay North,Manhattan,Gramercy,1319,25646.11,19.443601213040182,1.8509249431387413,10.396209249431388,10.668141681805169
Manhattan,Upper West Side North,Manhattan,Lenox Hill West,1316,31129.9,23.654939209726447,2.320205167173252,15.255129179331307,10.465481259757368
Manhattan,UN/Turtle Bay South,Manhattan,Murray Hill,1310,19074.36,14.560580152671756,0.7148549618320611,6.31351145038168,26.99500187799992
Manhattan,Central Park,Manhattan,Midtown East,1310,27070.97,20.664862595419848,1.6693358778625953,13.209847328244276,13.638611173772455
Manhattan,East Chelsea,Manhattan,Garment District,1306,22320.48,17.09071975497703,1.0260183767228177,10.017381316998469,25.45853225552266
Manhattan,East Chelsea,Manhattan,Upper East Side South,1305,38668.57,29.631088122605362,2.977272030651341,21.68816091954023,10.249203358928613
Manhattan,Upper West Side North,Manhattan,Bloomingdale,1296,17591.63,13.573788580246914,0.9766280864197531,5.345331790123457,15.047632134551373
Manhattan,UN/Turtle Bay South,Manhattan,Midtown East,1293,18883.34,14.604284609435421,0.7434261407579273,6.606303170920341,37.65350493738702
Manhattan,Upper West Side North,Manhattan,Central Park,1291,21270.56,16.476034082106896,1.3472347017815647,8.14140201394268,13.887301042780093
Manhattan,Lower East Side,Manhattan,Gramercy,1288,22720.81,17.64038043478261,1.4099767080745342,8.92506469979296,12.923754084113352
Manhattan,Times Sq/Theatre District,Manhattan,Lenox Hill East,1283,31409.2,24.481060015588465,2.2136165237724086,16.51318524292024,11.353374228352568
Manhattan,Midtown East,Manhattan,Greenwich Village North,1282,30024.59,23.420117004680186,2.2256084243369734,14.645917836713467,10.637727404827112
Queens,JFK Airport,Queens,Forest Hills,1275,55930.69,43.86720784313726,8.337592156862746,22.854444444444447,5.2969184126943425
Manhattan,Kips Bay,Manhattan,Penn Station/Madison Sq West,1274,22963.05,18.024372056514913,1.108453689167975,10.989586603872318,16.68745003973352
Manhattan,Garment District,Manhattan,Lincoln Square East,1272,26662.56,20.9611320754717,1.68499213836478,13.185324947589098,12.866909591643308
Queens,JFK Airport,Brooklyn,Williamsburg (North Side),1270,102638.7,80.81787401574803,16.479716535433074,38.39804461942258,4.918688390828087
Manhattan,Flatiron,Manhattan,Midtown Center,1268,26087.3,20.573580441640377,1.6738564668769715,13.166048895899053,12.843879808706188
Manhattan,East Village,Manhattan,Lenox Hill West,1267,32283.06,25.479921073401737,3.300244672454617,14.456037884767166,7.803778056094989
Manhattan,Upper East Side North,Manhattan,Union Sq,1264,38886.38,30.764541139240503,3.464889240506329,22.209572784810128,8.97564169630307
Manhattan,East Harlem South,Manhattan,Upper West Side North,1263,19831.54,15.701931908155187,1.3385193982581156,8.003061493797835,14.417161975285483
Queens,JFK Airport,Manhattan,Union Sq,1261,121549.95,96.391712926249,17.836566217287867,42.069997356595294,8.802245622111352
Manhattan,Upper West Side North,Manhattan,Lenox Hill East,1260,32718.85,25.96734126984127,2.6470238095238097,18.086878306878308,9.890536259946575
Manhattan,Central Park,Manhattan,Clinton East,1258,28094.44,22.33262321144674,2.1365262321144676,14.318786433492315,11.65063751245976
Manhattan,Union Sq,Manhattan,SoHo,1257,23439.420000000002,18.647112171837712,1.5239936356404138,10.717250066295414,12.580301758887126
Manhattan,Battery Park City,Manhattan,TriBeCa/Civic Center,1256,18735.4,14.916719745222931,0.8803264331210191,6.749986730360934,18.807494845519372
Manhattan,Morningside Heights,Manhattan,Upper West Side South,1256,25981.57,20.685963375796177,1.9298805732484074,11.305161889596603,10.939821219584523
Manhattan,Union Sq,Manhattan,UN/Turtle Bay South,1255,23800.28,18.964366533864542,1.5280318725099602,10.896852589641433,12.891131546300857
Manhattan,Times Sq/Theatre District,Manhattan,Gramercy,1254,28708.75,22.893740031897927,2.09841307814992,14.991427432216906,11.125694197771624
Manhattan,Times Sq/Theatre District,Manhattan,Yorkville West,1253,32692.829999999998,26.09164405426975,2.80536312849162,16.615203511572226,9.45405040338428
Manhattan,Upper West Side South,Manhattan,Bloomingdale,1252,21839.69,17.443841853035142,1.540279552715655,7.647603833865814,11.512187615903008
Manhattan,West Chelsea/Hudson Yards,Manhattan,TriBeCa/Civic Center,1252,32137.18,25.66867412140575,2.837468051118211,15.700838658146965,9.164066057168878
Manhattan,Union Sq,Manhattan,Little Italy/NoLiTa,1251,24195.51,19.34093525179856,1.6073780975219825,11.500786037836397,12.32754712999114
Manhattan,TriBeCa/Civic Center,Manhattan,Union Sq,1250,28325.079999999998,22.660064,2.281752,13.768120000000001,10.172804093426333
Manhattan,East Village,Manhattan,Alphabet City,1246,17607.02,14.130834670947031,0.8193900481540931,5.839232209737828,19.120465397620652
Manhattan,Upper West Side South,Manhattan,Yorkville East,1245,26739.57,21.47756626506024,2.023895582329317,12.942583668005355,10.79491454216647
Manhattan,Little Italy/NoLiTa,Manhattan,TriBeCa/Civic Center,1242,19204.01,15.462165861513686,0.9124154589371981,7.174208266237252,18.854052630780902
Manhattan,Greenwich Village North,Manhattan,Greenwich Village South,1241,16875.23,13.598090249798549,0.7134971796937953,5.441418211120064,22.342777843917165
Manhattan,Flatiron,Manhattan,Greenwich Village North,1234,19375.94,15.701734197730955,1.0044246353322528,7.739113992436521,16.51220562229571
Manhattan,Penn Station/Madison Sq West,Manhattan,Meatpacking/West Village West,1232,22965.59,18.640900974025975,1.5620535714285715,10.44579274891775,12.326318747447065
Manhattan,Meatpacking/West Village West,Manhattan,TriBeCa/Civic Center,1227,23862.38,19.447742461287696,1.6397718011409943,10.87785927737028,12.349035579642733
Manhattan,Upper West Side North,Manhattan,Times Sq/Theatre District,1222,29162.38,23.864468085106385,2.449018003273322,15.181846699399891,9.875529331096178
Manhattan,Midtown East,Manhattan,Upper West Side North,1218,34938.61,28.68522988505747,3.145894909688013,19.202257799671592,9.233734112581615
Manhattan,Sutton Place/Turtle Bay North,Manhattan,Lincoln Square East,1217,27388.65,22.50505341002465,1.8641906327033688,14.75791563955081,12.387952336211002
Manhattan,Midtown South,Manhattan,West Village,1216,23387.28,19.23296052631579,1.6510361842105263,10.782702850877193,11.86727352126619
Manhattan,Meatpacking/West Village West,Manhattan,East Chelsea,1215,19331.32,15.910551440329218,1.1664444444444444,7.050164609053499,15.22088221016723
Manhattan,Midtown North,Manhattan,Yorkville East,1212,29102.87,24.01226897689769,2.313704620462046,15.404125412541253,10.583392222670742
Manhattan,Midtown South,Manhattan,Lenox Hill West,1212,28990.07,23.919199669966996,2.3538861386138614,15.326828932893289,10.369264629388491
Manhattan,Lenox Hill West,Manhattan,Kips Bay,1212,25179.31,20.775008250825085,2.195247524752475,11.375577557755776,9.754185671053964
Manhattan,Penn Station/Madison Sq West,Manhattan,Yorkville West,1211,39589.85,32.691866226259286,3.79878612716763,23.363570052298375,8.691807716332061
Manhattan,West Village,Manhattan,Times Sq/Theatre District,1210,29317.92,24.22968595041322,2.293685950413223,16.334545454545452,10.785601691694126
Queens,JFK Airport,Manhattan,Financial District North,1209,112623.85,93.15454921422663,21.398569065343256,47.951943755169566,4.4112367129762555
Manhattan,Garment District,Manhattan,Penn Station/Madison Sq West,1209,17275.06,14.28871794871795,0.6537717121588089,6.368541494347946,28.293569920376054
Manhattan,Clinton East,Manhattan,West Village,1207,26680.239999999998,22.104589892294946,2.2683429991714994,13.172203811101905,9.911191215747875
Queens,JFK Airport,Manhattan,Yorkville East,1205,116216.84,96.44551037344398,19.04247302904564,38.01544951590595,5.072440974619174
Manhattan,Penn Station/Madison Sq West,Manhattan,Lincoln Square West,1203,30357.96,25.23521197007481,2.4389526184538655,16.997935716264895,10.51961218961826
Manhattan,Upper East Side North,Manhattan,Clinton East,1199,31585.329999999998,26.343060884070056,2.8398248540450375,17.558882402001668,9.400781869241749
Manhattan,Flatiron,Manhattan,Flatiron,1197,17222.9,14.388387635756057,0.6370927318295739,4.232289055973267,108.29221402452586
Manhattan,Midtown South,Manhattan,Flatiron,1197,18896.38,15.786449456975774,1.0478613199665832,7.3051517683096625,15.886359529235175
Manhattan,Midtown North,Queens,JFK Airport,1194,108269.45,90.67793132328308,17.410226130653268,52.65103294249023,5.265226721198555
Manhattan,Sutton Place/Turtle Bay North,Manhattan,Times Sq/Theatre District,1193,23800.36,19.950008382229672,1.285406538139145,13.503534506845488,16.283408413321926
Manhattan,Clinton East,Manhattan,Union Sq,1191,25079.85,21.05780856423174,1.9283039462636442,13.359137979289113,11.261173268396199
Manhattan,Upper West Side North,Manhattan,Central Harlem,1189,21643.22,18.202876366694703,1.7478973927670312,9.919652368937482,10.65308794441163
Manhattan,Garment District,Manhattan,Midtown South,1189,18655.82,15.690344827586207,0.8587216148023549,8.115895710681244,28.45381397452479
Queens,LaGuardia Airport,Manhattan,East Village,1183,80095.77,67.70563820794591,10.198884192730347,25.94209636517329,6.6612239175084085
Manhattan,Times Sq/Theatre District,Manhattan,TriBeCa/Civic Center,1183,38032.67,32.14934065934066,3.9193829247675405,22.527655677655677,8.351565795719617
Manhattan,TriBeCa/Civic Center,Manhattan,East Chelsea,1182,27685.13,23.422275803722506,2.5077580372250425,13.402735476593344,9.515175880787043
Manhattan,East Chelsea,Manhattan,Upper East Side North,1182,40412.31,34.18977157360406,4.067673434856176,24.669684151156233,8.526287538237371
Manhattan,Lincoln Square East,Manhattan,Union Sq,1181,31477.079999999998,26.652904318374258,2.8553344623200676,18.45781823313576,9.481194842485692
Manhattan,TriBeCa/Civic Center,Manhattan,Battery Park City,1181,18349.69,15.537417442845046,0.924995766299746,6.924499012136607,19.58822273580631
Manhattan,Flatiron,Manhattan,Meatpacking/West Village West,1179,18323.59,15.541636980491942,1.0310941475826974,7.329544811987559,15.895102641411532
Manhattan,UN/Turtle Bay South,Manhattan,Gramercy,1171,19322.6,16.500939368061484,1.293859948761742,7.816524338172502,13.067951256006529
Manhattan,Lincoln Square East,Manhattan,Midtown South,1169,27075.72,23.161437125748503,2.1871086398631308,15.541616766467067,10.950030481194565
Manhattan,Midtown East,Queens,JFK Airport,1169,108272.23,92.61952951240376,16.67256629597947,46.13686911890505,5.597612692738238
Manhattan,Midtown East,Manhattan,Lincoln Square West,1160,28514.46,24.58143103448276,2.13451724137931,16.411925287356322,11.770564396878031
Manhattan,TriBeCa/Civic Center,Manhattan,East Village,1158,25732.01,22.221079447322968,2.072366148531952,13.338442717328727,11.501568849171584
Manhattan,Lincoln Square West,Manhattan,Midtown Center,1156,23743.02,20.538944636678202,1.8485726643598615,13.047246251441754,11.327810828069419
Manhattan,Lenox Hill East,Manhattan,Murray Hill,1155,26639.69,23.064666666666664,2.294874458874459,14.42015873015873,10.262814933484256
Manhattan,Central Park,Manhattan,Lincoln Square West,1153,21087.64,18.289366869037295,1.493209019947962,9.874573576178086,13.50017321889492
Manhattan,Greenwich Village North,Manhattan,Penn Station/Madison Sq West,1151,20950.08,18.20163336229366,1.3518940052128583,10.247625253402838,13.946240053154304
Manhattan,UN/Turtle Bay South,Manhattan,Kips Bay,1149,15869.32,13.811418624891209,0.8645691906005222,5.402248331882797,17.307819927450023
Manhattan,Gramercy,Manhattan,Greenwich Village South,1148,19681.420000000002,17.144094076655055,1.2381271777003486,8.77630662020906,14.418805177086073
Manhattan,Flatiron,Manhattan,TriBeCa/Civic Center,1145,24199.79,21.135187772925764,2.051510917030568,12.431208151382824,10.585061500255762
Manhattan,Gramercy,Manhattan,Lower East Side,1145,21819.24,19.05610480349345,1.5300786026200874,10.927612809315866,12.889372618260007
Manhattan,West Chelsea/Hudson Yards,Manhattan,Lincoln Square West,1144,24350.84,21.2856993006993,1.982910839160839,12.142555361305362,11.038500376006132
Manhattan,Clinton East,Manhattan,Garment District,1141,17698.36,15.511270815074496,0.9133304119193689,8.224729769208297,22.347747285069516
Manhattan,Upper East Side North,Manhattan,Midtown South,1140,31324.87,27.477956140350877,2.8217192982456143,19.537412280701755,9.873342994138213
Manhattan,Greenwich Village South,Manhattan,Lower East Side,1138,18927.5,16.63224956063269,0.960896309314587,8.469859402460457,19.156044136291296
Manhattan,Clinton East,Manhattan,Sutton Place/Turtle Bay North,1137,22973.36,20.20524186455585,1.5961477572559366,12.901685722661977,13.137576886224464
Manhattan,SoHo,Manhattan,West Village,1135,17127.8,15.090572687224668,0.9999647577092511,6.545668135095448,16.319602121393174
Manhattan,Midtown East,Manhattan,Central Park,1134,24770.93,21.84385361552028,1.8305202821869488,14.316181657848324,13.32379604953735
Manhattan,Midtown North,Manhattan,UN/Turtle Bay South,1133,21484.1,18.962135922330095,1.4149338040600175,11.328817299205648,14.000055612275178
Manhattan,Greenwich Village North,Manhattan,Little Italy/NoLiTa,1133,17778.81,15.691800529567521,1.0097263901147395,7.705457487496322,16.389216797012914
Manhattan,TriBeCa/Civic Center,Manhattan,SoHo,1132,16750.46,14.797226148409893,0.8171643109540636,6.593683745583039,27.997022915354787
Manhattan,Gramercy,Manhattan,Lenox Hill East,1131,27957.829999999998,24.719566755083996,2.797418213969938,15.415369879162983,8.919265984647298
Manhattan,Midtown Center,Manhattan,Little Italy/NoLiTa,1127,32779.61,29.08572315882875,3.140603371783496,21.38532978408755,9.419641371049273
Manhattan,Little Italy/NoLiTa,Manhattan,West Village,1125,18913.59,16.81208,1.24912,8.570533333333334,14.036388147345692
Manhattan,TriBeCa/Civic Center,Manhattan,Meatpacking/West Village West,1120,19153.38,17.101232142857143,1.4022857142857141,7.819315476190476,12.897647688062014
Manhattan,East Village,Manhattan,Two Bridges/Seward Park,1119,19459.36,17.389955317247544,1.341188561215371,9.186461126005362,14.338604290844462
Queens,JFK Airport,Manhattan,Lower East Side,1117,100926.01,90.35452999104744,18.207206803939123,43.468173679498655,4.9751800522395255
Manhattan,Midtown South,Manhattan,Lincoln Square East,1115,27870.88,24.996304932735427,2.273165919282511,16.951464872944694,11.34323599549196
Manhattan,West Chelsea/Hudson Yards,Manhattan,Meatpacking/West Village West,1113,20339.61,18.27458221024259,1.4936657681940702,9.25461215932914,13.416924439986536
Manhattan,Upper East Side South,Manhattan,Greenwich Village North,1111,32316.45,29.08771377137714,3.058181818181818,20.188403840384037,9.614989264223372
Manhattan,West Chelsea/Hudson Yards,Manhattan,Upper West Side South,1110,28371.23,25.559666666666665,2.8128018018018017,15.036336336336335,9.237445957203553
Manhattan,Union Sq,Manhattan,Lincoln Square East,1110,31420.68,28.306918918918917,2.897009009009009,19.851771771771773,9.941082970909433
Manhattan,Meatpacking/West Village West,Manhattan,West Chelsea/Hudson Yards,1099,18397.79,16.740482256596906,1.401747042766151,7.644601152562935,12.853647478923298
Queens,LaGuardia Airport,Manhattan,Gramercy,1098,73854.24,67.26251366120219,9.573715846994537,23.3289313904068,7.0768860768350335
Manhattan,Gramercy,Manhattan,Upper East Side North,1098,32837.409999999996,29.906566484517302,3.5301001821493627,19.94808743169399,8.575509926088394
Manhattan,East Harlem South,Manhattan,Yorkville West,1097,16486.71,15.028906107566089,1.013637192342753,6.796627164995442,23.532977387218008
Manhattan,Central Park,Manhattan,Midtown South,1095,26747.39,24.4268401826484,2.2180730593607305,17.45613394216134,11.489123170136873
Manhattan,Sutton Place/Turtle Bay North,Manhattan,East Village,1093,24214.2,22.153888380603842,2.48544373284538,12.300137236962488,9.108516010267577
Manhattan,TriBeCa/Civic Center,Manhattan,West Chelsea/Hudson Yards,1093,26200.84,23.97149130832571,2.7243824336688016,13.425587069228422,8.996860130916104
Manhattan,Clinton West,Manhattan,Clinton East,1092,15117.48,13.843846153846153,0.7746703296703297,5.963644688644689,28.97528522849872
Manhattan,Garment District,Manhattan,Flatiron,1091,16713.19,15.319147571035746,1.0093583868011,7.175664527956004,16.260825133289135
Manhattan,Lenox Hill West,Manhattan,Gramercy,1090,25976.78,23.831908256880734,2.6771009174311926,14.266483180428136,9.08470862513347
Manhattan,Union Sq,Manhattan,Lenox Hill West,1090,28986.88,26.593467889908258,2.8506880733944953,17.63467889908257,9.453436808140603
Manhattan,Sutton Place/Turtle Bay North,Manhattan,Union Sq,1087,24697.91,22.72116835326587,2.1957221711131556,14.848942042318306,10.52145546675549
Manhattan,Midtown Center,Manhattan,Greenwich Village South,1087,28280.079999999998,26.01663293468261,2.632161913523459,17.678503526525606,9.993709584194052
Manhattan,Sutton Place/Turtle Bay North,Manhattan,Midtown South,1085,21844.99,20.133631336405532,1.5936405529953916,12.83342549923195,12.943076340435407
Manhattan,Lincoln Square West,Manhattan,Times Sq/Theatre District,1083,19786.22,18.26982456140351,1.4525207756232685,10.503200984918436,12.956360109565344
Manhattan,Clinton East,Manhattan,Lenox Hill West,1083,25067.84,23.14666666666667,2.301560480147738,14.87066789781471,10.347669878038662
Manhattan,Upper West Side South,Manhattan,West Chelsea/Hudson Yards,1083,26064.46,24.066906740535547,2.7687903970452448,14.423407202216065,9.72242731381841
Manhattan,Garment District,Manhattan,Upper East Side South,1078,24363.42,22.600575139146567,2.0055844155844156,15.406864564007419,11.617680506703367
Manhattan,West Village,Manhattan,Battery Park City,1076,21973.56,20.421524163568776,1.9982063197026023,10.889668525402726,10.640677753194023
Manhattan,Lenox Hill East,Manhattan,Midtown North,1075,22859.65,21.26479069767442,1.6449023255813953,14.351627906976745,13.419403214363472
Manhattan,Midtown Center,Manhattan,Meatpacking/West Village West,1075,29436.4,27.382697674418605,2.811079069767442,19.202031007751938,9.82609409745809
Manhattan,Kips Bay,Manhattan,Lenox Hill West,1074,21920.5,20.410148975791433,2.0667132216014896,11.182417752948478,10.061100593168302
Manhattan,Midtown South,Manhattan,Garment District,1069,16528.27,15.461431244153415,0.767867165575304,8.080074836295603,28.023881131051542
Manhattan,Greenwich Village South,Manhattan,Meatpacking/West Village West,1068,18365.18,17.195861423220975,1.202621722846442,9.040496254681647,15.133828576732178
Manhattan,Upper East Side North,Manhattan,East Chelsea,1066,34227.26,32.10812382739212,3.891153846153846,22.744277673545966,8.357307621113572
Manhattan,Midtown Center,Manhattan,East Harlem South,1065,26784.01,25.149305164319248,2.755896713615024,15.956510172143975,9.28441644415627
Manhattan,TriBeCa/Civic Center,Manhattan,Greenwich Village North,1063,19658.85,18.493744120413922,1.5729444967074317,9.622781436186893,12.10560868521287
Manhattan,Manhattan Valley,Manhattan,Manhattan Valley,1062,12277.789999999999,11.561007532956685,0.6847080979284369,5.126302573760201,57.94602921397566
Manhattan,Central Park,Manhattan,Yorkville West,1062,18792.39,17.695282485875705,1.434256120527307,9.458898305084746,13.85352363576144
Manhattan,Greenwich Village North,Manhattan,SoHo,1059,16308.01,15.399442870632672,0.9911614730878188,7.402974504249292,16.363087194833952
Manhattan,Greenwich Village South,Manhattan,Penn Station/Madison Sq West,1058,21240.2,20.075803402646503,1.736805293005671,11.753733459357278,11.828281373470752
Manhattan,Yorkville West,Manhattan,UN/Turtle Bay South,1055,22782.96,21.595222748815164,2.39703317535545,12.102511848341232,9.329286267117823
Manhattan,East Village,Manhattan,Yorkville West,1052,31383.12,29.83186311787072,4.232100760456274,17.13138466413181,7.099688480007697
Queens,LaGuardia Airport,Manhattan,Lenox Hill East,1052,67433.73,64.10050380228137,8.965560836501902,21.68140050697085,7.1629681849763704
Manhattan,UN/Turtle Bay South,Manhattan,Times Sq/Theatre District,1051,21513.26,20.469324452901997,1.184548049476689,13.643228671106883,18.16077303385856
Manhattan,West Village,Manhattan,Hudson Sq,1047,14921.23,14.251413562559694,0.8361413562559695,5.598615090735435,18.6327823827267
Manhattan,Murray Hill,Manhattan,TriBeCa/Civic Center,1046,31962.79,30.557160611854684,3.779980879541109,20.482966857871258,8.479933314934298
Manhattan,Meatpacking/West Village West,Manhattan,West Village,1044,14611.51,13.995699233716476,0.6882375478927203,5.9245370370370365,27.283527717027113
Queens,JFK Airport,Brooklyn,Greenpoint,1044,81536.72,78.10030651340996,15.978275862068966,36.29932950191571,4.9021627792459865
Manhattan,Lenox Hill West,Manhattan,Central Park,1040,18942.07,18.213528846153846,1.3893653846153846,10.514326923076922,14.538523274769256
Manhattan,Garment District,Manhattan,Upper West Side South,1035,26840.09,25.932454106280193,2.5841256038647344,17.446747181964575,10.181465444510563
Queens,JFK Airport,Manhattan,Greenwich Village North,1034,98990.22,95.73522243713734,18.451450676982592,43.85446486137976,5.205911859762876
Manhattan,Morningside Heights,Manhattan,Manhattan Valley,1034,11672.09,11.288288201160542,0.8891489361702127,5.280270793036751,13.833261353349389
Queens,LaGuardia Airport,Manhattan,Flatiron,1032,75321.24,72.9856976744186,10.260203488372094,29.38385012919897,7.16194736246971
Manhattan,Penn Station/Madison Sq West,Manhattan,Upper West Side North,1030,32939.11,31.979718446601943,3.7309029126213593,21.513721682847898,8.687530327718747
Manhattan,Greenwich Village South,Manhattan,Greenwich Village North,1029,14314.89,13.911457725947521,0.7464042759961127,5.441350826044704,23.316413287442973
Manhattan,Upper East Side South,Manhattan,West Chelsea/Hudson Yards,1027,28879.72,28.120467380720548,3.079240506329114,19.638721194417396,9.270334305204479
Manhattan,SoHo,Manhattan,East Village,1025,17485.32,17.058848780487804,1.1806536585365854,8.853626016260163,15.258823997041548
Manhattan,Penn Station/Madison Sq West,Manhattan,Greenwich Village South,1024,22228.829999999998,21.707841796874998,1.951826171875,13.791731770833334,11.268996449172935
Manhattan,SoHo,Manhattan,TriBeCa/Civic Center,1024,15722.93,15.354423828125,0.90146484375,7.185205078125,19.84515017689838
Manhattan,East Chelsea,Manhattan,Upper West Side North,1023,31024.29,30.32677419354839,3.756813294232649,18.829977191267513,8.214691444454276
Manhattan,Murray Hill,Manhattan,Upper West Side South,1023,30213.02,29.533743890518085,3.168729227761486,20.756272401433694,9.458697197972205
Queens,JFK Airport,Queens,Springfield Gardens South,1021,24791.72,24.281802154750245,3.94767874632713,9.439764936336925,9.103713156680449
Manhattan,TriBeCa/Civic Center,Manhattan,Little Italy/NoLiTa,1020,16908.56,16.577019607843138,0.9730392156862745,8.846977124183006,18.732649571744222
Manhattan,UN/Turtle Bay South,Manhattan,Penn Station/Madison Sq West,1018,21324.29,20.947239685658154,1.5194990176817287,14.279878847413228,14.912947757293967
Manhattan,Upper West Side South,Manhattan,Clinton West,1018,19132.38,18.79408644400786,1.6928585461689587,10.285085134250163,11.487259880372836
Manhattan,Union Sq,Manhattan,Lower East Side,1016,22598.88,22.24299212598425,1.9279133858267716,14.427952755905512,11.786488615218294
Manhattan,Morningside Heights,Manhattan,Morningside Heights,1012,11642.75,11.504693675889328,0.7685671936758893,4.598764822134387,69.18844342172945
Manhattan,Times Sq/Theatre District,Manhattan,East Village,1011,28330.39,28.022146389713154,3.026429277942631,19.700857237059015,9.408088206710712
Manhattan,Greenwich Village North,Manhattan,Greenwich Village North,1010,15440.3,15.287425742574257,0.6108712871287129,5.3907260726072606,175.74750191352825
Manhattan,East Village,Manhattan,SoHo,1005,17145.84,17.060537313432835,1.1748855721393034,9.087545605306799,15.272222332696899
Manhattan,Lincoln Square West,Manhattan,West Chelsea/Hudson Yards,1004,18783.13,18.708296812749005,1.8682768924302788,9.246663346613545,10.350154723632782
Queens,JFK Airport,Manhattan,Morningside Heights,1004,93271.76,92.9001593625498,19.166862549800797,44.35054780876494,5.378154947165337
Manhattan,Greenwich Village North,Manhattan,Midtown South,1002,18134.26,18.098063872255487,1.370878243512974,10.421573519627412,13.642301622864501
Manhattan,Upper West Side South,Manhattan,East Harlem South,1001,20977.01,20.956053946053945,2.164965034965035,12.092690642690643,9.871419492382053
Manhattan,Greenwich Village North,Manhattan,Midtown Center,998,23996.59,24.044679358717435,2.2137975951903806,16.857231128924514,11.037749420567659
Manhattan,Murray Hill,Queens,JFK Airport,997,92656.81,92.93561685055165,16.285446339017053,43.31138415245737,5.815954647885956
Manhattan,Upper East Side North,Manhattan,Morningside Heights,996,23267.8,23.36124497991968,2.6085040160642574,13.899246987951807,9.051216685331045
Manhattan,TriBeCa/Civic Center,Manhattan,Financial District North,995,16622.63,16.7061608040201,1.1133467336683416,8.147386934673367,17.159997584032585
Queens,JFK Airport,Manhattan,Lincoln Square West,989,92905.7,93.93902932254802,20.389828109201215,50.60562858105831,4.643489270098248
Manhattan,Lincoln Square East,Manhattan,Garment District,988,19091.16,19.323036437246962,1.6070647773279352,11.807253711201081,12.368447788487455
Manhattan,Clinton West,Manhattan,West Chelsea/Hudson Yards,988,14614.38,14.791882591093117,1.097095141700405,5.8497132253711195,15.790832990629685
Queens,LaGuardia Airport,Manhattan,Penn Station/Madison Sq West,988,71645.17,72.51535425101214,9.892682186234817,30.68019568151147,7.390384031323726
Manhattan,Lincoln Square East,Manhattan,East Harlem South,988,24175.81,24.469443319838057,2.835111336032389,14.76182523616734,8.919611990379284
Manhattan,Penn Station/Madison Sq West,Manhattan,Little Italy/NoLiTa,987,25577.01,25.913890577507598,2.597710233029382,18.347534616683554,10.025144470353348
Manhattan,East Village,Manhattan,Midtown Center,986,24789.64,25.141622718052737,2.5825963488843815,16.981727518593644,9.911152251438265
Manhattan,Midtown North,Manhattan,West Village,986,26682.21,27.06106490872211,2.8051419878296144,18.493576741041245,9.751003826215236
Manhattan,Murray Hill,Queens,LaGuardia Airport,984,64692.37,65.74427845528456,9.501626016260163,25.338245257452574,6.96933487636534
Manhattan,Murray Hill,Manhattan,Yorkville East,984,26088.74,26.512947154471547,2.9070426829268294,17.313634823848236,9.202881500581784
Manhattan,Penn Station/Madison Sq West,Manhattan,Lower East Side,983,28279.12,28.76817904374364,3.021912512716175,20.94616819260766,9.654710590017759
Manhattan,Midtown South,Queens,JFK Airport,983,91319.94,92.89922685656155,16.64582909460834,46.771787046456424,5.5985609022359135
Queens,JFK Airport,Manhattan,Lenox Hill East,982,92409.66,94.1035234215886,19.213004073319755,39.652460964019006,4.914628883178465
Manhattan,Greenwich Village North,Manhattan,Meatpacking/West Village West,978,16137.92,16.500940695296524,1.055910020449898,8.605538513974098,16.516167730387178
Manhattan,Bloomingdale,Manhattan,Upper West Side North,977,13233.66,13.545199590583419,0.9508597748208802,6.07763561924258,15.029466292603175
Manhattan,Flatiron,Manhattan,Garment District,976,15737.66,16.12465163934426,1.0066393442622952,8.78963456284153,16.95923764688444
Queens,LaGuardia Airport,Manhattan,Union Sq,974,69026.04,70.86862422997946,9.832895277207392,28.053798767967148,7.370015283233369
Manhattan,Midtown Center,Manhattan,SoHo,973,27343.6,28.10236382322713,2.9989414182939362,20.444484412470025,9.498251156605795
Manhattan,Upper East Side North,Manhattan,Penn Station/Madison Sq West,972,30623.21,31.505360082304527,3.337417695473251,23.517455418381346,9.565303091225987
Manhattan,East Chelsea,Manhattan,Greenwich Village South,970,21076.28,21.728123711340206,1.8795154639175258,14.187731958762887,12.13698217581046
Manhattan,Yorkville West,Manhattan,Murray Hill,969,24325.62,25.103839009287924,2.874747162022704,15.6953216374269,8.904040353241237
Manhattan,Gramercy,Manhattan,Yorkville West,967,26748.73,27.66156153050672,3.5121096173733197,16.862857635298173,7.955642064856656
Manhattan,Times Sq/Theatre District,Manhattan,Yorkville East,964,26738.92,27.737468879668047,3.022883817427386,18.451901798063627,9.296195568544919
Manhattan,Murray Hill,Manhattan,Greenwich Village South,963,20967.09,21.77267912772586,2.075960539979232,13.463568708895812,10.638304959820719
Manhattan,Yorkville East,Manhattan,Lincoln Square East,960,23585.06,24.567770833333334,2.5740833333333333,15.956406249999999,9.597665644094942
Manhattan,Midtown North,Manhattan,Flatiron,958,21815.62,22.772045929018788,2.0841649269311064,14.55581071677105,11.174540246296703
Manhattan,Penn Station/Madison Sq West,Manhattan,Penn Station/Madison Sq West,956,17040.62,17.82491631799163,0.7734623430962343,7.037744072524407,294.6376330722608
Manhattan,Midtown North,Manhattan,Gramercy,956,22897.079999999998,23.95092050209205,2.3235460251046023,15.45584030683403,10.44927562361717
Queens,JFK Airport,Brooklyn,Clinton Hill,955,73863.51,77.3439895287958,15.378062827225131,40.49493891797557,5.118827589779052
Manhattan,Kips Bay,Manhattan,Union Sq,955,15123.18,15.835790575916231,1.0384083769633508,8.120593368237348,16.23696085561615
Manhattan,Times Sq/Theatre District,Manhattan,Battery Park City,953,33734.86,35.39859391395593,4.926694648478489,23.210178384050366,7.255166281802649
Manhattan,East Chelsea,Manhattan,Battery Park City,952,25391.91,26.6721743697479,3.1969117647058822,15.650997899159664,8.455395343136187
Queens,LaGuardia Airport,Queens,JFK Airport,951,63390.02,66.65617245005258,12.336508937960042,29.935243603224677,5.409093302941749
Manhattan,Lower East Side,Manhattan,West Village,950,18749.21,19.736010526315788,1.6201578947368422,11.291947368421052,12.538826337036625
Manhattan,Yorkville East,Manhattan,Upper West Side South,950,19963.79,21.014515789473684,2.0126105263157896,12.613894736842106,10.56399657682475
Manhattan,West Village,Manhattan,Kips Bay,948,20608.46,21.738881856540083,1.9985443037974682,13.949806610407876,11.060159774917018
Manhattan,Penn Station/Madison Sq West,Manhattan,Yorkville East,946,32683.17,34.54880549682875,3.996860465116279,25.294344608879495,8.711223496995986
Manhattan,West Village,Manhattan,Financial District North,945,21972.87,23.251714285714286,2.4686243386243385,14.203298059964727,9.65800712337782
Manhattan,Bloomingdale,Manhattan,Upper West Side South,944,16990.75,17.998675847457626,1.5441737288135593,9.134975282485875,11.83190650412328
Manhattan,Upper East Side North,Queens,LaGuardia Airport,941,57267.56,60.85819341126461,8.793623804463335,21.12137796670209,6.967108351264007
Manhattan,Upper East Side South,Manhattan,Garment District,941,21752.68,23.116556854410202,1.9966950053134964,16.315975912150197,11.849996234468485
Manhattan,Upper West Side South,Manhattan,Penn Station/Madison Sq West,940,24543.31,26.10990425531915,2.7919680851063826,17.944468085106383,9.776241090058072
Manhattan,Little Italy/NoLiTa,Manhattan,Lower East Side,939,14299.34,15.228264110756124,0.7320553780617678,7.259602413915513,26.93498890716121
Queens,JFK Airport,Queens,Long Island City/Hunters Point,938,73343.85,78.19173773987207,15.872835820895522,36.47714996446339,4.939795992606776
Manhattan,TriBeCa/Civic Center,Manhattan,Penn Station/Madison Sq West,937,23136.2,24.691782283884738,2.6456350053361795,15.362451085023123,9.476427915048387
Manhattan,East Chelsea,Manhattan,UN/Turtle Bay South,935,22459.4,24.020748663101607,1.9911229946524065,17.198698752228164,12.522883702423607
Manhattan,Union Sq,Manhattan,Upper West Side South,934,30889.89,33.072687366167024,3.879967880085653,22.766095645967166,8.604078112876211
Manhattan,Midtown East,Manhattan,Clinton West,934,20551.22,22.003447537473235,1.644014989293362,15.239864382583868,13.813751605067388
Manhattan,Lenox Hill West,Manhattan,Times Sq/Theatre District,932,21605.67,23.182049356223175,1.9760085836909873,16.058082975679543,12.132578635991887
Manhattan,Lower East Side,Manhattan,Murray Hill,932,21136.86,22.679034334763948,2.35524678111588,13.30793991416309,9.807709254762779
Manhattan,East Village,Manhattan,Clinton East,929,26769.72,28.81562970936491,3.3068245425188376,19.963006817366345,8.848742716275355
Manhattan,Garment District,Manhattan,UN/Turtle Bay South,927,16879.23,18.20844660194175,1.21445523193096,11.214796835670622,15.531226649108616
Manhattan,Gramercy,Manhattan,Times Sq/Theatre District,926,21695.97,23.42977321814255,2.048120950323974,16.178689704823615,11.747209824597212
Manhattan,West Village,Manhattan,Upper West Side South,925,31468.54,34.020043243243244,4.452940540540541,21.737027027027025,7.689294992769102
Manhattan,Upper West Side South,Manhattan,Sutton Place/Turtle Bay North,923,23524.3,25.486782231852654,2.624160346695558,16.917984832069337,9.822782210062915
Manhattan,Clinton West,Manhattan,East Chelsea,923,15994.07,17.328353196099673,1.4587107258938246,8.65406283856988,12.702439217273273
Manhattan,Greenwich Village South,Manhattan,Midtown South,922,18645.11,20.222462039045553,1.7985574837310194,12.02915762834418,11.472014737057702
Manhattan,Greenwich Village South,Manhattan,Little Italy/NoLiTa,918,13489.43,14.694368191721134,0.7773420479302833,6.592283950617284,21.351245158313034
Manhattan,UN/Turtle Bay South,Manhattan,Midtown South,918,15615.3,17.010130718954247,1.0816666666666668,9.83322440087146,16.372644981384287
Manhattan,Upper West Side North,Manhattan,Midtown East,917,25526.36,27.83681570338059,2.982791712104689,19.541166848418758,9.436371243585663
Manhattan,Upper West Side North,Manhattan,East Harlem North,917,20356.12,22.198604143947655,2.6372300981461287,14.03217011995638,8.437984604508866
Manhattan,Greenwich Village North,Manhattan,Lower East Side,910,16644.48,18.290637362637362,1.285252747252747,10.372216117216118,14.932272824706253
Manhattan,Upper East Side South,Manhattan,Manhattan Valley,910,22954.91,25.225175824175825,2.7928241758241756,15.481428571428571,9.125234070501323
Manhattan,UN/Turtle Bay South,Manhattan,East Village,910,17670.9,19.41857142857143,1.9403296703296704,10.360714285714286,10.200448673160619
Queens,JFK Airport,Manhattan,West Village,910,86369.29,94.91130769230769,19.093802197802198,46.02835164835165,4.996095437862514
Manhattan,East Chelsea,Manhattan,Lenox Hill West,906,28427.57,31.377008830022074,3.386898454746137,23.352391464311992,9.408893404080498
Queens,JFK Airport,Brooklyn,Williamsburg (South Side),905,74071.58,81.84704972375691,16.804872928176795,39.851233885819525,4.890374952788425
Manhattan,Penn Station/Madison Sq West,Manhattan,Battery Park City,905,26355.81,29.12244198895028,3.681160220994475,18.049686924493553,7.963490057036651
Manhattan,Hudson Sq,Manhattan,West Village,905,12156.61,13.4327182320442,0.7337237569060773,4.672228360957643,24.454882363455617
Manhattan,Upper East Side South,Manhattan,West Village,905,29480.82,32.57549171270718,3.665513812154696,23.86766114180479,9.000598345311412
Manhattan,East Chelsea,Manhattan,Little Italy/NoLiTa,904,23130.66,25.587013274336282,2.48804203539823,18.35492256637168,10.492192201478897
Queens,LaGuardia Airport,Queens,Astoria,901,27721.1,30.76703662597114,3.4748945615982243,12.749500554938956,9.04579706134868
Manhattan,East Harlem North,Manhattan,East Harlem South,901,10514.09,11.66935627081021,1.0902441731409545,6.886440991490936,12.374160452966114
Manhattan,Greenwich Village North,Manhattan,West Chelsea/Hudson Yards,901,19324.91,21.448290788013317,1.944128745837958,13.465593784683685,11.480076495608644
Manhattan,TriBeCa/Civic Center,Manhattan,Midtown Center,900,30487.25,33.874722222222225,4.194877777777777,23.728185185185183,8.391604199023583
Manhattan,Little Italy/NoLiTa,Manhattan,Gramercy,898,16110.05,17.939922048997772,1.4505567928730512,9.375946547884187,12.667441068723347
Manhattan,Clinton East,Manhattan,Central Park,895,17683.8,19.758435754189943,1.9007486033519554,11.478640595903165,11.923624376130332
Manhattan,East Village,Manhattan,West Chelsea/Hudson Yards,894,22677.98,25.366868008948547,2.6601677852348993,16.997576435495898,9.784436928019241
Manhattan,Times Sq/Theatre District,EWR,Newark Airport,891,111854.65,125.53832772166105,18.07287317620651,34.403385708941265,6.962685022192399
Manhattan,Lincoln Square East,Manhattan,UN/Turtle Bay South,890,20826.34,23.40038202247191,2.2763370786516854,15.48696629213483,10.486278541738637
Manhattan,Lincoln Square East,Manhattan,Flatiron,889,21050.2,23.6785151856018,2.502294713160855,14.895706786651669,9.634712888128131
Manhattan,Upper West Side South,Manhattan,Murray Hill,888,25765.17,29.01483108108108,3.2015427927927926,20.66509009009009,9.174687873817485
Manhattan,East Chelsea,Manhattan,Sutton Place/Turtle Bay North,886,23899.98,26.975146726862302,2.5595372460496613,19.483145221971405,10.820400087949109
Manhattan,Midtown South,Queens,LaGuardia Airport,886,60085.95,67.8170993227991,9.921060948081264,27.329589917231,6.913285714453021
Manhattan,Yorkville East,Manhattan,UN/Turtle Bay South,883,18792.77,21.28286523216308,2.5681200453001134,10.466024915062288,8.39131161147227
Manhattan,Midtown South,Manhattan,TriBeCa/Civic Center,883,23699.3,26.839524348810873,2.993295583238958,17.81908267270668,9.201499347197116
Manhattan,Upper East Side North,Manhattan,Central Harlem,882,17891.75,20.285430839002267,2.0889909297052154,10.97267573696145,10.00620644492261
Manhattan,Lincoln Square West,Manhattan,Clinton West,882,13101.09,14.853843537414965,1.0560430839002266,6.281802721088436,15.786574739287628
Queens,JFK Airport,Queens,Jamaica,881,29364.78,33.331191827468786,5.961838819523269,17.413885735906167,8.605273889500276
Manhattan,Meatpacking/West Village West,Manhattan,Flatiron,881,13546.79,15.376606129398413,0.9797843359818389,6.3341089670828605,16.99824879246138
Manhattan,Lincoln Square East,Manhattan,Central Harlem,880,22753.78,25.85656818181818,3.146125,15.099962121212121,8.311275439439628
Manhattan,Upper West Side South,Manhattan,Central Harlem,879,19578.72,22.273856655290103,2.4097610921501706,12.512855517633675,9.545918576236614
Manhattan,Central Park,Manhattan,Lenox Hill East,877,18062.73,20.596043329532495,1.6494298745724059,13.142949448878753,13.231000200198368
Manhattan,Meatpacking/West Village West,Manhattan,East Village,877,18097.829999999998,20.636066134549598,1.6317901938426453,13.401235271759788,13.071209364139674
Manhattan,TriBeCa/Civic Center,Manhattan,Times Sq/Theatre District,876,27985.239999999998,31.946621004566207,3.8241552511415526,23.029813546423135,8.62197866232922
Manhattan,Yorkville East,Manhattan,Upper West Side North,875,18484.39,21.125017142857143,2.012514285714286,12.659790476190476,10.663017343944281
Manhattan,TriBeCa/Civic Center,Manhattan,Greenwich Village South,875,14713.84,16.815817142857142,1.1896914285714286,8.421028571428572,14.770988744299247
Manhattan,Kips Bay,Manhattan,Lenox Hill East,874,18189.41,20.811681922196797,2.122425629290618,11.760640732265445,10.082034730952445
Queens,JFK Airport,Brooklyn,Boerum Hill,874,80007.02,91.54121281464532,18.550926773455377,46.01258581235698,5.04530246402376
Manhattan,UN/Turtle Bay South,Manhattan,Yorkville West,873,19734.07,22.604891179839633,2.2853264604810994,13.50135547919053,10.881519842677658
Manhattan,Little Italy/NoLiTa,Manhattan,Murray Hill,871,19837.95,22.77606199770379,2.301182548794489,14.28534251817834,10.025729212475255
Manhattan,Garment District,Manhattan,Clinton West,870,15689.65,18.034080459770113,1.2650229885057471,10.771436781609195,15.518245581796444
Manhattan,West Village,Manhattan,Midtown North,865,23376.53,27.0248901734104,2.7818034682080928,18.776878612716764,9.893193806401344
Manhattan,East Village,Manhattan,Meatpacking/West Village West,865,17191.54,19.874612716763007,1.5851791907514452,12.203256262042391,12.817118118608931
Manhattan,Meatpacking/West Village West,Manhattan,Union Sq,864,15585.96,18.039305555555554,1.3955208333333333,10.151215277777778,13.37939859935327
Manhattan,Gramercy,Manhattan,West Chelsea/Hudson Yards,862,18702.99,21.697204176334107,1.8621229698375872,14.009822119102862,11.974140056790697
Manhattan,East Village,Manhattan,Financial District North,862,20875.84,24.217911832946637,2.812935034802784,13.227900232018563,9.088276567149954
Manhattan,Times Sq/Theatre District,Manhattan,Greenwich Village North,861,21308.75,24.74883855981417,2.4036469221835075,16.76521486643438,10.424394144678287
Manhattan,Midtown Center,Manhattan,Battery Park City,857,34436.43,40.18253208868145,5.701551925320886,25.82135355892649,7.178655580973072
Manhattan,Upper West Side North,Manhattan,Yorkville East,856,18629.2,21.763084112149535,1.995035046728972,13.284579439252337,11.074765886821234
Manhattan,Gramercy,Manhattan,TriBeCa/Civic Center,854,20777.9,24.33009367681499,2.5047540983606558,15.488290398126464,10.197993370536633
Manhattan,East Village,Manhattan,Times Sq/Theatre District,853,23479.16,27.525392731535756,2.9377139507620162,19.511742868307934,9.536911822354579
Manhattan,Greenwich Village South,Manhattan,West Chelsea/Hudson Yards,853,19807.7,23.22121922626026,2.3602461899179366,14.253653771004299,10.114083451174702
Manhattan,Midtown South,Manhattan,Yorkville West,852,24043.51,28.22008215962441,3.244683098591549,18.37566510172144,8.79817103067121
Manhattan,Garment District,Manhattan,Sutton Place/Turtle Bay North,850,18055.41,21.241658823529413,1.7366588235294118,13.889470588235293,12.507258720200728
Manhattan,Sutton Place/Turtle Bay North,Manhattan,Penn Station/Madison Sq West,847,20061.74,23.685643447461633,2.057296340023613,16.965879574970483,11.671014081005936
Queens,LaGuardia Airport,Manhattan,Greenwich Village North,846,61317.81,72.47968085106383,10.503853427895981,29.634633569739954,6.936686349477322
Manhattan,East Harlem South,Manhattan,Upper East Side South,846,16666.28,19.700094562647752,1.734858156028369,11.254117415287629,11.739634842539457
Manhattan,West Village,Manhattan,Lincoln Square East,846,26046.7,30.78806146572104,3.5625059101654846,20.66201733648542,8.792865010274722
Manhattan,Upper West Side North,Manhattan,East Chelsea,845,23878.93,28.25908875739645,3.5398816568047335,17.680927021696252,8.214356970689256
Manhattan,Kips Bay,Manhattan,Midtown South,845,12987.0,15.36923076923077,0.8308757396449704,7.908461538461538,19.81454983502872
Manhattan,Midtown South,Manhattan,Upper West Side South,845,24693.81,29.22344378698225,3.139656804733728,20.108481262327416,9.44008510741762
Queens,JFK Airport,Brooklyn,Brooklyn Heights,844,80848.31,95.791836492891,20.10919431279621,43.82000394944708,4.812642605127361
Manhattan,TriBeCa/Civic Center,Manhattan,Murray Hill,843,25991.53,30.83218268090154,3.8668801897983394,20.044721233689206,8.39164247495948
Manhattan,Garment District,Manhattan,West Village,842,16497.09,19.59274346793349,1.6978622327790973,11.134026128266033,11.922228278065663
Queens,LaGuardia Airport,Manhattan,TriBeCa/Civic Center,842,65240.09,77.48229216152019,12.514121140142517,34.52056611243072,6.216187791451758
Manhattan,Flatiron,Manhattan,Greenwich Village South,841,14713.89,17.495707491082044,1.2879310344827588,9.646928260007927,14.102506112012165
Queens,JFK Airport,Queens,Astoria,839,58834.83,70.1249463647199,14.58004767580453,32.479976162097735,4.812646318263451
Manhattan,UN/Turtle Bay South,Manhattan,Upper East Side North,838,20364.73,24.301587112171838,2.4016109785202864,16.05417661097852,10.358567361321256
Manhattan,Lenox Hill West,Manhattan,Lincoln Square West,837,18693.85,22.334348864994023,2.03752688172043,14.10410195141378,11.160218514446948
Manhattan,TriBeCa/Civic Center,Manhattan,Lower East Side,835,16428.93,19.67536526946108,1.4666107784431137,11.944530938123751,14.449629713393112
Manhattan,Upper East Side North,Manhattan,UN/Turtle Bay South,835,21165.94,25.34843113772455,2.646491017964072,16.680359281437127,9.852036123415335
Manhattan,West Chelsea/Hudson Yards,Manhattan,Midtown East,835,20945.52,25.08445508982036,2.106443113772455,18.621017964071857,12.306914027229531
Manhattan,Clinton East,Queens,JFK Airport,834,75952.77,91.07046762589928,17.693465227817747,52.85275779376499,5.654378321055056
Manhattan,Penn Station/Madison Sq West,Manhattan,Financial District North,832,28723.39,34.523305288461536,4.56859375,22.444931891025643,7.693081132815
Manhattan,Clinton East,Manhattan,Lenox Hill East,831,21099.41,25.390385078219012,2.5746450060168473,17.77507019655034,10.092819079807644
Manhattan,Penn Station/Madison Sq West,Manhattan,SoHo,831,19094.34,22.977545126353792,2.270806257521059,15.064560770156438,10.195627902140842
Manhattan,Manhattan Valley,Manhattan,East Harlem South,830,12531.89,15.098662650602408,1.5446987951807227,10.299156626506024,10.013944898694174
Manhattan,Clinton East,Manhattan,UN/Turtle Bay South,830,16988.79,20.46842168674699,1.5324698795180725,13.824277108433735,16.352086904847624
Manhattan,West Village,Manhattan,Upper East Side South,827,26642.77,32.21616686819831,3.6750544135429264,23.177367996775494,8.852796550659212
Manhattan,Upper East Side South,Queens,LaGuardia Airport,827,54571.74,65.98759371221281,9.631886336154777,27.467593712212818,6.968257275933435
Manhattan,UN/Turtle Bay South,Manhattan,Union Sq,827,15785.22,19.0873276904474,1.6121765417170495,11.570515920999599,12.06776794756684
Manhattan,Lower East Side,Manhattan,Lower East Side,826,13573.47,16.432772397094432,0.667360774818402,5.897397094430993,140.49863769148791
Queens,LaGuardia Airport,Manhattan,Financial District North,825,66364.67,80.44202424242424,13.188024242424243,32.60915151515152,6.111501773628063
Manhattan,Central Park,Manhattan,East Chelsea,825,23045.28,27.933672727272725,3.0941575757575754,19.51260606060606,9.422613692675753
Manhattan,East Chelsea,Manhattan,Kips Bay,825,17406.88,21.099248484848488,1.627030303030303,14.237333333333332,13.356823255607813
Manhattan,West Village,Manhattan,Midtown East,824,21608.25,26.22360436893204,2.7566747572815533,17.801577669902912,9.6583549071583
Manhattan,Clinton East,Manhattan,Gramercy,824,19668.31,23.869308252427185,2.392864077669903,16.055177993527508,10.179349199045065
Manhattan,Lincoln Square East,Manhattan,Gramercy,820,23412.29,28.551573170731707,3.2409024390243903,19.538638211382114,8.901386204508915
Manhattan,Clinton West,Manhattan,Lincoln Square East,817,12332.65,15.095042839657282,1.0623011015911872,6.885128518971848,15.650451335060918
Manhattan,TriBeCa/Civic Center,Manhattan,Flatiron,817,17024.65,20.838004895960832,2.0699265605875152,11.500754793961649,10.311835502415292
Manhattan,Penn Station/Madison Sq West,Manhattan,Hudson Sq,816,17069.97,20.919080882352944,2.0705392156862743,12.364195261437908,10.231815593684056
Manhattan,Sutton Place/Turtle Bay North,Manhattan,Upper West Side South,815,21576.86,26.474674846625767,2.7399877300613498,17.61345603271984,9.759563246281202
Manhattan,East Village,Manhattan,Lenox Hill East,813,21311.53,26.213444034440343,3.3729889298892988,15.43640836408364,7.876349604329906
Manhattan,Lincoln Square East,Manhattan,West Village,812,22881.52,28.1792118226601,3.216231527093596,18.738362068965515,8.861249569227846
Manhattan,Greenwich Village South,Manhattan,Times Sq/Theatre District,812,21422.22,26.382044334975372,2.658793103448276,18.138464696223316,10.118453335318744
Manhattan,Yorkville West,Manhattan,Midtown North,812,18153.94,22.35706896551724,2.0998275862068967,14.364716748768473,10.804840232478929
Queens,JFK Airport,Manhattan,Manhattan Valley,811,75934.88,93.63117139334156,20.045548705302096,44.25949445129469,4.682988481744621
Manhattan,Lincoln Square West,Manhattan,Manhattan Valley,809,15722.04,19.433918417799752,1.8905067985166875,9.923423980222497,10.587085503409321
Manhattan,Manhattan Valley,Manhattan,Central Harlem,808,10890.69,13.478576732673268,1.2998019801980198,8.14884488448845,10.8114315615554
Queens,East Elmhurst,Manhattan,Times Sq/Theatre District,807,59862.98,74.17965303593557,10.133023543990086,34.2897356464271,7.427902242317105
Manhattan,Garment District,Manhattan,Kips Bay,807,15436.34,19.128054522924412,1.4695167286245354,12.134882280049567,13.557354957503835
Manhattan,Lincoln Square East,Manhattan,Bloomingdale,807,17403.44,21.565600991325898,2.3560966542750927,11.09847170590665,9.24937123443935
Manhattan,Lenox Hill East,Manhattan,Central Park,806,16778.78,20.817344913151363,1.7172084367245657,13.260380479735318,12.891179299502923
Queens,JFK Airport,Brooklyn,Bedford,804,56361.98,70.10196517412936,13.638283582089553,40.012064676616916,5.214605060294383
Manhattan,Midtown South,Manhattan,Lenox Hill East,803,20649.99,25.716052303860526,2.6651805728518054,17.361062681610626,9.760626761259894
Manhattan,Upper East Side South,Manhattan,Flatiron,801,22675.3,28.308739076154804,2.913183520599251,20.318206408655847,9.849137659163015
Manhattan,Lincoln Square West,Manhattan,East Chelsea,800,17292.23,21.6152875,2.2695625,12.273770833333334,22.113978737691415
Manhattan,Lenox Hill East,Manhattan,Penn Station/Madison Sq West,799,24303.23,30.417058823529413,3.196821026282854,22.471923237380057,9.609068386558826
Manhattan,Lenox Hill East,Manhattan,Kips Bay,799,17674.17,22.120362953692112,2.56279098873592,11.274092615769712,8.824146103859189
Manhattan,Central Park,Manhattan,Penn Station/Madison Sq West,797,21950.49,27.541392722710164,2.654642409033877,20.482622333751568,10.801102548233253
Manhattan,Lenox Hill East,Manhattan,East Harlem North,795,18545.93,23.32821383647799,2.8310314465408806,13.776582809224319,8.364008478801589
Manhattan,Sutton Place/Turtle Bay North,Manhattan,Clinton East,794,17048.8,21.472040302267,1.5955037783375314,14.6247691015953,13.868291049114156
Manhattan,Murray Hill,Manhattan,Upper West Side North,793,25957.69,32.73353089533417,3.828726355611601,23.143190416141234,8.626241620025606
Manhattan,Flatiron,Manhattan,Lincoln Square East,793,21563.3,27.19205548549811,2.7391677175283733,18.671963009667927,10.091613747029815
Manhattan,East Chelsea,Manhattan,SoHo,792,18262.91,23.059229797979796,2.183977272727273,15.21176346801347,10.919122172030045
Manhattan,East Chelsea,Manhattan,Lower East Side,791,22767.7,28.783438685208598,2.8997724399494307,21.279414243573534,10.224013734349159
Manhattan,Clinton East,Manhattan,Yorkville West,791,21559.079999999998,27.25547408343868,3.2448166877370417,17.131458069953645,8.500039541250937
Manhattan,Central Park,Manhattan,Sutton Place/Turtle Bay North,790,16566.32,20.970025316455697,1.7602025316455696,13.037784810126583,13.150362814561054
Manhattan,Upper East Side North,Manhattan,Gramercy,790,24480.76,30.98830379746835,3.6786075949367087,21.16354430379747,8.580278437852234
Manhattan,Kips Bay,Manhattan,Midtown Center,790,15125.3,19.14594936708861,1.461,12.02139240506329,13.495835794924087
Manhattan,Lower East Side,Manhattan,TriBeCa/Civic Center,789,14795.07,18.75167300380228,1.465209125475285,10.306548373468527,13.777544219127176
Manhattan,Times Sq/Theatre District,Manhattan,Meatpacking/West Village West,788,19472.079999999998,24.710761421319795,2.5319289340101525,16.08898054145516,9.907151749444997
Manhattan,Union Sq,Manhattan,Yorkville West,788,24424.17,30.99513959390863,3.7772715736040605,20.50452622673435,8.30531927053711
Manhattan,West Chelsea/Hudson Yards,Manhattan,Upper East Side South,788,22967.69,29.14681472081218,3.057766497461929,20.908396785109982,9.678048321508538
Manhattan,Greenwich Village North,Manhattan,Upper East Side South,786,23736.26,30.198804071246816,3.177531806615776,21.725127226463105,9.594952392194104
Manhattan,Garment District,Manhattan,Lincoln Square West,785,18033.9,22.973121019108284,2.0414904458598726,15.174501061571126,11.468029202856583
Manhattan,West Village,Manhattan,Lenox Hill West,785,25355.22,32.299643312101914,4.086433121019108,22.143014861995752,8.446161329674364
Manhattan,Clinton East,Manhattan,Manhattan Valley,785,19990.66,25.465808917197453,3.085082802547771,13.83407643312102,8.33514595792695
Manhattan,Midtown North,Manhattan,TriBeCa/Civic Center,785,27941.69,35.594509554140124,4.528089171974522,25.236963906581742,8.007583286968304
Manhattan,Flatiron,Manhattan,Kips Bay,783,14398.53,18.388927203065133,1.329425287356322,10.837037037037037,14.37163199886905
Manhattan,Lenox Hill West,Manhattan,East Village,781,21139.05,27.06664532650448,3.526312419974392,16.093213828425096,7.830591144927648
Manhattan,UN/Turtle Bay South,Manhattan,Midtown North,781,15443.73,19.774302176696544,1.408066581306018,12.795006402048655,14.719494882517516
Manhattan,Lenox Hill West,Manhattan,Penn Station/Madison Sq West,780,21782.92,27.92682051282051,2.828705128205128,20.490470085470086,9.981315700989734
Manhattan,Garment District,Manhattan,Upper East Side North,779,21959.47,28.189306803594352,3.042207958921695,19.634552845528457,9.405652139565161
Manhattan,Times Sq/Theatre District,Manhattan,Manhattan Valley,779,21519.01,27.623889602053914,3.2971245186136073,16.289709028669233,8.459219043033455
Manhattan,Flatiron,Manhattan,Midtown North,776,17964.86,23.150592783505154,2.0078221649484536,15.899312714776633,11.78691154152427
Manhattan,Penn Station/Madison Sq West,Manhattan,Central Park,775,21056.329999999998,27.169458064516128,2.639341935483871,20.210193548387096,11.060037387422483
Manhattan,Hudson Sq,Manhattan,TriBeCa/Civic Center,775,11454.27,14.779703225806452,0.8794967741935484,6.389397849462366,18.730607861391476
Manhattan,Upper East Side North,Manhattan,West Chelsea/Hudson Yards,774,25288.27,32.6721834625323,4.290361757105943,22.334065460809647,7.696962525200198
Manhattan,Yorkville West,Manhattan,Central Park,774,13397.79,17.309806201550387,1.362687338501292,9.183225667527992,14.330432360471491
Manhattan,Gramercy,Manhattan,Clinton East,774,19652.47,25.39078811369509,2.3777777777777778,17.763264427217916,10.921186176753976
Queens,JFK Airport,Manhattan,Battery Park City,774,73453.06,94.90059431524547,23.263992248062017,48.71483634797588,4.141285818912105
Manhattan,Greenwich Village North,Manhattan,Times Sq/Theatre District,773,19328.31,25.004282018111258,2.2737128072445016,17.92632600258732,11.155270742671851
Queens,JFK Airport,Brooklyn,Flatbush/Ditmas Park,773,61049.54,78.97741267787839,16.104023285899093,39.61897369555843,4.9308650407266965
Manhattan,Lenox Hill East,Manhattan,Lincoln Square West,771,19616.85,25.44338521400778,2.3024902723735408,17.826913099870296,11.171663016837506
Manhattan,Little Italy/NoLiTa,Manhattan,Union Sq,769,14838.64,19.29602080624187,1.6700520156046814,11.108300823580407,11.899568193136751
Manhattan,Midtown East,Manhattan,Greenwich Village South,766,19497.27,25.453355091383813,2.614373368146214,16.797127937336814,9.821832304280107
Queens,LaGuardia Airport,Manhattan,Lincoln Square West,765,58752.92,76.80120261437908,11.130915032679738,33.503289760348586,6.951493949164091
Manhattan,Central Park,Manhattan,Murray Hill,764,18246.59,23.882971204188483,2.2292277486910996,16.490684991273998,11.258552421073267
Manhattan,Garment District,Manhattan,Upper West Side North,762,22240.7,29.18727034120735,3.322270341207349,18.93053368328959,8.934455852202301
Manhattan,East Village,Manhattan,Upper East Side North,759,24540.26,32.33235836627141,4.352437417654809,20.226679841897234,7.495498469064434
Manhattan,TriBeCa/Civic Center,Manhattan,Gramercy,756,18505.98,24.478809523809524,2.6188624338624336,15.288536155202822,9.747185062677424
Manhattan,SoHo,Manhattan,Union Sq,756,14366.2,19.002910052910053,1.5775661375661376,10.885736331569666,12.32911734859537
Manhattan,Clinton East,Queens,LaGuardia Airport,755,54868.79,72.6738940397351,11.116092715231787,32.43686534216335,6.606828015593491
Manhattan,Lenox Hill West,Manhattan,Clinton East,755,18452.88,24.440900662251657,2.31476821192053,16.72028697571744,10.888832234443349
Manhattan,Midtown North,Manhattan,Manhattan Valley,755,19235.64,25.477668874172185,2.859072847682119,15.22626931567329,8.985445053034267
Manhattan,Lenox Hill West,Manhattan,Union Sq,754,20614.2,27.33978779840849,3.003872679045093,18.550198938992043,9.247529187595024
Manhattan,Manhattan Valley,Manhattan,Lincoln Square West,752,14953.13,19.884481382978723,1.835651595744681,11.387876773049644,11.058585097738794
Manhattan,West Village,Manhattan,Upper East Side North,752,27405.86,36.443962765957444,4.702473404255319,25.667664007092196,7.8282520565891796
Manhattan,Lower East Side,Manhattan,Kips Bay,752,14520.76,19.309521276595746,1.8829255319148936,10.39804964539007,10.54422139713871
Manhattan,Murray Hill,Manhattan,Lincoln Square West,751,21116.63,28.118015978695073,2.6830492676431423,20.3242787394585,10.855614726771268
Manhattan,Midtown South,Manhattan,Greenwich Village South,751,14812.01,19.72304926764314,1.7293209054593874,11.484642698624057,11.589528820416742
Manhattan,West Chelsea/Hudson Yards,Manhattan,East Village,751,19694.5,26.224367509986685,2.6899733688415446,18.38635153129161,9.952001322421022
Queens,JFK Airport,Brooklyn,Bushwick South,751,45809.85,60.99846870838881,11.769933422103861,34.06007545494896,5.236169406797028
Queens,JFK Airport,Manhattan,World Trade Center,750,70400.8,93.86773333333333,22.883480000000002,49.19195555555556,4.161326372292609
Manhattan,Midtown East,Manhattan,Battery Park City,750,29437.47,39.24996,6.118946666666667,22.23926666666667,6.4858803428114395
Manhattan,East Village,Manhattan,Upper East Side South,749,20716.72,27.65917222963952,3.315754339118825,17.507098353360036,8.471226075169618
Manhattan,Midtown South,Manhattan,Little Italy/NoLiTa,749,17502.16,23.367369826435247,2.276194926568758,15.467267467734757,10.41083635870847
Manhattan,Midtown North,Manhattan,Greenwich Village North,747,19402.6,25.974029451137884,2.601097724230254,17.54460062472111,10.072201179536416
Manhattan,Yorkville East,Manhattan,East Harlem North,744,14120.21,18.978776881720428,2.1267338709677417,9.390837813620072,9.20300931298649
Manhattan,Little Italy/NoLiTa,Manhattan,Greenwich Village North,744,11355.34,15.262553763440861,1.0238306451612904,6.817921146953406,19.250553148658454
Manhattan,Midtown Center,Manhattan,Lower East Side,744,23046.329999999998,30.976249999999997,3.5728897849462364,21.98785842293907,8.831104578559213
Manhattan,Little Italy/NoLiTa,Manhattan,Times Sq/Theatre District,742,23115.81,31.15338274932615,3.3797708894878706,23.72922282120395,9.332743609220355
Manhattan,Greenwich Village South,Manhattan,Midtown Center,742,19125.79,25.775997304582212,2.6087870619946094,17.83901617250674,9.973753625957766
Manhattan,UN/Turtle Bay South,Queens,LaGuardia Airport,741,48786.87,65.83923076923077,69.40344129554656,22.67991452991453,6.6496073036549825
Manhattan,Times Sq/Theatre District,Manhattan,Little Italy/NoLiTa,739,22405.94,30.319269282814613,3.425209742895805,22.96463689670726,8.953468848888429
Manhattan,West Chelsea/Hudson Yards,Manhattan,Gramercy,738,16536.49,22.40716802168022,1.9123577235772358,14.689950316169828,12.372558816676685
Manhattan,Midtown East,Manhattan,East Harlem South,736,18550.96,25.20510869565217,2.713029891304348,16.198641304347827,9.460398494453527
Manhattan,Lenox Hill West,Manhattan,Midtown South,736,18024.84,24.490271739130435,2.3847690217391304,16.691508152173913,11.298930516908925
Manhattan,Clinton East,Manhattan,Meatpacking/West Village West,736,15978.73,21.71023097826087,2.2310190217391304,12.257608695652175,10.022869340377737
Queens,LaGuardia Airport,Brooklyn,Park Slope,734,52707.6,71.80871934604905,12.039863760217983,36.42343324250681,5.996724747093064
Manhattan,Clinton East,Manhattan,East Village,733,21004.35,28.655320600272848,3.257980900409277,20.115529786266485,8.93136210758606
Manhattan,Upper West Side South,Queens,LaGuardia Airport,732,51527.46,70.39270491803279,10.587636612021857,29.31586976320583,6.80716405458392
Queens,LaGuardia Airport,Brooklyn,Williamsburg (North Side),731,35796.71,48.96950752393981,7.5216552667578656,20.273962608299133,6.608788167232268
Manhattan,Union Sq,Manhattan,Lenox Hill East,730,20891.21,28.61809589041096,3.2047945205479453,19.689817351598176,9.041679963776286
Manhattan,Upper West Side South,Manhattan,Union Sq,729,22994.64,31.542716049382715,3.751454046639232,22.30692729766804,8.49322921431697
Manhattan,World Trade Center,Manhattan,TriBeCa/Civic Center,726,10958.0,15.09366391184573,0.8817768595041322,6.756083562901745,21.417573952507116
Manhattan,Gramercy,Manhattan,Little Italy/NoLiTa,726,13572.42,18.69479338842975,1.5042011019283745,10.735881542699724,12.763723079557984
Manhattan,Greenwich Village South,Manhattan,SoHo,724,10340.31,14.282196132596685,0.7440055248618784,6.0880985267035,21.993862467308535
Queens,JFK Airport,Manhattan,West Chelsea/Hudson Yards,724,69436.27,95.9064502762431,18.473977900552487,48.17967311233886,5.214606452679469
Manhattan,Lenox Hill West,Manhattan,East Harlem North,724,15640.16,21.60243093922652,2.6660773480662985,11.72633517495396,8.179980079101375
Manhattan,West Chelsea/Hudson Yards,Manhattan,Battery Park City,723,18737.04,25.915684647302907,3.167717842323652,14.516159520516366,19.152237620702888
Manhattan,Clinton West,Manhattan,Upper West Side South,722,12981.07,17.979321329639887,1.671759002770083,8.659002770083102,11.23772918578926
Manhattan,Yorkville East,Manhattan,Murray Hill,722,17987.96,24.914072022160664,3.0192382271468143,14.511842105263156,8.32830953969905
Manhattan,Upper East Side North,Manhattan,Greenwich Village North,722,25214.07,34.92253462603878,4.087783933518006,24.932594644506,8.624302028645413
Queens,JFK Airport,Brooklyn,East New York,721,27223.11,37.75743411927878,7.606393897364772,18.847526583448914,5.021191558137983
Queens,JFK Airport,Manhattan,Central Harlem,721,67032.26,92.97123439667128,18.504729542302357,40.38153028201572,5.032887282208314
Manhattan,Greenwich Village North,Manhattan,Kips Bay,720,13249.0,18.40138888888889,1.4815555555555555,10.581296296296298,12.699835960959172
Manhattan,World Trade Center,Manhattan,Times Sq/Theatre District,719,26078.47,36.27047287899861,4.694534075104311,26.301668984700974,7.900907328895926
Manhattan,TriBeCa/Civic Center,Manhattan,Hudson Sq,718,9980.75,13.900766016713092,0.7977019498607242,5.391295264623955,19.716481163314388
Manhattan,Garment District,Manhattan,Gramercy,717,14173.92,19.76836820083682,1.6217712691771269,11.93305439330544,12.62527915857813
Manhattan,Meatpacking/West Village West,Manhattan,Murray Hill,716,17360.61,24.246662011173186,2.3919692737430167,16.101838919925513,10.271059069532058
Manhattan,East Village,Manhattan,Stuy Town/Peter Cooper Village,715,10341.12,14.463104895104896,0.8835104895104896,5.811095571095572,17.84644123460029
Manhattan,TriBeCa/Civic Center,Manhattan,Midtown East,715,25397.94,35.521594405594406,5.113048951048951,21.613053613053612,7.267599629587312
Manhattan,Clinton East,Manhattan,TriBeCa/Civic Center,715,21905.96,30.63770629370629,3.907846153846154,20.630000000000003,7.906341927177543
Manhattan,Union Sq,Manhattan,Hudson Sq,715,13800.28,19.30109090909091,1.7124615384615385,11.079463869463869,11.586039055850215
Manhattan,Greenwich Village South,Manhattan,Greenwich Village South,713,10818.49,15.173197755960729,0.5952454417952314,5.212762973352033,144.71538978676662
Manhattan,Little Italy/NoLiTa,Manhattan,East Chelsea,713,17095.03,23.976199158485272,2.4549649368863955,15.441117344553529,9.947843520160637
Manhattan,Murray Hill,Manhattan,Lower East Side,710,17993.06,25.342338028169017,2.739070422535211,16.17807511737089,9.496027522892339
Queens,LaGuardia Airport,Queens,Jackson Heights,709,18306.89,25.820719322990126,2.4023413258110016,11.36732487070992,11.89760458639891
Manhattan,Clinton East,Manhattan,Kips Bay,709,16509.16,23.285133991537375,2.145867418899859,16.638034790785145,11.088984978860628
Manhattan,Central Park,Manhattan,Union Sq,707,19261.13,27.243465346534656,2.7936350777934935,19.293635077793493,10.014405530724309
Manhattan,Lower East Side,Manhattan,Greenwich Village South,706,10932.64,15.485325779036826,0.9331161473087818,7.364636449480642,17.99199302765443
Queens,JFK Airport,Manhattan,Little Italy/NoLiTa,706,63772.97,90.32998583569405,18.56586402266289,46.01010387157696,4.8819291032449055
Manhattan,Garment District,Manhattan,Lenox Hill West,706,17714.02,25.090679886685553,2.440084985835694,17.219121813031162,10.438168788186648
Manhattan,Upper West Side South,Manhattan,Midtown South,705,19804.45,28.091418439716314,3.044340425531915,20.173758865248228,9.351964445606695
Manhattan,West Chelsea/Hudson Yards,Manhattan,Upper West Side North,704,20162.65,28.64012784090909,3.5321448863636364,16.849408143939396,9.65259202034049
Manhattan,Morningside Heights,Manhattan,Lincoln Square East,704,17815.45,25.306036931818184,2.7091051136363635,15.722774621212123,9.482833760704104
Manhattan,Kips Bay,Manhattan,Kips Bay,702,9946.44,14.16871794871795,0.7441168091168091,5.223599240265907,82.4184666343649
Manhattan,Upper East Side South,Manhattan,East Harlem North,702,16348.789999999999,23.288874643874642,2.751239316239316,13.671913580246912,8.761541590850994
Queens,JFK Airport,Manhattan,Clinton West,702,66578.53,94.84121082621083,19.40588319088319,52.64579772079772,4.938031548805559
Manhattan,Flatiron,Manhattan,Upper West Side South,700,21772.23,31.103185714285715,3.668885714285714,20.484357142857142,8.546285764566766
Manhattan,Times Sq/Theatre District,Manhattan,Kips Bay,700,15381.74,21.973914285714287,1.9247999999999998,14.299761904761906,11.711280375737266
Manhattan,Lincoln Square West,Manhattan,Midtown East,699,15515.21,22.19629470672389,2.0178254649499285,14.497782546494994,11.180519038924437
Manhattan,Gramercy,Manhattan,Garment District,698,13879.85,19.885171919770773,1.5791117478510028,12.760004775549188,12.9775005974764
Manhattan,West Chelsea/Hudson Yards,Manhattan,Greenwich Village North,698,15863.75,22.72743553008596,2.116489971346705,14.643099331423114,11.015066774469938
Manhattan,UN/Turtle Bay South,Manhattan,UN/Turtle Bay South,697,10893.93,15.629741750358681,0.7466857962697275,4.762960306073649,158.39171053269231
Manhattan,Upper East Side South,Manhattan,East Village,695,20790.67,29.91463309352518,3.559151079136691,19.83693045563549,8.609339630992569
Manhattan,SoHo,Manhattan,Lower East Side,693,11729.34,16.925454545454546,0.9704329004329004,9.093698893698894,18.594908539839068
Manhattan,UN/Turtle Bay South,Queens,JFK Airport,693,63902.74,92.21174603174603,16.50881673881674,41.43030303030303,5.671854169445523
Manhattan,Gramercy,Manhattan,Midtown North,691,16800.29,24.31301013024602,2.333661360347323,16.570791123974914,10.550583988006641
Queens,JFK Airport,Manhattan,East Harlem South,691,64033.59,92.66800289435601,18.662633863965265,37.255475156777614,4.976825942964273
Manhattan,West Chelsea/Hudson Yards,Manhattan,Upper East Side North,691,23750.67,34.37144717800289,4.258321273516643,23.595272551857214,8.167769070741262
Queens,JFK Airport,Brooklyn,Canarsie,690,31634.35,45.84688405797101,9.701072463768115,20.62917874396135,4.747425436126245
Manhattan,Upper East Side South,Manhattan,TriBeCa/Civic Center,689,28727.51,41.694499274310594,5.814542815674891,27.801838413159167,7.477980836439891
Manhattan,Garment District,Manhattan,Garment District,689,12539.15,18.199056603773585,0.6245863570391872,6.436236090953072,214.78492829013308
Manhattan,Lenox Hill East,Manhattan,Gramercy,689,18022.99,26.158185776487667,3.1464441219158203,14.882946298984036,8.402576268649655
Manhattan,Manhattan Valley,Manhattan,Upper East Side South,686,17430.53,25.408935860058307,2.7496209912536442,16.652526724975704,9.376113369545564
Manhattan,Meatpacking/West Village West,Manhattan,Greenwich Village North,686,11302.81,16.47639941690962,1.0440379008746357,8.752113702623907,16.666412461922768
Manhattan,SoHo,Manhattan,Greenwich Village North,686,10350.65,15.0884110787172,1.0007725947521866,6.653790087463557,15.855357350317092
Manhattan,Meatpacking/West Village West,Manhattan,Penn Station/Madison Sq West,684,12189.13,17.820365497076022,1.3914181286549707,9.092348927875245,13.616856725874255
Manhattan,Midtown East,Manhattan,Meatpacking/West Village West,683,19365.36,28.353382137628113,2.938594436310395,20.126720351390922,9.775950145093972
Manhattan,Midtown Center,Manhattan,Financial District North,683,25913.12,37.94014641288433,5.548579795021961,23.486212786725233,6.914552401755717
Queens,JFK Airport,Brooklyn,East Williamsburg,683,52748.74,77.23095168374817,15.86809663250366,36.21285993167399,4.888556891974304
Manhattan,Yorkville West,Manhattan,Kips Bay,683,17111.89,25.054011713030746,3.34805270863836,13.693313811615422,7.607683709349474
Manhattan,Lincoln Square West,Manhattan,Lenox Hill West,682,15160.51,22.229486803519062,2.0667155425219943,14.057209188660801,10.930650064094582
Manhattan,West Village,Manhattan,UN/Turtle Bay South,682,17183.55,25.1958211143695,2.6603958944281527,16.638245356793743,9.542909306339302
Manhattan,UN/Turtle Bay South,Manhattan,Yorkville East,682,15824.27,23.20274193548387,2.3801906158357773,13.883675464320625,12.422331031833302
Queens,JFK Airport,Manhattan,Meatpacking/West Village West,682,65460.96,95.98381231671554,19.804149560117303,49.95300586510263,4.904397711077858
Manhattan,Clinton West,Manhattan,Times Sq/Theatre District,681,10997.57,16.149148311306902,0.9517033773861968,8.813705335291239,19.19962923289479
Manhattan,Gramercy,Manhattan,Yorkville East,681,19972.3,29.32790014684288,3.681218795888399,18.06458639255996,8.00694600608878
Manhattan,Lincoln Square East,Queens,LaGuardia Airport,681,49263.87,72.3404845814978,10.972246696035242,33.04302496328928,6.685254092925401
Manhattan,West Village,Manhattan,Garment District,681,13521.15,19.854845814977974,1.698546255506608,11.86737640724425,11.961546932678901
Manhattan,Greenwich Village North,Manhattan,Upper East Side North,679,23756.8,34.98792341678939,4.119941089837997,24.81958762886598,8.571266573307327
Manhattan,Lenox Hill East,Manhattan,Union Sq,678,19989.97,29.48373156342183,3.4633480825958705,19.0665191740413,8.61679694191667
Manhattan,UN/Turtle Bay South,Manhattan,East Chelsea,678,15679.1,23.12551622418879,1.9517551622418878,16.461553588987215,12.258454526126405
Queens,LaGuardia Airport,Manhattan,Central Harlem,677,38107.91,56.28937961595274,7.515361890694239,20.74879369768587,7.530913404883084
Manhattan,Union Sq,Manhattan,Stuy Town/Peter Cooper Village,676,10947.9,16.195118343195265,1.0438757396449703,8.218515779092701,16.19646232510228
Manhattan,East Chelsea,Manhattan,Hudson Sq,675,14054.53,20.821525925925926,1.9242074074074074,12.308074074074074,11.309438390474725
Queens,LaGuardia Airport,Manhattan,Lower East Side,675,44759.42,66.31025185185185,10.280059259259259,27.47943209876543,6.471049393720028
Manhattan,Union Sq,Manhattan,Clinton West,675,16380.93,24.268044444444445,2.3562666666666665,16.07293827160494,10.548001306116046
Queens,LaGuardia Airport,Queens,Long Island City/Hunters Point,673,30859.26,45.8532838038633,6.746909361069837,19.894675581971274,6.850515925075484
Manhattan,Greenwich Village South,Manhattan,Kips Bay,673,13530.26,20.104398216939078,1.852555720653789,11.590019811788013,11.092950703411033
Queens,JFK Airport,Brooklyn,Stuyvesant Heights,672,40068.97,59.626443452380954,11.15342261904762,34.15414186507936,5.376853727190286
Manhattan,Flatiron,Manhattan,Midtown East,669,14991.3,22.408520179372196,2.007428998505232,14.888839063278525,11.479099959023129
Manhattan,Midtown North,Manhattan,East Village,664,19228.22,28.95816265060241,3.2815210843373492,19.717796184738955,8.981147714114437
Manhattan,Yorkville East,Manhattan,Midtown North,663,15921.83,24.014826546003018,2.341598793363499,16.666641528406235,10.354743826943887
Manhattan,Lenox Hill East,Manhattan,Clinton East,662,17837.34,26.94462235649547,2.625740181268882,19.935926485397786,10.463147757773877
Manhattan,Murray Hill,Manhattan,Little Italy/NoLiTa,658,15831.24,24.05963525835866,2.4275835866261395,16.04873353596758,10.032408146501181
Manhattan,Central Park,Manhattan,Yorkville East,657,13176.14,20.055007610350074,1.67882800608828,11.71671740233384,12.829743518190883
Manhattan,Union Sq,Manhattan,Upper West Side North,657,23136.5,35.21537290715373,4.504566210045662,24.0578132927448,7.907408306545641
Manhattan,Times Sq/Theatre District,Manhattan,Greenwich Village South,657,17595.55,26.781659056316588,2.746179604261796,18.868569254185694,9.861376375785486
Manhattan,East Chelsea,Manhattan,Yorkville West,655,23079.49,35.23586259541985,4.330702290076336,25.029516539440202,8.239485436795906
Queens,JFK Airport,Brooklyn,Prospect-Lefferts Gardens,655,45559.62,69.55667175572519,13.408045801526718,40.44788804071246,5.224663798535267
Manhattan,Meatpacking/West Village West,Manhattan,SoHo,654,12048.79,18.423226299694193,1.351131498470948,10.976452599388379,14.199681902343652
Queens,LaGuardia Airport,Queens,LaGuardia Airport,652,27760.37,42.57725460122699,3.0450460122699385,10.25493353783231,726.9287101796422
Manhattan,West Village,Manhattan,Sutton Place/Turtle Bay North,651,18625.65,28.61082949308756,3.32036866359447,19.459498207885304,8.701324841323892
Manhattan,Kips Bay,Manhattan,Greenwich Village North,650,12118.2,18.643384615384615,1.5708153846153845,10.500538461538461,12.1417904640068
Manhattan,Flatiron,Manhattan,Upper East Side South,650,18582.35,28.588230769230766,2.9488923076923075,20.742410256410256,9.814461239442059
Manhattan,Lincoln Square East,Manhattan,Greenwich Village North,649,19778.94,30.476024653312788,3.5058243451463795,21.044453004622497,8.742841462204943
Manhattan,Kips Bay,Manhattan,Yorkville West,649,16560.73,25.517303543913712,3.0436209553158706,15.08130457113508,8.503094488519206
Manhattan,Lower East Side,Manhattan,Little Italy/NoLiTa,649,9704.37,14.95280431432974,0.6764252696456087,6.187519260400616,65.67124828496632
Queens,LaGuardia Airport,Manhattan,Manhattan Valley,649,42325.53,65.21653312788906,9.11804314329738,26.058115048793017,7.172414159935048
Queens,JFK Airport,Queens,Jackson Heights,646,39703.92,61.461176470588235,12.752647058823529,30.027734778121776,4.8298779394720945
Manhattan,Murray Hill,Manhattan,SoHo,645,15817.07,24.522589147286823,2.494139534883721,16.331317829457365,9.961973727849886
Manhattan,SoHo,Manhattan,East Chelsea,645,13840.38,21.45795348837209,2.1011007751937987,13.012015503875968,10.51471565090435
Queens,JFK Airport,Brooklyn,Prospect Heights,644,48859.02,75.86804347826086,14.25891304347826,43.03793995859213,5.395743555188482
Manhattan,Murray Hill,Manhattan,Meatpacking/West Village West,643,16094.19,25.029844479004666,2.4344945567651637,16.921617418351477,10.43142305666292
Manhattan,Murray Hill,Manhattan,Central Park,643,16049.28,24.96,2.305894245723173,17.27649040953862,11.561973802488462
Manhattan,Lenox Hill West,Manhattan,East Chelsea,643,19137.02,29.762083981337483,3.315085536547434,21.591316744427164,9.129323247720247
Manhattan,Greenwich Village South,Manhattan,Clinton East,642,17550.49,27.337211838006233,3.0342056074766357,18.33039979231568,9.194361615462517
Queens,LaGuardia Airport,Queens,Steinway,642,17240.88,26.854953271028037,2.8326479750778817,9.357035306334371,10.723755591888738
Manhattan,TriBeCa/Civic Center,Manhattan,World Trade Center,642,10181.67,15.859299065420561,0.9856697819314642,7.47432502596054,32.48173076493374
Manhattan,Central Park,Manhattan,Manhattan Valley,641,12275.27,19.1501872074883,1.818861154446178,9.964950598023922,12.802914116762565
Manhattan,Union Sq,Manhattan,Lincoln Square West,641,19017.53,29.668533541341652,3.2857722308892354,20.65439417576703,9.127810343959524
Manhattan,Garment District,Queens,LaGuardia Airport,640,45877.62,71.68378125000001,10.521921875,30.788463541666665,6.897962862893555
Manhattan,Gramercy,Manhattan,Stuy Town/Peter Cooper Village,640,8888.82,13.88878125,0.793625,6.096848958333333,21.333633221628112
Manhattan,Greenwich Village South,Manhattan,Financial District North,639,13628.24,21.327449139280123,2.0733489827856024,12.637323943661972,10.592003973059256
Manhattan,Kips Bay,Manhattan,Upper East Side South,639,14072.43,22.022582159624413,2.1077464788732394,13.840662493479394,10.694823109567452
Manhattan,Times Sq/Theatre District,Manhattan,SoHo,638,18397.89,28.83681818181818,3.1971316614420062,20.82251828631139,9.109900803642573
Manhattan,Lenox Hill East,Manhattan,Times Sq/Theatre District,638,16595.24,26.011347962382448,2.328887147335423,19.02659352142111,11.456191829667603
Manhattan,Midtown East,Manhattan,Little Italy/NoLiTa,637,17794.05,27.93414442700157,3.0354160125588696,19.67778649921507,9.287752379549849
Queens,JFK Airport,Manhattan,Kips Bay,636,60708.24,95.45320754716981,17.20561320754717,36.72340146750524,5.566125686509701
Manhattan,Lower East Side,Manhattan,East Chelsea,635,16256.78,25.601228346456693,2.766456692913386,16.958608923884515,9.418858619950933
Manhattan,West Village,Manhattan,Clinton West,634,15830.24,24.968832807570976,2.7705993690851733,15.182702418506835,9.168585809648413
Manhattan,Sutton Place/Turtle Bay North,Manhattan,Upper West Side North,634,18154.75,28.6352523659306,3.233580441640379,19.12852260778128,8.926028726419572
Manhattan,Greenwich Village North,Manhattan,Midtown East,634,15385.47,24.267302839116716,2.315205047318612,16.260042060988432,10.627444458319696
Manhattan,Murray Hill,Manhattan,Stuy Town/Peter Cooper Village,632,11251.72,17.803354430379745,1.463639240506329,9.396729957805908,12.578288660346006
Manhattan,Little Italy/NoLiTa,Manhattan,Midtown Center,631,18290.579999999998,28.986656101426306,3.1143581616481777,21.60187533016376,9.411841266771205
Manhattan,East Chelsea,Manhattan,Lenox Hill East,630,20885.28,33.15123809523809,3.6537619047619048,25.426640211640212,9.22772998925899
Queens,JFK Airport,Manhattan,SoHo,630,58119.159999999996,92.25263492063492,19.298587301587304,48.55084656084656,4.810862290618183
Manhattan,Clinton West,Manhattan,Lincoln Square West,630,9377.79,14.885380952380954,1.035063492063492,6.309550264550265,21.546413807714725
Manhattan,East Village,Manhattan,Yorkville East,629,19008.13,30.219602543720193,4.277647058823529,17.355723370429253,7.121430200258735
Manhattan,SoHo,Manhattan,Meatpacking/West Village West,629,10642.1,16.919077901430843,1.2745627980922098,8.673926868044514,14.062591700380395
Manhattan,Midtown South,Manhattan,SoHo,629,14006.19,22.267392686804452,2.181669316375199,14.305431902490726,10.338803409081864
Queens,JFK Airport,Brooklyn,Fort Greene,629,52644.83,83.69607313195549,16.852432432432433,42.165527291997876,5.045216617981347
Manhattan,Lincoln Square West,Manhattan,Lenox Hill East,627,15768.23,25.148692185007974,2.3366347687400317,17.806512493354596,10.836304797275062
Manhattan,Upper East Side South,Manhattan,Kips Bay,626,14568.43,23.272252396166135,2.288897763578275,14.958226837060703,10.454302144608304
Queens,LaGuardia Airport,Queens,Forest Hills,623,23580.16,37.84937399678973,5.606709470304976,14.990422685928303,6.806457567840764
Manhattan,Midtown South,Manhattan,Central Park,622,14722.17,23.669083601286175,2.2697266881028937,16.410905680600216,11.243695014568154
Manhattan,East Village,Manhattan,Upper West Side South,622,22957.97,36.90991961414791,5.138118971061093,24.919024651661307,7.226329140450014
Manhattan,Flatiron,Manhattan,Clinton West,621,13144.74,21.16705314009662,1.9962157809983898,12.641975308641976,10.78689395732572
Manhattan,Clinton West,Manhattan,Midtown North,621,9862.15,15.881078904991949,1.0467632850241546,8.254240472356415,16.55084291664523
Manhattan,Penn Station/Madison Sq West,Manhattan,Stuy Town/Peter Cooper Village,620,13743.86,22.167516129032258,1.9727096774193547,14.27475806451613,11.382623878563104
Manhattan,Flatiron,Manhattan,SoHo,620,11720.19,18.903532258064516,1.572048387096774,10.918790322580644,12.313927784465212
Manhattan,Upper West Side North,Manhattan,West Chelsea/Hudson Yards,620,17205.84,27.751354838709677,3.7165806451612906,16.002795698924732,7.672761457973888
Manhattan,Midtown South,Manhattan,Clinton West,620,13221.31,21.324693548387096,1.748193548387097,14.083951612903224,12.74434155482392
Manhattan,East Village,Manhattan,Lincoln Square East,618,20582.35,33.30477346278317,4.285728155339806,22.78406148867314,7.839930028092223
Queens,LaGuardia Airport,Manhattan,Morningside Heights,617,37958.07,61.520372771474875,8.23162074554295,25.229254457050246,7.510800297979197
Manhattan,Midtown East,Manhattan,Lower East Side,617,17525.04,28.40363047001621,3.353614262560778,18.71461372231226,8.887631641751275
Manhattan,Yorkville East,Queens,LaGuardia Airport,616,35437.34,57.52814935064934,8.358701298701298,17.137662337662338,6.8897979227552995
Manhattan,Midtown South,Manhattan,Meatpacking/West Village West,616,12930.27,20.99069805194805,1.9025487012987012,12.782386363636363,11.17371119285473
Manhattan,Battery Park City,Manhattan,West Chelsea/Hudson Yards,616,15362.08,24.938441558441557,3.0504383116883114,13.168154761904761,8.260295228199851
Manhattan,Lower East Side,Manhattan,Greenwich Village North,615,10976.04,17.847219512195124,1.2753333333333334,9.206151761517615,14.662343345433818
Manhattan,Central Park,Manhattan,Garment District,615,14925.98,24.26988617886179,2.255609756097561,17.47479674796748,11.40184707404987
Manhattan,TriBeCa/Civic Center,Manhattan,Clinton East,614,18751.28,30.539543973941367,3.74128664495114,20.658631921824103,8.29556653141786
Manhattan,SoHo,Manhattan,Gramercy,614,11996.63,19.53848534201954,1.6468892508143322,11.161997828447339,12.140429745313797
Manhattan,Little Italy/NoLiTa,Manhattan,Midtown South,613,14019.35,22.870065252854815,2.2421859706362155,15.114437194127243,10.371088874487606
Manhattan,Union Sq,Manhattan,Yorkville East,613,20136.0,32.848287112561174,4.011859706362153,22.173708537248505,8.242129702753019
Manhattan,Upper West Side North,Manhattan,Clinton West,613,13379.46,21.826199021207177,2.4245024469820553,12.39274061990212,9.357319254647816
Manhattan,TriBeCa/Civic Center,Manhattan,Midtown South,611,16500.96,27.006481178396072,3.019656301145663,17.633278777959628,9.218923351755862
Manhattan,Lower East Side,Manhattan,Union Sq,611,12854.76,21.038887070376433,1.9132569558101473,12.742444080741953,12.41807653022963
Queens,LaGuardia Airport,Manhattan,East Harlem South,610,34595.62,56.71413114754099,7.789655737704917,18.657486338797817,7.306290802845243
Manhattan,Gramercy,Manhattan,Lincoln Square East,610,18185.47,29.812245901639347,3.357688524590164,21.224562841530055,8.987343199815292
Manhattan,Midtown South,Manhattan,Lincoln Square West,610,16232.64,26.61088524590164,2.623901639344262,18.479918032786884,10.44193264832325
Manhattan,East Harlem South,Manhattan,Lenox Hill West,609,11667.64,19.158686371100163,1.7633169129720851,10.757389162561577,11.30653891796257
Manhattan,East Chelsea,Manhattan,Financial District North,608,20033.49,32.94981907894737,4.274342105263158,21.240871710526317,7.872924984379928
Manhattan,Midtown South,Manhattan,Upper West Side North,607,19419.98,31.99337726523888,3.734645799011532,21.853459637561777,8.690239492538483
Queens,LaGuardia Airport,Brooklyn,Greenpoint,606,28022.72,46.24211221122113,7.084884488448845,18.604180418041803,6.548893350464207
Manhattan,West Village,Manhattan,Yorkville West,604,21947.45,36.33683774834437,5.070960264900663,24.43046357615894,7.253567373071319
Manhattan,Hudson Sq,Manhattan,Union Sq,604,11067.01,18.322864238410595,1.5035099337748346,10.067080573951435,12.59599693759687
Manhattan,Times Sq/Theatre District,Manhattan,World Trade Center,604,22673.56,37.53900662251656,5.364023178807947,26.084133554083888,7.125454074897421
Manhattan,Morningside Heights,Manhattan,Upper East Side North,604,14224.24,23.550066225165562,2.5349337748344367,14.671274834437087,9.35670021957997
Manhattan,Morningside Heights,Manhattan,Central Harlem,603,8216.03,13.62525704809287,1.1809618573797678,8.180707573244886,12.502699230635473
Manhattan,Garment District,Manhattan,Lenox Hill East,603,16306.71,27.042636815920396,2.7433167495854063,19.71097291321172,9.964121692748636
Manhattan,Lincoln Square East,Manhattan,East Village,602,19949.73,33.13908637873754,4.176046511627907,23.10293466223699,8.057417224496993
Manhattan,Midtown Center,EWR,Newark Airport,602,79229.57,131.61058139534885,18.867375415282392,40.30730897009967,7.008215882787698
Manhattan,East Harlem South,Manhattan,Manhattan Valley,601,8892.56,14.796272878535772,1.402179700499168,8.704437049362175,10.937862090166526
Manhattan,Lower East Side,Manhattan,Financial District North,600,12158.53,20.264216666666666,2.03645,10.571833333333334,10.828787128012861
Queens,JFK Airport,Queens,Richmond Hill,600,20321.71,33.86951666666666,6.196083333333333,18.18577777777778,5.5112348071294806
Manhattan,Murray Hill,Manhattan,Clinton West,600,13951.92,23.2532,1.8214833333333336,16.412388888888888,13.555121331920843
Manhattan,Sutton Place/Turtle Bay North,Manhattan,East Harlem South,599,14262.0,23.80968280467446,2.6941068447412353,15.236171396772399,8.978551622514466
Manhattan,Flatiron,Manhattan,Upper East Side North,598,19729.53,32.99252508361204,3.959715719063545,23.055546265328875,8.416514142819041
Manhattan,West Village,Manhattan,Lincoln Square West,597,18123.68,30.357922948073703,3.7304690117252934,19.66577331099944,8.204885531885594
Queens,JFK Airport,Manhattan,Greenwich Village South,597,55572.62,93.08646566164154,18.778090452261306,44.64946957007258,4.9748989927730936
Queens,JFK Airport,Queens,Briarwood/Jamaica Hills,597,20073.54,33.62402010050251,6.318911222780569,17.44575656058068,5.3688611486828375
Queens,JFK Airport,Queens,Sunnyside,597,41796.99,70.01170854271356,14.6171189279732,32.73525963149079,4.803927246671735
Manhattan,Upper East Side South,Manhattan,Greenwich Village South,596,18972.66,31.833322147651007,3.6431879194630876,22.64910514541387,12.582947185454708
Manhattan,Midtown South,Manhattan,Lower East Side,596,15038.619999999999,25.23258389261745,2.6098489932885904,17.057102908277404,9.888888769292633
Manhattan,Garment District,Manhattan,East Village,596,14855.42,24.92520134228188,2.536661073825503,16.79739932885906,9.993814266949814
Manhattan,Kips Bay,Manhattan,East Chelsea,596,12167.24,20.4148322147651,1.610721476510067,13.753747203579419,13.026944308399322
Manhattan,Garment District,Queens,JFK Airport,595,54792.02,92.08742857142856,16.91257142857143,50.17358543417367,5.57631474467066
Manhattan,Yorkville West,Manhattan,Lincoln Square West,594,14280.1,24.04057239057239,2.5346464646464644,15.379405162738497,9.651170362452651
Manhattan,Midtown East,Manhattan,Financial District North,593,20980.82,35.38080944350759,5.305817875210792,19.851068015739177,6.710016766769733
Manhattan,Sutton Place/Turtle Bay North,Manhattan,East Chelsea,593,15667.11,26.420084317032043,2.5215008431703203,19.07079820123665,10.685557850299753
Queens,LaGuardia Airport,Queens,Flushing,592,19937.12,33.677567567567564,4.476317567567568,15.09375,7.6282781435230245
Queens,JFK Airport,Queens,Flushing,592,30675.37,51.81650337837838,10.614966216216217,24.699690315315316,4.902181800658262
Manhattan,West Village,Manhattan,Upper West Side North,588,21662.69,36.84130952380952,5.114863945578231,22.60997732426304,7.266655675756848
Manhattan,Central Park,Manhattan,West Chelsea/Hudson Yards,587,15799.16,26.915093696763204,3.12442930153322,17.928676888131744,9.01741072713372
Manhattan,Greenwich Village South,Manhattan,Upper East Side South,586,17990.88,30.701160409556316,3.6280546075085325,21.16825938566553,8.543080871309527
Manhattan,Midtown North,Manhattan,East Harlem South,586,14044.7,23.967064846416385,2.632986348122867,14.756342434584756,12.92084109483524
Manhattan,UN/Turtle Bay South,Manhattan,Clinton East,586,12650.47,21.58783276450512,1.5007849829351536,15.312059158134243,14.823580600106618
Manhattan,East Harlem South,Manhattan,Upper West Side South,583,11897.04,20.406586620926245,1.9736020583190392,11.182847341337908,10.568679928536453
Manhattan,Sutton Place/Turtle Bay North,Manhattan,Garment District,583,12978.26,22.26116638078902,1.7674442538593482,16.150514579759864,12.811199457830869
Manhattan,Midtown South,Manhattan,Yorkville East,582,17232.32,29.608797250859105,3.4833505154639175,19.95512600229095,8.565660400724806
Manhattan,Midtown Center,Manhattan,Manhattan Valley,582,17245.67,29.631735395189,3.4343814432989688,19.077605956471935,8.708200018753294
Manhattan,Clinton West,Manhattan,Midtown Center,581,10806.34,18.599552495697075,1.3253528399311532,11.925415949512336,14.455574219548483
Queens,LaGuardia Airport,Manhattan,West Village,581,43262.73,74.46253012048193,11.010533562822719,32.20358577165806,6.790804769686994
Manhattan,Upper West Side North,Manhattan,Washington Heights South,580,16619.11,28.653637931034485,4.433293103448276,14.898419540229886,6.506988282105001
Manhattan,Midtown East,Manhattan,Stuy Town/Peter Cooper Village,580,11873.8,20.47206896551724,1.9404137931034484,11.554885057471264,10.680853557535201
Queens,JFK Airport,Queens,Saint Albans,580,18481.7,31.865000000000002,5.720637931034482,17.32985632183908,5.63518474542536
Manhattan,Meatpacking/West Village West,Manhattan,Clinton East,578,13104.63,22.67237024221453,2.2835294117647056,13.531401384083045,10.201822267962093
Queens,JFK Airport,Brooklyn,Downtown Brooklyn/MetroTech,577,51855.62,89.87109185441942,18.701161178509533,44.349826689774694,4.854351374968589
Manhattan,Hudson Sq,Manhattan,East Chelsea,577,11143.85,19.313431542461007,1.7685615251299827,10.403437319468516,11.30290535127317
Manhattan,Battery Park City,Manhattan,East Chelsea,577,14682.61,25.446464471403814,3.02896013864818,14.126487579433853,8.520246763475678
Manhattan,Financial District North,Manhattan,TriBeCa/Civic Center,576,9998.95,17.359288194444446,1.1994444444444445,9.088975694444445,16.67540608681223
Manhattan,East Chelsea,Queens,JFK Airport,575,53326.77,92.74220869565217,17.601547826086957,54.07776811594203,20.122114566195492
Manhattan,Kips Bay,Manhattan,Garment District,573,10629.18,18.55005235602094,1.2987958115183247,11.903228621291449,14.755151876420163
Manhattan,Yorkville West,Queens,LaGuardia Airport,572,32487.44,56.796223776223776,8.38777972027972,18.627680652680652,6.786625481795996
Manhattan,UN/Turtle Bay South,Manhattan,Garment District,571,10675.35,18.695884413309983,1.1850262697022766,12.400846468184472,16.350854210107972
Manhattan,West Village,Manhattan,World Trade Center,570,12470.87,21.878719298245617,2.2268421052631577,12.662894736842105,9.997699643645506
Manhattan,Upper West Side South,Manhattan,Garment District,568,13731.4,24.175,2.455633802816901,16.59245892018779,9.968807033844406
Manhattan,Midtown North,Manhattan,Meatpacking/West Village West,568,16259.9,28.626584507042253,3.163838028169014,19.733714788732396,9.141608933907937
Manhattan,SoHo,Manhattan,Murray Hill,567,13711.99,24.183403880070546,2.43657848324515,15.986860670194002,10.090672938540692
Queens,LaGuardia Airport,Manhattan,World Trade Center,567,47554.57,83.87049382716049,14.00936507936508,33.79015285126396,5.997981954508418
Manhattan,Union Sq,Manhattan,Financial District North,566,16070.09,28.3923851590106,3.429399293286219,18.241548881036515,8.633903712355385
Manhattan,Upper West Side South,Manhattan,East Harlem North,565,14811.16,26.214442477876105,3.2807079646017696,16.413038348082598,8.054124675045331
Manhattan,Lenox Hill East,Manhattan,Midtown South,565,14914.58,26.39748672566372,2.814637168141593,17.93008849557522,9.517629214446512
Manhattan,Garment District,Manhattan,TriBeCa/Civic Center,565,15764.61,27.90196460176991,3.291486725663717,19.207374631268436,8.824029339370416
Manhattan,Yorkville East,Manhattan,Central Park,564,10608.73,18.809804964539005,1.5695744680851065,11.134456264775412,12.814753327115138
Queens,JFK Airport,Queens,South Jamaica,563,16647.08,29.56852575488455,5.21133214920071,13.6099171107164,12.244539183182006
Manhattan,Times Sq/Theatre District,Manhattan,Lower East Side,562,18402.27,32.74425266903915,3.914483985765125,23.991518386714116,8.499965760256915
Manhattan,Clinton East,Manhattan,Greenwich Village North,562,14004.43,24.91891459074733,2.6245373665480427,16.489531435349942,9.585203287047948
Manhattan,Penn Station/Madison Sq West,Manhattan,World Trade Center,561,18052.61,32.17934046345811,4.024919786096257,21.56984551396316,8.10790254731477
Manhattan,Clinton East,Manhattan,Central Harlem,561,17208.36,30.674438502673798,4.191622103386809,17.71485442661913,7.459830687789036
Manhattan,West Chelsea/Hudson Yards,Manhattan,SoHo,560,14322.3,25.575535714285714,2.714,16.80053571428571,9.552737733536626
Manhattan,Garment District,Manhattan,Central Park,559,12870.67,23.024454382826477,2.1137388193202145,15.82850327966607,11.916167694436435
Manhattan,SoHo,Manhattan,Flatiron,559,10332.51,18.48391771019678,1.5967799642218248,9.96839594514013,11.95532174441843
Manhattan,Union Sq,Manhattan,Battery Park City,559,16165.88,28.919284436493736,3.4681932021466904,18.183631484794276,8.537426257875195
Manhattan,Lenox Hill West,Queens,LaGuardia Airport,559,34012.07,60.84449016100179,9.099373881932022,23.128801431127012,14.415480955838628
Manhattan,Upper East Side North,Manhattan,Garment District,558,16193.53,29.020663082437277,3.0140501792114693,21.627807646356036,9.791798567438205
Manhattan,Meatpacking/West Village West,Manhattan,Greenwich Village South,556,10084.23,18.13710431654676,1.2114208633093524,10.9621103117506,16.343144616994117
Manhattan,Greenwich Village South,Manhattan,Midtown East,556,13677.49,24.59980215827338,2.6851438848920863,15.915797362110311,9.2481345630047
Manhattan,Financial District North,Manhattan,East Village,556,13921.51,25.038687050359712,2.9717625899280575,13.514898081534772,8.852797535562544
Manhattan,Sutton Place/Turtle Bay North,Manhattan,Central Park,554,11826.74,21.347906137184115,1.8325631768953068,13.80072202166065,12.796834930931515
Queens,JFK Airport,Queens,Steinway,553,36225.47,65.50717902350814,13.70611211573237,28.33836648583484,4.787629121505544
Manhattan,Battery Park City,Manhattan,West Village,552,11345.33,20.553134057971015,1.9404166666666665,10.758061594202898,11.053459110446736
Manhattan,Meatpacking/West Village West,Manhattan,Battery Park City,552,11312.15,20.49302536231884,2.048605072463768,10.735567632850243,10.355310693007358
Manhattan,Little Italy/NoLiTa,Manhattan,Flatiron,550,11416.56,20.757381818181816,1.9351454545454545,12.365848484848485,10.932629236260867
Manhattan,Lower East Side,Manhattan,Alphabet City,550,8436.3,15.33872727272727,0.9412727272727274,6.7669696969696975,18.401413426334916
Manhattan,SoHo,Manhattan,Times Sq/Theatre District,549,15957.37,29.06624772313297,3.08143897996357,22.148451730418945,9.543090576886856
Queens,LaGuardia Airport,Manhattan,West Chelsea/Hudson Yards,549,42497.89,77.40963570127505,10.851220400728597,34.68032786885246,7.211415767703903
Manhattan,East Chelsea,Queens,LaGuardia Airport,549,40255.32,73.3248087431694,10.684116575591986,35.29793564055859,6.984319930329239
Manhattan,East Chelsea,Manhattan,Central Park,549,15572.41,28.36504553734062,2.9854462659380694,20.143078324225865,10.200186852388853
Queens,JFK Airport,Manhattan,Two Bridges/Seward Park,549,49259.94,89.72666666666667,18.500200364298728,42.63803885853066,4.882146085416749
Manhattan,Gramercy,Manhattan,SoHo,548,10593.51,19.331222627737226,1.6395620437956204,11.540632603406326,12.09303450694563
Manhattan,Upper West Side North,Manhattan,Central Harlem North,548,12752.44,23.27087591240876,2.8439233576642335,15.107816301703163,8.303768270031027
Manhattan,Yorkville West,Manhattan,Gramercy,548,15979.19,29.15910583941606,3.818631386861314,17.29005474452555,7.788052057352247
Manhattan,Sutton Place/Turtle Bay North,Queens,LaGuardia Airport,548,33993.78,62.03244525547445,9.553740875912409,24.10933698296837,6.512750790180835
Queens,JFK Airport,Manhattan,Central Harlem North,547,49742.44,90.93681901279707,18.310274223034735,36.90920170627666,4.9822637187531065
Manhattan,Lower East Side,Manhattan,Flatiron,547,12600.1,23.03491773308958,2.276160877513711,14.194576477757465,10.327538374984595
Manhattan,Little Italy/NoLiTa,Manhattan,Financial District North,546,10001.31,18.31741758241758,1.4786813186813188,10.151495726495726,12.932260122576677
Manhattan,Upper East Side North,Manhattan,Bloomingdale,546,11595.48,21.237142857142857,2.196996336996337,11.744566544566545,9.767688575746096
Manhattan,Central Park,Manhattan,East Harlem South,546,9378.97,17.17760073260073,1.593974358974359,9.582509157509158,12.377366557149772
Manhattan,Meatpacking/West Village West,Manhattan,Gramercy,545,11060.77,20.294990825688075,1.7068073394495413,12.541498470948012,12.132178415646026
Manhattan,Times Sq/Theatre District,Manhattan,Financial District North,544,20813.94,38.260919117647056,5.561580882352941,25.537438725490198,7.004393122820269
Queens,LaGuardia Airport,Manhattan,Kips Bay,544,34899.65,64.15376838235295,9.19327205882353,20.771109068627453,7.041290535545428
Manhattan,Greenwich Village South,Manhattan,Lenox Hill West,543,16660.57,30.68244935543278,3.9561325966850824,19.50644567219153,7.807278929383066
Queens,LaGuardia Airport,Brooklyn,Boerum Hill,543,35303.86,65.01631675874769,10.72220994475138,33.10288520564763,6.070010530766656
Manhattan,Midtown East,Manhattan,Financial District South,542,18801.63,34.68935424354244,5.469243542435424,17.728720787207873,6.363051197254982
Manhattan,Greenwich Village North,Manhattan,Alphabet City,541,9309.21,17.207412199630312,1.1865434380776338,9.427634011090573,15.016847219931513
Manhattan,Flatiron,Manhattan,Lincoln Square West,539,14766.49,27.3960853432282,3.032244897959184,18.247557204700062,9.113941028464952
Queens,LaGuardia Airport,Brooklyn,Brooklyn Heights,539,34229.07,63.504768089053805,10.778923933209647,28.75779220779221,5.896830402004115
Manhattan,Lincoln Square East,Manhattan,TriBeCa/Civic Center,539,19576.46,36.319962894248604,4.919703153988868,24.39165120593692,7.4789153765629495
Manhattan,Little Italy/NoLiTa,Manhattan,Penn Station/Madison Sq West,539,12918.07,23.96673469387755,2.3812987012987015,15.817192331478047,10.133573610313103
Manhattan,Greenwich Village South,Manhattan,UN/Turtle Bay South,538,12664.06,23.539144981412637,2.557379182156134,14.485904584882281,9.335667593455145
Manhattan,West Chelsea/Hudson Yards,Manhattan,Lenox Hill West,538,16623.63,30.8989405204461,3.4685687732342005,22.106567534076827,9.14973530884251
Manhattan,Flatiron,Manhattan,Little Italy/NoLiTa,535,11564.73,21.616317757009345,1.8945420560747663,14.095950155763239,11.731746891413696
Manhattan,Gramercy,Manhattan,Alphabet City,535,9125.76,17.057495327102803,1.3313831775700933,9.119470404984424,13.234742333987871
Manhattan,UN/Turtle Bay South,Manhattan,Lincoln Square East,535,13740.0,25.682242990654206,2.3567476635514018,17.65411214953271,11.117306199996605
Manhattan,Central Harlem,Manhattan,Central Harlem,535,6810.14,12.729233644859814,0.7611214953271028,5.55626168224299,109.1778115584611
Manhattan,Flatiron,Manhattan,Upper West Side North,535,18253.07,34.11788785046729,4.372485981308412,22.197881619937696,7.880178236559354
Manhattan,Lincoln Square West,Manhattan,Central Park,534,9836.82,18.421011235955056,1.6492883895131087,9.853589263420725,12.509372650140186
Manhattan,Upper East Side South,Manhattan,Clinton West,534,12037.539999999999,22.542209737827715,2.0619101123595502,14.515106117353309,11.246242663579723
Manhattan,Times Sq/Theatre District,Manhattan,East Harlem South,533,15031.43,28.20155722326454,3.4688367729831144,17.946935584740462,8.308415698368728
Manhattan,Gramercy,Manhattan,Meatpacking/West Village West,533,11054.96,20.741013133208252,1.6845215759849907,13.034677923702315,12.571028533920842
Manhattan,Little Italy/NoLiTa,Manhattan,Greenwich Village South,532,7690.95,14.456672932330827,0.7690225563909775,6.022807017543859,22.280740226529172
Manhattan,Meatpacking/West Village West,Manhattan,Little Italy/NoLiTa,531,11210.18,21.11145009416196,1.7053483992467042,13.768392969240427,12.673713659998358
Manhattan,Yorkville West,Manhattan,Times Sq/Theatre District,531,14243.64,26.82418079096045,2.8764783427495293,18.420778405524167,9.414439980483316
Manhattan,Lenox Hill East,Manhattan,East Chelsea,531,16976.52,31.97084745762712,3.7311864406779662,23.362994350282484,8.714327717950006
Manhattan,Penn Station/Madison Sq West,Manhattan,East Harlem South,531,18599.56,35.027419962335216,4.409284369114878,25.49224733207784,8.007921436130786
Manhattan,Upper East Side South,Manhattan,Morningside Heights,531,15387.62,28.978568738229757,3.5529378531073443,19.18069679849341,8.216588357041587
Manhattan,Upper West Side North,Manhattan,Sutton Place/Turtle Bay North,531,15346.27,28.90069679849341,3.192730696798493,19.974921531701195,9.135657592655877
Manhattan,Midtown East,Manhattan,SoHo,531,14944.84,28.144708097928437,3.0443502824858757,19.688072818581293,9.325317903918911
Manhattan,Meatpacking/West Village West,Manhattan,Meatpacking/West Village West,530,8671.77,16.361830188679246,0.7891132075471698,5.809622641509434,169.54180831502197
Manhattan,Greenwich Village North,Manhattan,Clinton East,529,14055.13,26.5692438563327,2.664820415879017,18.83160050409578,10.178192919823424
Manhattan,Gramercy,Manhattan,Two Bridges/Seward Park,529,11285.28,21.333232514177695,2.1743100189035918,12.458821676118461,10.11762534448707
Manhattan,Flatiron,Manhattan,Hudson Sq,528,8801.78,16.67003787878788,1.341685606060606,8.114299242424243,12.846237175032346
Queens,JFK Airport,Queens,Flushing Meadows-Corona Park,528,21900.96,41.47909090909091,8.712007575757575,17.06897095959596,6.622630505047425
Manhattan,Meatpacking/West Village West,Manhattan,Midtown Center,527,14461.58,27.441328273244782,2.857666034155598,19.847122074636303,9.799228056000524
Queens,JFK Airport,Queens,Ridgewood,526,29171.71,55.459524714828895,10.699790874524716,30.29131812420786,9.303442543731459
Manhattan,Upper West Side North,Manhattan,Murray Hill,525,16824.68,32.04700952380952,3.8133142857142857,23.13425396825397,8.450992422515213
Queens,LaGuardia Airport,Manhattan,East Harlem North,524,26204.81,50.009179389312976,6.655190839694657,16.052258269720102,7.5772597312901855
Manhattan,East Village,Manhattan,Hudson Sq,524,9626.85,18.371851145038168,1.4420229007633587,10.375826972010179,13.191503933939405
Manhattan,Lower East Side,Manhattan,Two Bridges/Seward Park,524,7611.47,14.52570610687023,0.8548091603053436,6.404961832061068,19.65046702475442
Manhattan,Midtown Center,Manhattan,Hudson Sq,524,15082.96,28.784274809160305,3.1416603053435117,20.31777989821883,9.250581562203815
Manhattan,Kips Bay,Manhattan,Lower East Side,524,10797.44,20.60580152671756,2.105286259541985,11.995292620865142,10.24727188515867
Queens,JFK Airport,Manhattan,Hudson Sq,524,48727.21,92.99085877862595,19.832748091603055,50.358333333333334,4.7410684104848535
Manhattan,West Village,Manhattan,Alphabet City,524,11069.17,21.124370229007635,1.7183015267175572,13.548982188295167,12.492404714685224
Manhattan,SoHo,Manhattan,Little Italy/NoLiTa,524,7445.42,14.20881679389313,0.6369847328244275,6.192652671755725,26.97119711960597
Manhattan,Midtown North,Manhattan,Kips Bay,523,11942.07,22.83378585086042,2.1209942638623325,15.118387507966858,11.00454558537146
Queens,JFK Airport,Manhattan,Washington Heights South,523,47507.06,90.83567877629062,20.678011472275337,42.443530911408544,4.443206823622461
Manhattan,Greenwich Village South,Manhattan,Midtown North,520,14919.78,28.691884615384616,3.0826346153846154,20.22445512820513,9.39200551686552
Manhattan,Upper West Side South,Queens,JFK Airport,516,49075.97,95.10846899224806,20.623565891472868,51.5094315245478,4.634228030190727
Manhattan,Clinton West,Manhattan,Upper West Side North,516,10737.52,20.809147286821705,2.3223837209302323,10.48701550387597,9.160981994279114
Queens,JFK Airport,Brooklyn,Bushwick North,515,30921.31,60.0413786407767,11.457281553398058,32.53834951456311,5.280532471533413
Manhattan,Lower East Side,Manhattan,SoHo,514,8283.09,16.114961089494162,0.9632879377431907,8.056614785992219,17.512364444302538
Manhattan,Yorkville West,Manhattan,Manhattan Valley,514,10762.45,20.938618677042804,2.0884630350194553,11.92632944228275,10.241923505749071
Manhattan,East Harlem South,Manhattan,Lincoln Square East,514,12086.59,23.51476653696498,2.597295719844358,14.650389105058366,9.18456970104366
Manhattan,East Harlem South,Manhattan,Yorkville East,514,9147.11,17.795933852140077,1.335622568093385,9.314623865110246,14.43536791933767
Manhattan,Hudson Sq,Manhattan,East Village,514,9745.6,18.960311284046693,1.4259922178988327,10.56890402075227,13.874558667418999
Manhattan,Lincoln Square West,Manhattan,Morningside Heights,514,11842.02,23.038949416342412,2.800408560311284,12.022827496757458,8.583158723622471
Manhattan,Upper West Side South,Manhattan,Washington Heights South,513,16314.04,31.801247563352828,5.097953216374269,15.570045484080572,6.320746300334425
Manhattan,Greenwich Village North,Manhattan,Sutton Place/Turtle Bay North,512,13035.75,25.46044921875,2.77091796875,16.753352864583334,9.288083984884839
Queens,JFK Airport,Queens,Elmhurst,512,27343.3,53.4048828125,11.18578125,25.601139322916666,4.853764484776278
Manhattan,Flatiron,Manhattan,Lower East Side,512,12304.09,24.03142578125,2.2244140625,16.440006510416666,11.455500954087398
Manhattan,Meatpacking/West Village West,Manhattan,Midtown South,511,11269.2,22.053228962818004,1.975362035225049,13.82804957599478,11.434718680825009
Manhattan,Upper East Side South,Manhattan,Central Harlem,511,13182.69,25.79782778864971,3.0884931506849314,15.593118069145465,8.453884917944867
Manhattan,East Village,Manhattan,Midtown North,509,14457.56,28.40385068762279,3.211178781925344,19.50042567125082,8.954496944370245
Manhattan,Kips Bay,Manhattan,Upper East Side North,509,13732.33,26.979037328094304,3.125893909626719,17.823051735428944,8.769025239706034
Manhattan,Kips Bay,Manhattan,Stuy Town/Peter Cooper Village,509,7512.4,14.759135559921415,1.0211787819253437,6.164800261951538,16.032901953745675
Queens,JFK Airport,Manhattan,Stuy Town/Peter Cooper Village,508,48599.4,95.66811023622047,39.446141732283465,40.537467191601046,5.321035501444056
Manhattan,Times Sq/Theatre District,Manhattan,Central Harlem,508,16123.15,31.738484251968504,4.222578740157481,19.718339895013123,7.638793429219649
Manhattan,Midtown North,Manhattan,Greenwich Village South,508,14845.289999999999,29.22301181102362,3.13242125984252,21.250853018372702,9.410001449972706
Manhattan,Lenox Hill East,Manhattan,East Village,507,14372.92,28.34895463510848,3.9039842209072977,15.975082182774491,7.352521898516681
Queens,JFK Airport,Queens,Rosedale,507,15908.45,31.377613412228797,5.873885601577909,13.648685075608153,5.392868413138916
Manhattan,Manhattan Valley,Manhattan,Central Park,505,8776.82,17.379841584158417,1.6390891089108912,9.861584158415843,11.683514988317842
Manhattan,Lincoln Square West,Manhattan,Yorkville West,504,12174.91,24.15656746031746,2.551329365079365,15.312070105820107,9.57868149525057
Manhattan,Lower East Side,Manhattan,UN/Turtle Bay South,503,11520.2,22.902982107355868,2.660079522862823,12.903843605036448,8.865607907713843
Manhattan,Flatiron,Manhattan,Sutton Place/Turtle Bay North,502,12874.6,25.646613545816734,2.619621513944223,17.192994687915007,9.895948896019812
Manhattan,Upper East Side North,Queens,JFK Airport,502,47166.29,93.95675298804781,18.837709163346616,44.13608897742364,5.021828877805063
Manhattan,Clinton East,Manhattan,East Harlem South,501,14611.52,29.164710578842318,3.9053692614770457,18.95455755156354,7.653469296720806
Manhattan,Hudson Sq,Manhattan,Meatpacking/West Village West,501,7362.22,14.695049900199601,0.8994011976047904,5.957252162341983,20.26743564907853
Queens,LaGuardia Airport,Brooklyn,Williamsburg (South Side),501,25128.9,50.15748502994012,7.885049900199601,21.050532268795745,6.38069705207447
Manhattan,Midtown North,EWR,Newark Airport,500,66899.84,133.79968,19.23706,38.81503333333333,7.010910919148433
Manhattan,Times Sq/Theatre District,Manhattan,Financial District South,500,18908.34,37.81668,5.84046,25.150333333333332,6.5267571580647195
Manhattan,Penn Station/Madison Sq West,Queens,JFK Airport,500,46316.45,92.63289999999999,17.1995,50.76963333333333,5.549189049639582
Manhattan,Clinton East,Manhattan,Yorkville East,500,14652.42,29.30484,3.41694,19.505766666666666,8.610236364728664
Manhattan,Manhattan Valley,Manhattan,Midtown North,499,12686.41,25.42366733466934,2.808316633266533,16.426720106880424,9.177793112700314
Manhattan,Greenwich Village North,Manhattan,Midtown North,499,13753.67,27.56246492985972,2.6632064128256516,19.716366065464264,10.449947522141604
Manhattan,Greenwich Village South,Manhattan,Upper West Side South,499,18147.88,36.368496993987975,4.9378156312625245,23.797227788911158,7.539701870416433
Manhattan,Meatpacking/West Village West,Manhattan,Times Sq/Theatre District,499,12792.15,25.63557114228457,2.534869739478958,17.46125584502338,10.3271930768151
Manhattan,Kips Bay,Manhattan,Yorkville East,498,12598.28,25.297751004016064,2.996566265060241,14.971820615796519,8.5199514065301
Manhattan,Manhattan Valley,Manhattan,Bloomingdale,498,5158.37,10.358172690763052,0.6944377510040161,4.484069611780455,17.14755163396316
Manhattan,Battery Park City,Manhattan,Meatpacking/West Village West,498,9460.64,18.99726907630522,1.7969076305220884,8.600401606425702,10.851322441973954
Queens,JFK Airport,Brooklyn,Crown Heights South,497,32612.48,65.61867203219316,12.608651911468813,41.354393024815565,5.233957228588527
Manhattan,Little Italy/NoLiTa,Manhattan,Meatpacking/West Village West,497,9313.2,18.738832997987927,1.5489738430583502,10.41673373574782,12.521390168208525
Manhattan,East Harlem North,Manhattan,East Harlem North,497,7017.79,14.120301810865191,0.8677062374245473,5.88262910798122,157.55475481450387
Manhattan,West Chelsea/Hudson Yards,Manhattan,Little Italy/NoLiTa,497,14032.09,28.233581488933602,3.0119114688128774,20.14134808853119,9.456892449352933
Manhattan,SoHo,Manhattan,Midtown Center,496,14316.47,28.863850806451612,3.0258870967741935,21.11838037634409,9.646781925361152
Manhattan,Greenwich Village South,Manhattan,Upper East Side North,496,17345.64,34.97104838709677,4.620141129032258,23.87741935483871,7.6215892010590585
Manhattan,Kips Bay,Manhattan,Flatiron,495,9233.93,18.654404040404042,1.4481212121212121,11.142929292929294,13.258476470617678
Manhattan,Manhattan Valley,Manhattan,East Harlem North,493,9164.48,18.58920892494929,2.200547667342799,14.018559837728194,8.548184045558623
Manhattan,Upper West Side South,Manhattan,Flatiron,491,14360.03,29.246496945010186,3.4486558044806515,19.572708757637475,8.545302025689814
Manhattan,SoHo,Manhattan,Midtown South,491,11053.96,22.51315682281059,2.1677393075356415,14.765784114052954,10.61048235808955
Queens,LaGuardia Airport,Manhattan,Central Harlem North,490,26339.34,53.75375510204081,7.3665306122448975,17.988231292517007,7.341144086595782
Queens,JFK Airport,Queens,Howard Beach,489,15432.47,31.55924335378323,5.958302658486708,14.589229720518064,5.335684460434381
Queens,LaGuardia Airport,Manhattan,Clinton West,489,38816.21,79.37875255623722,11.726319018404908,34.53452624403545,6.872084307110918
Manhattan,SoHo,Manhattan,West Chelsea/Hudson Yards,489,11683.21,23.892044989775048,2.58200408997955,14.82266530334015,9.467682191522375
Manhattan,Central Harlem,Manhattan,Morningside Heights,488,5771.85,11.827561475409837,0.9236475409836066,6.479678961748634,28.55388157473659
Queens,JFK Airport,Queens,Springfield Gardens North,488,12230.36,25.0622131147541,4.2164754098360655,11.283811475409836,6.202198178719628
Manhattan,Penn Station/Madison Sq West,Manhattan,Alphabet City,488,12954.28,26.54565573770492,2.829877049180328,17.965198087431695,9.522880096511054
Manhattan,Kips Bay,Manhattan,Clinton East,488,11876.23,24.336536885245902,2.1357377049180326,17.787090163934426,11.640181543328353
Manhattan,Lincoln Square East,Queens,JFK Airport,488,44566.59,91.32497950819672,19.093073770491802,55.48558743169399,4.8293774447848525
Manhattan,Central Harlem,Manhattan,Central Harlem North,488,6092.9,12.485450819672131,1.2191803278688524,8.000819672131147,11.472284375511412
Manhattan,SoHo,Manhattan,Penn Station/Madison Sq West,488,10754.24,22.03737704918033,2.117950819672131,13.618613387978142,10.559636538578419
Manhattan,Midtown Center,Manhattan,World Trade Center,487,19374.03,39.782402464065704,5.875852156057495,25.426351813826145,6.948334240707889
Manhattan,Central Harlem,Manhattan,East Harlem North,487,6077.43,12.479322381930185,1.0729979466119095,7.854688569472963,13.00894678584074
Manhattan,Hudson Sq,Manhattan,Greenwich Village North,484,7137.1,14.74607438016529,0.9929752066115703,6.154545454545455,15.733331548382806
Manhattan,East Village,Manhattan,Garment District,484,11957.47,24.705516528925617,2.504400826446281,16.844938016528925,10.06893250278171
Manhattan,Greenwich Village South,Manhattan,Hudson Sq,484,7318.44,15.120743801652893,0.8943181818181819,6.612052341597796,18.547296851458757
Manhattan,Upper East Side South,Queens,JFK Airport,482,44132.729999999996,91.56168049792531,18.20921161825726,51.9063969571231,5.110922620018942
Manhattan,Battery Park City,Manhattan,Midtown East,482,19162.03,39.7552489626556,6.380394190871369,20.17320193637621,6.248023500567669
Manhattan,Morningside Heights,Manhattan,East Harlem North,481,8645.16,17.973305613305612,1.8144282744282745,13.354954954954955,10.106934801318422
Manhattan,Battery Park City,Manhattan,Financial District North,481,8496.35,17.663929313929316,1.4514345114345113,8.199410949410948,13.066370970407897
Manhattan,Clinton West,Manhattan,Penn Station/Madison Sq West,480,9018.14,18.787791666666667,1.58325,10.9059375,12.228740678936107
Manhattan,Upper West Side North,Queens,LaGuardia Airport,480,30889.85,64.35385416666666,9.629520833333334,25.58631944444444,6.709728502170449
Manhattan,Upper East Side South,Manhattan,SoHo,479,16589.44,34.633486430062625,4.106764091858038,25.51631871955463,8.577371547587498
Manhattan,Lincoln Square East,Manhattan,Kips Bay,479,13584.4,28.35991649269311,3.1156158663883087,20.140988169798188,9.226448649930637
Manhattan,Lenox Hill East,Manhattan,Manhattan Valley,478,13895.44,29.069958158995817,3.2694351464435147,20.147350069735005,8.938575946447637
Manhattan,Clinton West,Manhattan,Clinton West,478,7391.81,15.464037656903766,0.8074476987447698,5.047838214783821,130.09339219972242
Manhattan,East Harlem South,Manhattan,Central Harlem,478,6710.54,14.038786610878661,1.502468619246862,9.134937238493723,10.091773662017149
Manhattan,Hudson Sq,Manhattan,Flatiron,477,8054.32,16.885366876310272,1.321362683438155,7.912543675751222,13.160996947057292
Manhattan,Upper East Side North,Unknown,Unknown,477,9829.31,20.606519916142556,1.8182599580712786,11.053878406708595,43.866750172844824
Queens,LaGuardia Airport,Brooklyn,Clinton Hill,477,27599.84,57.8612997903564,9.401740041928722,26.541963661774982,6.270813302313006
Manhattan,Lower East Side,Manhattan,Midtown South,477,11577.539999999999,24.271572327044023,2.542054507337526,15.648846960167715,9.68412174109211
Manhattan,Yorkville West,Manhattan,Clinton East,476,13055.25,27.42699579831933,3.219705882352941,17.9531162464986,8.587900198538872
Queens,LaGuardia Airport,Brooklyn,Crown Heights North,475,32083.93,67.54511578947368,11.35,35.26775438596491,6.022039915411061
Manhattan,Greenwich Village North,Manhattan,Lenox Hill West,474,14009.5,29.55590717299578,3.4747890295358648,20.38607594936709,8.579161453763778
Manhattan,Upper West Side South,Manhattan,West Village,474,15825.65,33.38744725738397,4.165949367088608,22.860196905766525,8.092663742563849
Manhattan,Greenwich Village North,Manhattan,Hudson Sq,474,7616.63,16.068839662447257,1.1374683544303796,7.810689170182841,14.772772763441552
Manhattan,Lenox Hill West,Manhattan,Garment District,473,12177.8,25.745877378435516,2.5073784355179702,18.69982381959126,10.439732698496645
Manhattan,East Chelsea,Manhattan,Yorkville East,473,17514.69,37.02894291754757,4.5523044397463,26.688830162085978,8.24589501962813
Manhattan,Upper East Side North,Manhattan,West Village,472,18095.38,38.337669491525425,4.876398305084745,28.02330508474576,8.015557243279583
Manhattan,Yorkville West,Manhattan,Penn Station/Madison Sq West,472,15133.35,32.06218220338983,3.7816737288135593,22.58555790960452,8.567129221351305
Queens,JFK Airport,Manhattan,Central Park,472,44081.07,93.39209745762712,18.64023305084746,47.269703389830504,5.0314835696583255
Queens,LaGuardia Airport,Manhattan,Battery Park City,472,41297.11,87.49387711864406,14.467288135593222,35.4166313559322,6.06076232172937
Manhattan,Upper East Side South,Manhattan,Meatpacking/West Village West,472,16471.92,34.89813559322034,4.1072033898305085,25.625600282485873,8.62957404712186
Manhattan,Kips Bay,Manhattan,West Village,471,10452.34,22.19180467091295,2.0829723991507434,14.630396319886767,10.872207298228087
Manhattan,West Chelsea/Hudson Yards,Manhattan,Sutton Place/Turtle Bay North,471,13086.65,27.784819532908703,2.726942675159236,20.24699221514508,10.321196681012117
Manhattan,Yorkville West,Manhattan,East Village,470,14790.039999999999,31.468170212765955,4.532425531914893,18.049929078014184,7.048713658797806
Manhattan,Upper East Side North,Manhattan,Kips Bay,470,13554.289999999999,28.83891489361702,3.62463829787234,18.236205673758864,8.114737474830012
Manhattan,Upper East Side North,Manhattan,TriBeCa/Civic Center,470,22194.41,47.222148936170214,7.467021276595744,29.78656028368794,6.489167952201953
Manhattan,Greenwich Village North,Manhattan,Upper West Side South,470,17150.66,36.49076595744681,4.583255319148936,25.220496453900708,8.00916306149662
Manhattan,Battery Park City,Manhattan,Times Sq/Theatre District,469,17225.42,36.72797441364605,4.8273773987206825,24.99235963041933,7.7394640599115725
Manhattan,Upper West Side North,Manhattan,Penn Station/Madison Sq West,467,13862.16,29.683426124197002,114.07740899357601,20.20935046395432,8.483722084535039
Manhattan,East Village,Manhattan,Chinatown,466,8607.11,18.47019313304721,1.460107296137339,10.460836909871245,13.455515121101708
Manhattan,Murray Hill,Manhattan,Financial District North,466,15657.15,33.59903433476395,4.787403433476395,18.280972818311874,7.113173620828047
Manhattan,East Village,Manhattan,Upper West Side North,466,18454.33,39.60156652360516,5.8660944206008585,26.07972103004292,6.793077401880758
Manhattan,Lincoln Square East,Manhattan,Meatpacking/West Village West,466,12989.7,27.874892703862663,3.3311158798283262,17.464270386266094,8.45017923832583
Manhattan,Manhattan Valley,Manhattan,Clinton East,465,12301.94,26.45578494623656,81.3478064516129,15.291935483870967,8.423251259019914
Queens,JFK Airport,Brooklyn,Marine Park/Mill Basin,465,27027.01,58.12260215053763,12.621483870967742,23.522186379928318,4.604572957233006
Manhattan,Greenwich Village North,Manhattan,Lincoln Square East,464,15170.71,32.69549568965517,3.6342241379310343,23.89935344827586,9.101829679015768
Manhattan,Greenwich Village South,Manhattan,Alphabet City,464,8221.48,17.718706896551723,1.2764870689655172,9.867097701149424,14.365823453411702
Manhattan,Lincoln Square West,Manhattan,Murray Hill,464,12416.63,26.75997844827586,2.7321336206896554,19.622916666666665,10.05196279944111
Manhattan,Yorkville East,Manhattan,Kips Bay,462,10710.57,23.183051948051947,3.2380303030303033,11.043326118326117,10.306121882171087
Manhattan,Penn Station/Madison Sq West,Manhattan,Two Bridges/Seward Park,462,14089.72,30.497229437229436,3.680779220779221,20.515440115440114,8.37987421678967
Manhattan,Little Italy/NoLiTa,Manhattan,Two Bridges/Seward Park,461,8007.34,17.3695010845987,1.1752494577006507,9.58998553868402,15.745754814593791
Queens,East Elmhurst,Manhattan,Midtown Center,461,32720.16,70.97648590021691,9.805032537960955,30.943890093998554,7.27029456036301
Manhattan,Penn Station/Madison Sq West,Queens,LaGuardia Airport,461,32120.59,69.67590021691974,10.20583514099783,31.293492407809108,6.845344430167456
Queens,JFK Airport,Manhattan,Washington Heights North,461,42103.049999999996,91.32982646420824,21.25993492407809,42.39352856109906,6.426572875546205
Manhattan,Midtown North,Manhattan,SoHo,460,14270.82,31.023521739130434,3.55,23.428695652173914,8.80999259583578
Manhattan,Greenwich Village South,Manhattan,Sutton Place/Turtle Bay North,460,12275.43,26.685717391304348,3.1327391304347825,17.136195652173914,8.557988728124444
Manhattan,Lower East Side,Manhattan,Penn Station/Madison Sq West,459,11626.68,25.33045751633987,2.702244008714597,16.93115468409586,9.447560144210906
Manhattan,Little Italy/NoLiTa,Manhattan,Little Italy/NoLiTa,459,7183.9,15.65119825708061,0.4860348583877996,4.6911764705882355,227.38127542063194
Manhattan,Greenwich Village South,Manhattan,Lincoln Square East,459,15133.63,32.97087145969499,4.075228758169935,22.500254175744374,8.182359605927683
Manhattan,TriBeCa/Civic Center,Manhattan,Midtown North,458,16243.24,35.465589519650656,4.42438864628821,25.6386826783115,8.157628671416877
Manhattan,Times Sq/Theatre District,Manhattan,Morningside Heights,457,14812.31,32.41205689277899,4.358074398249453,19.648577680525165,7.551719761921893
Manhattan,West Village,Manhattan,Lenox Hill East,457,15552.03,34.03070021881838,4.3857330415754925,23.60867979576951,7.82906918419403
Queens,LaGuardia Airport,Brooklyn,East Williamsburg,456,21127.97,46.33326754385965,7.136644736842105,19.309429824561406,6.512076777427824
Manhattan,Midtown North,Manhattan,Little Italy/NoLiTa,455,14516.57,31.90454945054945,3.6833846153846155,23.995494505494506,8.730153857086485
Manhattan,Greenwich Village South,Manhattan,Battery Park City,452,9632.86,21.311637168141594,2.044159292035398,12.067367256637167,10.658149993203297
Manhattan,Sutton Place/Turtle Bay North,Manhattan,Lincoln Square West,452,11120.06,24.601902654867256,2.2271902654867257,16.782964601769912,11.229950341277075
Manhattan,Kips Bay,Manhattan,Greenwich Village South,452,9308.97,20.595066371681416,1.9474115044247788,11.637758112094394,10.821726423008059
Manhattan,Murray Hill,Manhattan,East Harlem South,451,12877.15,28.552439024390242,3.4925720620842573,18.49767184035477,8.339436765055279
Manhattan,Yorkville East,Manhattan,Gramercy,451,12541.67,27.808580931263858,3.79629711751663,14.75229120473023,7.376613237704677
Manhattan,Bloomingdale,Manhattan,Morningside Heights,450,4705.34,10.456311111111111,0.7263333333333334,4.554407407407407,16.69706457995045
Manhattan,Kips Bay,Manhattan,Times Sq/Theatre District,450,9807.75,21.795,1.746511111111111,14.744,12.868568769241103
Manhattan,Clinton East,Manhattan,Battery Park City,450,14401.87,32.004155555555556,4.404022222222222,19.738592592592592,7.35999480350834
Queens,JFK Airport,Manhattan,Seaport,450,42266.11,93.9246888888889,20.89348888888889,49.21551851851852,4.542745692502257
Manhattan,Upper East Side North,Manhattan,Flatiron,449,15219.47,33.8963697104677,3.8993541202672604,25.188455827765406,8.78395060866338
Manhattan,Gramercy,Manhattan,Upper West Side South,448,15261.26,34.0653125,4.214665178571429,23.583928571428572,8.127159616074325
Manhattan,East Chelsea,Manhattan,World Trade Center,448,13754.67,30.70238839285714,3.7542410714285714,20.205505952380953,8.262130199668004
Manhattan,World Trade Center,Manhattan,East Chelsea,448,12230.78,27.300848214285715,3.264486607142857,16.96968005952381,8.430569000993398
Manhattan,Kips Bay,Manhattan,Two Bridges/Seward Park,448,9419.08,21.024732142857143,2.6023214285714285,9.977083333333335,9.684734306297766
Manhattan,Midtown Center,Manhattan,Financial District South,447,17130.98,38.324340044742726,5.865816554809843,22.94179716629381,6.56254058896036
Manhattan,Yorkville East,Manhattan,Union Sq,446,13463.43,30.18706278026906,4.117466367713004,18.471860986547085,7.3613658271893065
Manhattan,TriBeCa/Civic Center,Manhattan,Upper West Side South,446,17390.81,38.99284753363229,5.57719730941704,24.49256352765321,7.008598305330282
Manhattan,Lincoln Square West,Manhattan,Penn Station/Madison Sq West,445,10444.67,23.47116853932584,2.347550561797753,14.843220973782772,10.09883410112061
Manhattan,Clinton East,Manhattan,Washington Heights South,445,17717.62,39.81487640449438,6.994404494382023,17.510749063670414,5.698778846566637
Queens,JFK Airport,Brooklyn,Bay Ridge,444,41074.47,92.51006756756757,21.09786036036036,36.773273273273276,4.386220375114749
Manhattan,Penn Station/Madison Sq West,Manhattan,Manhattan Valley,444,15536.77,34.99272522522523,4.439707207207207,23.042717717717718,7.896045922268089
Queens,LaGuardia Airport,Manhattan,Central Park,443,31421.29,70.92841986455983,9.764762979683972,30.1826561324304,7.291736354367972
Manhattan,Midtown South,Manhattan,Financial District North,443,14200.95,32.056320541760726,4.48627539503386,18.900376222723853,7.313470706806764
Manhattan,Yorkville West,Manhattan,Union Sq,443,13812.36,31.179142212189618,3.9991422121896165,20.909443190368698,7.902432240754346
Manhattan,West Village,Manhattan,Two Bridges/Seward Park,443,10481.52,23.660316027088037,2.201941309255079,15.633860045146728,11.068002807143703
Manhattan,Greenwich Village North,Manhattan,Garment District,443,9167.28,20.693634311512415,1.7090519187358917,13.31282919488337,12.363999792485801
Manhattan,Flatiron,Manhattan,Battery Park City,443,10993.17,24.815282167042888,2.8960270880361176,14.889089541008277,8.682071919530932
Manhattan,Manhattan Valley,Manhattan,Lenox Hill East,442,13035.539999999999,29.492171945701354,3.2904751131221723,21.251583710407242,8.995553112877015
Manhattan,Lenox Hill East,Queens,LaGuardia Airport,441,27144.83,61.55290249433107,9.129047619047618,22.786734693877552,6.757984024594511
Manhattan,Lower East Side,Manhattan,Midtown East,440,11392.85,25.89284090909091,3.0700454545454545,15.856931818181819,8.621288847135936
Manhattan,Upper West Side South,Manhattan,Gramercy,439,15018.17,34.20995444191344,4.257403189066059,24.17870159453303,8.116209276940253
Manhattan,Union Sq,Manhattan,Alphabet City,439,8923.03,20.325808656036447,1.7125740318906606,12.449392558845863,12.201031497153481
Manhattan,Little Italy/NoLiTa,Manhattan,West Chelsea/Hudson Yards,438,11487.78,26.227808219178083,2.969041095890411,16.85658295281583,8.934991698621953
Manhattan,Yorkville West,Manhattan,Midtown South,438,12272.36,28.01908675799087,3.3209360730593604,18.987823439878234,8.55772647460042
Manhattan,TriBeCa/Civic Center,Manhattan,Upper East Side South,438,17793.46,40.62433789954338,5.684885844748859,27.187138508371387,7.393662082776694
Manhattan,Flatiron,Manhattan,UN/Turtle Bay South,436,9563.75,21.93520642201835,1.9749770642201836,13.846330275229358,11.407933571312828
Manhattan,Greenwich Village North,Manhattan,UN/Turtle Bay South,435,9448.15,21.719885057471263,2.079609195402299,13.449080459770116,10.559618337140014
Manhattan,Upper East Side South,Unknown,Unknown,434,8793.12,20.260645161290324,1.6285714285714286,10.811597542242705,57.08575747047842
Manhattan,Gramercy,Queens,LaGuardia Airport,434,28687.95,66.10126728110599,10.13857142857143,24.890207373271892,6.546898906649928
Manhattan,Midtown South,Manhattan,Battery Park City,434,14359.98,33.08751152073732,4.664193548387097,20.529070660522272,7.285035079688106
Manhattan,Flatiron,Manhattan,Lenox Hill West,434,12774.67,29.43472350230415,3.3853225806451612,20.429301075268818,8.784072455271561
Manhattan,Lower East Side,Manhattan,Lenox Hill West,433,12997.12,30.016443418013857,4.22905311778291,17.076635873749037,7.157165164355111
Manhattan,Union Sq,Manhattan,Two Bridges/Seward Park,433,10678.46,24.661570438799075,2.6388683602771366,15.835758275596612,9.57180333750067
Manhattan,East Harlem North,Manhattan,Yorkville West,433,6696.46,15.46526558891455,1.5198152424942264,7.53044649730562,10.630314652792887
Queens,LaGuardia Airport,Manhattan,Little Italy/NoLiTa,432,29932.3,69.28773148148149,10.703333333333333,30.70825617283951,6.488063519605122
Manhattan,Greenwich Village South,Manhattan,Yorkville West,431,14855.16,34.466728538283064,4.929025522041763,22.064694508894046,7.032404934785326
Manhattan,Yorkville West,Manhattan,Central Harlem,431,9217.94,21.387331786542923,2.36491879350348,12.38662026295437,9.185067437384923
Manhattan,Upper East Side North,Manhattan,Central Harlem North,431,10401.24,24.132807424593967,3.033573085846868,14.796249033255995,8.272021765892944
Queens,LaGuardia Airport,Brooklyn,Bedford,429,24200.77,56.41205128205128,9.302167832167832,28.238111888111888,6.075200339434741
Manhattan,Midtown Center,Manhattan,Two Bridges/Seward Park,429,13422.49,31.287855477855476,4.0877156177156175,20.195415695415697,7.717738176656678
Manhattan,Upper West Side South,Manhattan,UN/Turtle Bay South,428,12387.08,28.941775700934578,3.2449766355140186,20.542951713395638,9.028011456022522
Manhattan,Lincoln Square East,Manhattan,Central Harlem North,427,13446.28,31.490117096018736,4.290046838407494,19.829820452771273,7.4095023015596935
Manhattan,Lenox Hill East,Manhattan,TriBeCa/Civic Center,427,18162.19,42.53440281030445,7.174777517564403,22.8532006245121,5.989236703109083
Manhattan,Sutton Place/Turtle Bay North,Manhattan,Greenwich Village North,427,10686.22,25.026276346604213,2.71096018735363,16.453005464480874,9.289164316013615
Manhattan,Murray Hill,Manhattan,Battery Park City,427,15610.76,36.55915690866511,5.517868852459016,20.635948477751754,6.763372344730641
Manhattan,Clinton East,Manhattan,Morningside Heights,426,12752.84,29.9362441314554,4.123309859154929,16.55719874804382,7.469165662021575
Manhattan,Bloomingdale,Manhattan,Manhattan Valley,424,4583.63,10.810448113207547,0.6154481132075471,4.217216981132076,46.358225343253046
Manhattan,SoHo,Manhattan,Greenwich Village South,424,5867.66,13.83882075471698,0.702806603773585,5.561988993710692,22.20601344082191
Manhattan,West Chelsea/Hudson Yards,Manhattan,Greenwich Village South,423,10427.27,24.650756501182034,2.4397399527186763,16.687037037037037,10.326728454301959
Queens,LaGuardia Airport,Queens,Sunnyside,423,16142.48,38.16189125295508,5.11210401891253,15.067454688731285,7.629374982980912
Manhattan,Lenox Hill West,Manhattan,Manhattan Valley,422,10995.45,26.05556872037915,2.9173933649289103,16.628199052132704,8.985820684533424
Queens,JFK Airport,Queens,Cambria Heights,422,15679.55,37.1553317535545,7.970710900473933,18.406121642969985,5.103944067323416
Manhattan,Upper West Side South,Manhattan,TriBeCa/Civic Center,421,16566.39,39.35009501187648,5.60812351543943,25.933293745051465,7.057375791306322
Manhattan,Little Italy/NoLiTa,Manhattan,SoHo,421,5858.01,13.914513064133017,0.642874109263658,5.239390340459224,35.99873630792091
Manhattan,Upper West Side South,Manhattan,Hamilton Heights,420,11719.27,27.90302380952381,3.7457857142857143,15.531785714285714,7.571552828944475
Manhattan,Upper East Side North,Manhattan,East Village,420,14740.36,35.09609523809524,4.934928571428571,22.44638888888889,7.225306670727739
Queens,JFK Airport,Manhattan,Hamilton Heights,419,38479.76,91.83713603818616,19.53615751789976,40.595027844073186,4.712074863295883
Manhattan,Gramercy,Manhattan,Financial District North,418,11589.36,27.72574162679426,3.7164354066985648,15.201674641148326,7.794606308824369
Manhattan,Lenox Hill East,Manhattan,Garment District,415,12031.34,28.991180722891567,2.9263614457831326,21.066144578313256,10.021065485891667
Manhattan,TriBeCa/Civic Center,Manhattan,Financial District South,415,7062.37,17.01775903614458,1.2767469879518072,9.049116465863454,14.548221065147537
Manhattan,Midtown Center,Manhattan,Stuy Town/Peter Cooper Village,415,9734.94,23.457686746987953,2.276457831325301,14.976546184738956,10.403240705094118
Manhattan,Meatpacking/West Village West,Manhattan,Midtown North,414,11715.72,28.298840579710145,3.1684782608695654,19.366505636070855,9.106260075523513
Manhattan,Financial District North,Manhattan,Lower East Side,414,7920.5,19.131642512077295,1.659855072463768,10.37866344605475,12.749804760273973
Manhattan,Garment District,Manhattan,Yorkville West,414,12250.62,29.590869565217393,3.3767874396135267,20.45805152979066,8.890173131177214
Manhattan,Manhattan Valley,Manhattan,Yorkville West,414,8747.78,21.129903381642514,2.096135265700483,13.48864734299517,10.247457090398731
Manhattan,Yorkville East,Manhattan,Times Sq/Theatre District,414,11586.92,27.987729468599035,3.1208212560386475,19.932971014492754,9.034162186230025
Manhattan,Battery Park City,Manhattan,Midtown Center,413,17033.48,41.24329297820823,6.186731234866828,25.016182405165456,6.809283508680222
Manhattan,Upper West Side North,Manhattan,Union Sq,413,14256.97,34.52050847457627,4.463874092009685,24.58054882970137,7.894810839313209
Manhattan,Lower East Side,Manhattan,Clinton East,413,13354.25,32.33474576271186,4.112324455205812,22.125585149313963,7.939241963535221
Manhattan,Central Park,Manhattan,Morningside Heights,413,9205.83,22.290145278450364,2.5180629539951576,12.79410815173527,9.299998505170054
Manhattan,Lincoln Square East,Manhattan,Washington Heights South,412,15162.44,36.80203883495146,6.053810679611651,17.721399676375402,6.134170854377941
Manhattan,Midtown North,Manhattan,Battery Park City,412,16109.46,39.10063106796116,5.686432038834951,25.643001618122977,6.94364232221122
Queens,LaGuardia Airport,Manhattan,Washington Heights South,411,26066.6,63.42238442822384,9.538856447688564,24.515287915652877,6.6805291896262675
Manhattan,TriBeCa/Civic Center,Manhattan,Two Bridges/Seward Park,410,8394.36,20.474048780487806,1.7980975609756098,12.411951219512193,12.38431264742372
Manhattan,Bloomingdale,Manhattan,Upper East Side North,410,8547.72,20.848097560975607,2.1331951219512195,12.539918699186993,9.839392792749482
Manhattan,Upper East Side South,Manhattan,Little Italy/NoLiTa,408,14025.26,34.37563725490196,4.088259803921568,24.937295751633986,8.570028416671962
Manhattan,Sutton Place/Turtle Bay North,Manhattan,West Village,408,11884.06,29.127598039215684,3.292892156862745,20.452573529411765,9.223050524716125
Queens,JFK Airport,Queens,Laurelton,408,12683.19,31.08625,5.7001960784313725,15.009885620915034,5.499146705131633
Manhattan,Greenwich Village North,Manhattan,Battery Park City,407,9388.6,23.067813267813268,2.4302948402948403,14.193407043407042,9.63453401421303
Manhattan,Upper East Side North,Manhattan,Clinton West,407,10983.31,26.986019656019653,3.044029484029484,18.095167895167897,8.995998545575464
Manhattan,Murray Hill,Manhattan,Two Bridges/Seward Park,407,10409.53,25.57624078624079,3.217886977886978,14.774447174447173,8.018456213452367
Manhattan,Penn Station/Madison Sq West,Manhattan,Financial District South,407,14403.27,35.38886977886978,4.815454545454545,22.640581490581493,7.477630852593714
Queens,JFK Airport,Brooklyn,Carroll Gardens,407,44157.44,108.49493857493859,23.356191646191643,43.920270270270265,4.70107544400734
Manhattan,Garment District,Manhattan,Greenwich Village North,407,8608.64,21.15144963144963,1.9167813267813267,13.155200655200655,11.306047147220141
Manhattan,Bloomingdale,Manhattan,Lincoln Square East,406,9039.6,22.265024630541873,2.2686945812807884,13.313054187192119,9.941186993703878
Manhattan,Little Italy/NoLiTa,Manhattan,Midtown East,405,10696.14,26.41022222222222,2.936246913580247,17.761893004115226,9.092730896596876
Manhattan,Midtown Center,Manhattan,Central Harlem,405,12507.48,30.882666666666665,3.995358024691358,20.12460905349794,7.8176258188473255
Queens,JFK Airport,Manhattan,East Harlem North,405,36856.86,91.00459259259259,17.74577777777778,34.97592592592593,5.167502283655518
Manhattan,Lower East Side,Manhattan,Sutton Place/Turtle Bay North,404,10520.15,26.03997524752475,3.241881188118812,14.562211221122112,8.131594402253976
Manhattan,Lenox Hill West,Manhattan,Greenwich Village North,404,12336.96,30.537029702970294,3.633663366336634,21.103630363036302,8.550047142520235
Manhattan,Meatpacking/West Village West,Manhattan,Lower East Side,404,9743.68,24.1180198019802,2.099950495049505,16.90148514851485,11.802704888629304
Manhattan,Hudson Sq,Manhattan,West Chelsea/Hudson Yards,403,8737.32,21.680694789081887,2.225880893300248,12.161455748552523,9.937508499672203
Manhattan,East Harlem South,Manhattan,Lenox Hill East,403,8289.0,20.568238213399503,2.052059553349876,12.968941273779985,10.257431103020123
Queens,JFK Airport,Queens,Kew Gardens,403,14892.2,36.95334987593052,6.837047146401985,18.944706368899915,5.479405463148108
Manhattan,Lincoln Square West,Manhattan,Sutton Place/Turtle Bay North,403,9379.85,23.275062034739456,2.197543424317618,15.705293631100083,10.73692108889886
Manhattan,Gramercy,Manhattan,Upper West Side North,402,14854.48,36.95144278606965,4.8701741293532335,25.592164179104476,7.892907664151571
Manhattan,Upper West Side North,Manhattan,Hamilton Heights,402,9652.28,24.010646766169156,3.0534328358208955,14.39382255389718,7.96488498615866
Manhattan,Battery Park City,Manhattan,Penn Station/Madison Sq West,402,11434.97,28.445199004975123,3.474676616915423,16.850248756218907,8.234831810830869
Manhattan,Lenox Hill West,Manhattan,West Chelsea/Hudson Yards,401,12331.52,30.75192019950125,3.5574064837905235,21.938196176226104,8.752112510517774
Manhattan,East Chelsea,Manhattan,Manhattan Valley,400,12940.81,32.352025,4.344675,19.023791666666668,7.555486009921233
Manhattan,Garment District,Manhattan,Meatpacking/West Village West,400,8450.81,21.127025,1.91885,12.659583333333332,11.189992018318662
Manhattan,Sutton Place/Turtle Bay North,Manhattan,West Chelsea/Hudson Yards,400,11033.31,27.583275,2.7416250000000004,19.982333333333333,10.251806820887923
Manhattan,Hudson Sq,Manhattan,Penn Station/Madison Sq West,400,7905.03,19.762575,1.8143,10.945791666666667,11.048622464592036
Manhattan,West Chelsea/Hudson Yards,Manhattan,UN/Turtle Bay South,396,9912.97,25.032752525252523,2.0854545454545454,18.45925925925926,12.385828837031546
Manhattan,Sutton Place/Turtle Bay North,Queens,JFK Airport,396,35559.85,89.797601010101,17.00239898989899,44.92487373737374,5.337313109233163
Manhattan,Lincoln Square West,Manhattan,Union Sq,395,11046.1,27.96481012658228,3.2661012658227846,19.095274261603375,8.633527173777681
Queens,LaGuardia Airport,Queens,East Elmhurst,395,8532.77,21.601949367088608,1.4531898734177215,7.111054852320676,31.306669532449998
Manhattan,Garment District,Manhattan,Battery Park City,394,12775.039999999999,32.42395939086294,4.312690355329949,20.643485617597293,7.61418535023482
Manhattan,Midtown East,Manhattan,Manhattan Valley,394,12377.43,31.41479695431472,3.76002538071066,20.77796108291032,8.448278923378506
Manhattan,Upper West Side South,Manhattan,Greenwich Village North,394,14024.61,35.59545685279188,4.4589340101522845,25.919966159052453,8.035702841178344
Manhattan,World Trade Center,Manhattan,West Village,393,8230.66,20.943155216284985,1.9723155216284987,11.462849872773536,10.845780018512345
Manhattan,Flatiron,Queens,JFK Airport,392,36457.67,93.00426020408163,17.36923469387755,49.66373299319728,5.36992824484883
Manhattan,Central Park,Manhattan,Central Harlem,392,7794.25,19.883290816326532,2.0801530612244896,11.012797619047618,10.347107624769885
Manhattan,Clinton East,Manhattan,Central Harlem North,392,14508.47,37.011403061224485,5.679719387755101,22.050977891156464,6.6332877070525225
Manhattan,World Trade Center,Manhattan,West Chelsea/Hudson Yards,392,10916.28,27.84765306122449,3.46375,16.517049319727892,8.174545518346537
Manhattan,Yorkville West,Manhattan,East Chelsea,390,13238.86,33.945794871794874,4.341897435897436,23.688247863247863,7.8807903621091775
Manhattan,Greenwich Village South,Manhattan,Garment District,389,8872.41,22.808251928020564,2.1741388174807197,14.490959725792631,10.671473648574342
Queens,JFK Airport,Brooklyn,East Flatbush/Remsen Village,388,20423.04,52.63670103092784,10.800644329896906,28.787199312714776,4.884343466276959
Manhattan,Union Sq,Manhattan,Central Park,387,11160.05,28.83733850129199,2.9610335917312662,20.038156761412576,10.097926585191388
Manhattan,East Village,Manhattan,Battery Park City,387,10691.4,27.626356589147285,3.5387596899224807,15.822695951765718,8.254566854989664
Manhattan,Little Italy/NoLiTa,Manhattan,Clinton East,385,11892.89,30.890623376623374,3.6976883116883115,22.2408658008658,8.425945219119193
Manhattan,Clinton East,Manhattan,Greenwich Village South,385,10502.16,27.278337662337663,2.8874285714285715,19.07069264069264,9.61670162366085
Manhattan,Times Sq/Theatre District,Manhattan,Central Harlem North,385,13630.79,35.40464935064935,5.3819480519480525,22.062251082251084,6.70538707627983
Manhattan,Times Sq/Theatre District,Manhattan,Hudson Sq,384,10489.93,27.317526041666667,3.0224739583333338,18.626866319444442,9.175916273553339
Queens,LaGuardia Airport,Manhattan,Meatpacking/West Village West,384,29831.51,77.68622395833333,11.6253125,34.69223090277777,6.73954426163883
Manhattan,TriBeCa/Civic Center,Manhattan,Chinatown,384,6131.41,15.967213541666666,0.8559895833333333,8.442230902777778,21.254524933582598
Manhattan,Central Harlem,Manhattan,Upper West Side North,383,6551.89,17.106762402088773,1.5680678851174936,9.5266318537859,11.277805242985254
Manhattan,Lower East Side,Manhattan,Yorkville West,381,13241.69,34.75509186351706,5.39034120734908,19.941076115485565,6.5080724773987395
Manhattan,Battery Park City,Manhattan,Clinton East,380,12557.55,33.04618421052631,4.251815789473684,21.48188596491228,7.8022593048040045
Manhattan,Greenwich Village North,Manhattan,Two Bridges/Seward Park,379,8152.84,21.511451187335094,1.9632717678100264,13.655540897097625,11.455763120826077
Manhattan,Midtown Center,Manhattan,Morningside Heights,378,12884.96,34.087195767195766,4.430343915343916,21.786331569664902,7.816757962856223
Manhattan,West Chelsea/Hudson Yards,Manhattan,Hudson Sq,378,8887.67,23.512354497354497,2.4093650793650796,14.081040564373897,9.893907396185575
Manhattan,East Harlem South,Manhattan,Midtown Center,376,9553.45,25.408111702127663,2.6845744680851062,17.744547872340426,9.62593525750769
Manhattan,Little Italy/NoLiTa,Manhattan,Midtown North,376,12255.65,32.594813829787235,3.801276595744681,24.39636524822695,8.707054328297433
Manhattan,Little Italy/NoLiTa,Manhattan,Battery Park City,376,7611.6,20.243617021276595,1.76625,12.002836879432625,12.342299286374514
Manhattan,Upper West Side South,Manhattan,East Village,376,14588.01,38.79789893617021,5.414335106382978,27.341445035460993,7.28628596117927
Manhattan,Lower East Side,Brooklyn,Williamsburg (South Side),376,8170.2,21.729255319148937,2.248962765957447,9.908732269503547,9.814696805078722
Manhattan,TriBeCa/Civic Center,Manhattan,Upper East Side North,375,17042.25,45.446,6.832293333333333,29.55182222222222,6.812454064739714
Queens,LaGuardia Airport,Manhattan,SoHo,375,27038.38,72.10234666666668,11.215893333333334,32.43946666666667,6.453784181100423
Queens,JFK Airport,Queens,Woodhaven,375,13597.38,36.259679999999996,7.0272266666666665,19.14453333333333,5.167678300888984
Queens,JFK Airport,Queens,Kew Gardens Hills,374,14774.06,39.50283422459893,7.436390374331551,20.162611408199645,5.327400219340752
Manhattan,Lincoln Square East,Manhattan,East Harlem North,374,10802.2,28.882887700534763,3.9677272727272728,18.71711229946524,7.329593940068305
Manhattan,Hudson Sq,Manhattan,Little Italy/NoLiTa,374,5604.56,14.985454545454546,0.8182352941176471,7.3900178253119435,19.890434027498344
Manhattan,East Harlem North,Manhattan,Central Harlem,373,4434.03,11.887479892761393,0.9875603217158178,7.551161751563897,21.035923520078484
Queens,LaGuardia Airport,Manhattan,Hudson Sq,373,28946.47,77.60447721179625,11.918471849865952,35.63561215370867,6.552698363653525
Manhattan,Gramercy,Manhattan,East Harlem South,373,11737.16,31.46691689008043,4.599624664879356,20.320107238605896,6.975668474693161
Manhattan,TriBeCa/Civic Center,Manhattan,Garment District,372,10358.83,27.846317204301076,3.158978494623656,19.465501792114697,9.004499556099281
Manhattan,Manhattan Valley,Manhattan,Midtown Center,372,11083.55,29.794489247311827,3.429543010752688,20.74274193548387,8.742407140503241
Manhattan,Meatpacking/West Village West,Manhattan,Hudson Sq,372,5839.97,15.698844086021506,1.035510752688172,7.441532258064516,16.057864373410435
Queens,LaGuardia Airport,Manhattan,Washington Heights North,372,24723.89,66.46206989247311,10.201317204301075,24.076164874551974,6.53862630666132
Queens,LaGuardia Airport,Brooklyn,Downtown Brooklyn/MetroTech,371,22311.81,60.13964959568734,10.151347708894878,27.84164420485175,5.928472090689466
Manhattan,Upper West Side North,Manhattan,Garment District,371,10236.05,27.59043126684636,3.13188679245283,18.46114106019766,8.918041656605428
Queens,East Elmhurst,Manhattan,Midtown South,370,24878.7,67.23972972972973,9.218837837837837,26.923423423423422,7.330461276331504
Manhattan,West Village,Manhattan,Yorkville East,370,14201.96,38.383675675675676,5.409243243243243,26.05337837837838,7.149599886980788
Manhattan,Little Italy/NoLiTa,Manhattan,Upper East Side South,370,12073.67,32.63154054054054,3.9004594594594595,23.209279279279276,8.470444577378606
Manhattan,Midtown East,Manhattan,Hudson Sq,370,11013.55,29.76635135135135,3.3080000000000003,21.246306306306305,9.152897132340984
Manhattan,Hudson Sq,Manhattan,Murray Hill,369,9382.75,25.42750677506775,2.603360433604336,17.036449864498646,9.939320513415556
Manhattan,Hudson Sq,Manhattan,Gramercy,369,7428.34,20.1310027100271,1.806991869918699,11.754290876242095,11.32501013084461
Manhattan,World Trade Center,Manhattan,Midtown Center,369,14057.09,38.09509485094851,5.2394037940379405,25.741282746160795,7.5055118861685495
Manhattan,Central Park,Manhattan,UN/Turtle Bay South,369,8723.71,23.641490514905147,2.2630352303523034,15.69494128274616,11.109349539191392
Manhattan,Union Sq,Queens,LaGuardia Airport,368,25731.61,69.92285326086957,10.255896739130435,29.427264492753626,6.865077758806547
Manhattan,Central Park,Queens,LaGuardia Airport,366,24800.010000000002,67.75959016393443,9.911147540983606,28.3025956284153,6.864698297884759
Queens,JFK Airport,Brooklyn,Midwood,366,26695.75,72.93920765027322,15.484562841530055,34.47390710382514,5.17236360427306
Manhattan,Morningside Heights,Manhattan,Lincoln Square West,365,9048.65,24.79082191780822,2.7021643835616436,14.928264840182647,9.676000427472719
Manhattan,Lincoln Square East,Manhattan,Hamilton Heights,365,12104.15,33.16205479452055,4.875643835616438,19.284155251141552,6.892685068813603
Manhattan,East Village,Manhattan,Clinton West,365,10952.14,30.00586301369863,91.21764383561644,20.86853881278539,8.256213372813406
Manhattan,Lower East Side,Manhattan,Meatpacking/West Village West,364,7881.5199999999995,21.65252747252747,1.9575,13.366163003663004,11.320091058604133
Manhattan,Greenwich Village South,Manhattan,Two Bridges/Seward Park,363,7012.3,19.31763085399449,1.4902203856749312,11.170661157024792,13.794554516469184
Manhattan,Lenox Hill West,Manhattan,West Village,363,12452.31,34.30388429752066,4.258953168044077,24.89866850321396,8.170379836661223
Manhattan,Morningside Heights,Manhattan,East Harlem South,363,6682.17,18.40818181818182,1.9353719008264463,13.463820018365473,9.773634063983012
Manhattan,West Chelsea/Hudson Yards,Manhattan,Yorkville West,361,12902.24,35.74027700831025,4.5067590027700835,24.741828254847643,8.017883912341508
Manhattan,Kips Bay,Manhattan,Lincoln Square East,361,10354.62,28.683157894736844,3.08797783933518,20.50646352723915,9.378380619392098
Manhattan,TriBeCa/Civic Center,Manhattan,Lenox Hill West,360,14667.48,40.743,6.401722222222222,23.51712962962963,6.50872199778859
Manhattan,Meatpacking/West Village West,Manhattan,Financial District North,360,9105.2,25.292222222222225,2.9288611111111114,14.933981481481482,8.810004179892763
Manhattan,Midtown North,Manhattan,Morningside Heights,360,10865.74,30.18261111111111,3.7818055555555556,18.204166666666666,8.093668221533424
Queens,JFK Airport,Queens,Old Astoria,360,25359.54,70.44316666666667,14.48313888888889,31.547314814814815,4.86657122698336
Manhattan,Yorkville East,Manhattan,Penn Station/Madison Sq West,360,11449.94,31.805388888888892,62.90961111111111,21.804675925925928,8.128732995808374
Manhattan,Lenox Hill West,Manhattan,Flatiron,359,10657.58,29.686852367688022,3.4441782729805013,20.8433147632312,8.703641964187792
Manhattan,Murray Hill,Manhattan,Hudson Sq,359,9323.01,25.969387186629525,2.801058495821727,17.543036211699164,9.450303305199522
Manhattan,Gramercy,Queens,JFK Airport,359,33506.89,93.33395543175487,16.7658217270195,44.628690807799444,5.586549578134173
Manhattan,UN/Turtle Bay South,Manhattan,Stuy Town/Peter Cooper Village,359,6499.53,18.104540389972144,1.5471030640668524,8.956963788300836,11.915269018469113
Manhattan,Clinton West,Manhattan,Midtown East,359,7430.3,20.697214484679666,1.572200557103064,13.861559888579388,13.484417751055346
Manhattan,Battery Park City,Manhattan,East Village,358,10709.59,29.915055865921786,4.264776536312849,15.653305400372439,7.2474261748161695
Queens,LaGuardia Airport,Manhattan,Stuy Town/Peter Cooper Village,357,24445.52,68.47484593837535,10.033949579831932,24.673436041083097,6.86108517923314
Manhattan,West Chelsea/Hudson Yards,Manhattan,Financial District North,357,11286.04,31.61355742296919,4.246274509803921,20.06811391223156,7.527798026937431
Manhattan,World Trade Center,Manhattan,Clinton East,357,12120.85,33.95196078431373,4.392156862745098,23.69327731092437,7.809952789467709
Manhattan,SoHo,Manhattan,Midtown North,356,11420.42,32.07983146067416,3.571151685393258,24.848127340823968,9.13051083215889
Manhattan,Lower East Side,Manhattan,Times Sq/Theatre District,356,11300.87,31.744016853932585,3.7991573033707864,22.86179775280899,8.511747808300544
Manhattan,UN/Turtle Bay South,Manhattan,Greenwich Village North,355,7764.0599999999995,21.870591549295774,2.095943661971831,13.625023474178404,10.53746129783754
Manhattan,Greenwich Village South,Manhattan,World Trade Center,355,7276.18,20.496281690140847,1.9787605633802818,11.670422535211268,10.83801204425151
Manhattan,West Chelsea/Hudson Yards,Manhattan,Central Park,354,9873.71,27.89183615819209,3.1387570621468925,18.71647834274953,9.370745237869125
Manhattan,East Village,Manhattan,World Trade Center,354,8932.01,25.231666666666666,2.983531073446328,14.332674199623352,9.102694587566152
Manhattan,Midtown East,Manhattan,Two Bridges/Seward Park,354,10078.27,28.469689265536726,3.771129943502825,16.747033898305084,7.6389213216074685
Manhattan,TriBeCa/Civic Center,Manhattan,Lincoln Square East,354,13059.08,36.89005649717514,4.873333333333334,25.10640301318267,7.646886987645643
Manhattan,Central Harlem,Manhattan,East Harlem South,354,4685.73,13.236525423728812,1.2859887005649717,9.191996233521657,13.563473839251575
Manhattan,Penn Station/Madison Sq West,Manhattan,Morningside Heights,353,13626.67,38.602464589235126,5.497705382436261,24.157459867799812,7.1066777981554905
Manhattan,Lincoln Square West,Manhattan,Garment District,353,7591.19,21.504787535410763,1.96342776203966,14.299952785646836,11.067552024770592
Manhattan,Greenwich Village North,Manhattan,Upper West Side North,353,14048.01,39.79606232294618,5.270396600566572,27.421104815864023,7.602591689938098
Queens,LaGuardia Airport,Manhattan,Hamilton Heights,353,21086.99,59.73651558073655,8.441501416430595,22.224457034938624,7.103805542548197
Manhattan,UN/Turtle Bay South,Manhattan,West Chelsea/Hudson Yards,352,8659.71,24.60144886363636,2.1244602272727273,17.933333333333334,11.91726938567121
Queens,East Elmhurst,Manhattan,Midtown East,352,23675.17,67.25900568181818,9.336079545454545,26.441240530303034,7.252042418683021
Manhattan,West Village,Manhattan,Stuy Town/Peter Cooper Village,351,7438.78,21.193105413105414,1.845099715099715,13.598717948717947,11.629536078989918
Manhattan,Sutton Place/Turtle Bay North,Manhattan,Flatiron,351,9034.03,25.73797720797721,2.6356980056980057,17.33309591642925,9.875018584357008
Queens,JFK Airport,Queens,Queens Village,351,16208.59,46.178319088319085,9.494529914529915,21.635185185185186,5.147648796608405
Manhattan,Central Park,Manhattan,Greenwich Village North,350,11089.52,31.68434285714286,3.5468285714285717,22.846095238095238,9.114657518234395
Manhattan,Battery Park City,Manhattan,Union Sq,350,10263.67,29.324771428571427,3.6430857142857143,17.95842857142857,8.308297661670252
Manhattan,Central Park,Manhattan,Flatiron,349,10310.369999999999,29.54260744985673,3.175358166189112,21.403533906399236,9.536748553620958
Manhattan,Midtown South,Manhattan,East Harlem South,349,10461.82,29.976561604584525,3.833667621776504,20.247755491881566,7.90170605904561
Queens,JFK Airport,Queens,Far Rockaway,348,16410.17,47.155660919540225,8.708649425287357,21.642097701149424,5.431494961654806
Manhattan,Yorkville East,Queens,JFK Airport,348,32143.28,92.36574712643677,18.474425287356322,40.329118773946355,5.070551888437436
Manhattan,Yorkville East,Manhattan,Lincoln Square West,348,9180.66,26.381206896551724,2.858045977011494,17.87418582375479,9.34297571671395
Manhattan,Greenwich Village North,Manhattan,Financial District North,347,8188.82,23.598904899135444,2.3816426512968296,15.034149855907781,10.222600374050062
Manhattan,Battery Park City,Manhattan,Murray Hill,346,12837.0,37.10115606936416,5.818728323699422,19.241040462427744,6.453378906914293
Manhattan,Lenox Hill East,Manhattan,Greenwich Village North,346,11147.45,32.21806358381503,4.05606936416185,21.15616570327553,8.016800400062175
Manhattan,Garment District,Manhattan,Little Italy/NoLiTa,345,9311.24,26.989101449275363,2.848695652173913,19.66521739130435,9.53412193943798
Manhattan,Midtown South,Manhattan,Stuy Town/Peter Cooper Village,345,6525.34,18.914028985507247,1.4942028985507247,10.585748792270532,13.047571021068146
Manhattan,Yorkville East,Manhattan,Midtown South,345,9478.53,27.474,3.43031884057971,17.227391304347826,8.066801282773783
Manhattan,Upper West Side South,Manhattan,Central Harlem North,345,9490.05,27.507391304347824,3.4743768115942033,17.005507246376812,8.021910720874788
Manhattan,Meatpacking/West Village West,Manhattan,Upper West Side South,343,11070.7,32.276093294460644,4.217113702623907,19.640087463556853,8.348793837035705
Manhattan,Lincoln Square West,Manhattan,Midtown South,343,8909.37,25.974839650145775,2.586093294460641,18.683090379008746,10.135249419920374
Queens,JFK Airport,Brooklyn,Flatlands,343,20165.26,58.79084548104956,12.740991253644314,27.726336248785227,4.624998667435889
Queens,JFK Airport,Manhattan,Alphabet City,343,31036.51,90.48545189504372,18.445685131195336,42.45009718172984,4.923872564140983
Manhattan,Midtown South,Manhattan,World Trade Center,343,11242.81,32.777871720116615,4.680583090379009,19.93343051506317,7.3168029736203986
Queens,LaGuardia Airport,Brooklyn,Fort Greene,343,20585.04,60.014693877551025,9.89930029154519,28.07745383867833,6.0785541750331955
Manhattan,Central Park,Manhattan,West Village,343,11523.66,33.59667638483965,3.904985422740525,25.03333333333333,8.805529072430595
Manhattan,East Harlem South,Manhattan,Morningside Heights,342,5932.68,17.34701754385965,2.0462280701754385,12.160575048732944,8.689103842547889
Queens,JFK Airport,Queens,Jamaica Estates,342,15868.06,46.39783625730994,9.267543859649123,24.03494152046784,5.072383672430247
Queens,JFK Airport,Manhattan,Bloomingdale,341,31805.329999999998,93.2707624633431,19.588387096774195,44.135532746823074,4.7855835974121215
Manhattan,Midtown East,Manhattan,World Trade Center,341,12749.37,37.38818181818182,5.705865102639296,21.86094819159335,6.678804737096657
Manhattan,Yorkville East,Manhattan,East Village,339,10279.62,30.32336283185841,4.68740412979351,16.306833824975417,6.541396518755389
Queens,LaGuardia Airport,Brooklyn,Bushwick South,339,18473.25,54.493362831858406,8.76401179941003,25.315240904621437,8.069210423976958
Manhattan,Manhattan Valley,Manhattan,Lenox Hill West,339,8924.84,26.326961651917404,2.932094395280236,17.673352999016714,9.05563932312282
Manhattan,Lenox Hill West,Queens,JFK Airport,338,30622.989999999998,90.60056213017751,18.324526627218933,45.75389546351085,5.030434826279381
Manhattan,Clinton East,Manhattan,Washington Heights North,338,15463.57,45.750207100591716,8.299940828402367,20.602021696252468,5.53129612735109
Manhattan,West Chelsea/Hudson Yards,Queens,LaGuardia Airport,338,27027.98,79.96443786982249,11.54189349112426,39.63905325443787,7.052864901965023
Manhattan,Penn Station/Madison Sq West,Unknown,Unknown,338,8520.84,25.20958579881657,2.210473372781065,15.2517258382643,39.74706780749342
Manhattan,UN/Turtle Bay South,Manhattan,Upper West Side South,337,9872.34,29.294777448071216,3.166350148367952,20.35039564787339,9.348774187155838
Manhattan,Flatiron,Manhattan,Yorkville West,335,11062.49,33.022358208955225,4.274417910447761,22.424726368159206,7.7925779295874875
Manhattan,Manhattan Valley,Manhattan,Central Harlem North,335,6534.51,19.506,2.4015522388059702,13.888258706467662,8.206858592002675
Manhattan,Kips Bay,Manhattan,Midtown North,334,7589.4,22.722754491017962,2.0499401197604787,15.135928143712574,11.279060814702829
Queens,LaGuardia Airport,Manhattan,Greenwich Village South,334,23551.55,70.51362275449101,10.659670658682634,29.600149700598806,6.634173327865225
Queens,JFK Airport,Manhattan,Financial District South,333,30938.899999999998,92.9096096096096,21.662402402402403,49.676276276276276,4.317220268043455
Queens,JFK Airport,Queens,Woodside,332,21720.86,65.42427710843374,14.070933734939759,28.665763052208835,4.6554578574304015
Manhattan,TriBeCa/Civic Center,Manhattan,Sutton Place/Turtle Bay North,332,12150.05,36.59653614457831,5.422228915662651,21.21059236947791,6.960248906468145
Queens,JFK Airport,Queens,East Elmhurst,331,18792.01,56.773444108761325,11.502175226586102,25.10266868076536,8.957773530385317
Manhattan,UN/Turtle Bay South,Manhattan,West Village,331,8472.99,25.598157099697886,2.714622356495468,17.66963746223565,9.529977263375716
Manhattan,Midtown North,Manhattan,Central Harlem,331,9410.51,28.430543806646526,3.565256797583081,17.309013091641493,8.079164375177413
Manhattan,World Trade Center,Manhattan,Penn Station/Madison Sq West,331,9459.95,28.579909365558915,3.3282175226586106,18.970644511581067,8.666645963660615
Manhattan,Little Italy/NoLiTa,Manhattan,Kips Bay,330,6801.7,20.61121212121212,1.9896969696969697,12.06419191919192,10.490311534341295
Manhattan,Hudson Sq,Manhattan,Midtown Center,330,9122.32,27.64339393939394,2.951242424242424,19.600151515151516,9.452931356642422
Manhattan,Financial District North,Manhattan,Midtown East,330,11269.41,34.149727272727276,5.234818181818182,17.35681818181818,6.56265709151778
Manhattan,Kips Bay,Manhattan,Alphabet City,330,5806.27,17.594757575757576,1.7083636363636363,8.635959595959596,10.682411537179918
Manhattan,SoHo,Manhattan,Financial District North,330,6169.99,18.69693939393939,1.5289696969696969,10.654191919191918,12.672132233641436
Queens,JFK Airport,Queens,Rego Park,330,15974.35,48.40712121212121,9.918030303030303,24.71848484848485,4.995235902239015
Manhattan,Upper West Side North,Manhattan,Midtown South,330,10580.71,32.06275757575757,3.7848484848484847,23.573636363636364,8.58488495902023
Manhattan,Upper West Side North,Manhattan,Manhattanville,330,6530.01,19.787909090909093,2.2376969696969695,11.054898989898991,8.915319034410508
Manhattan,Lincoln Square West,Manhattan,East Harlem South,329,8042.03,24.44386018237082,2.960851063829787,15.885764944275584,8.379377310918406
Queens,LaGuardia Airport,Queens,Old Astoria,329,10035.44,30.502857142857145,3.5631306990881457,11.57983789260385,8.658074602029961
Queens,JFK Airport,Brooklyn,Cypress Hills,329,12466.49,37.89206686930091,7.5740425531914894,19.20126646403242,5.013497066795737
Manhattan,Midtown Center,Unknown,Unknown,329,8788.39,26.712431610942247,2.506322188449848,14.371935157041541,50.946299009135046
Manhattan,Morningside Heights,Manhattan,Washington Heights South,329,6858.63,20.84689969604863,2.865075987841945,13.742705167173254,7.422769111304961
Queens,LaGuardia Airport,Brooklyn,Prospect Heights,328,21649.38,66.00420731707317,10.595030487804879,33.66122967479675,6.245744828216454
Manhattan,Midtown East,EWR,Newark Airport,328,42588.41,129.84271341463415,18.42746951219512,41.72632113821138,7.053808890776037
Manhattan,Financial District North,Manhattan,Two Bridges/Seward Park,328,6235.92,19.011951219512195,1.6989939024390244,9.803556910569105,12.02518378051606
Manhattan,Greenwich Village South,Manhattan,Upper West Side North,327,13093.7,40.04189602446483,5.674036697247707,25.807339449541285,7.084543122547524
Manhattan,Lenox Hill East,Manhattan,Stuy Town/Peter Cooper Village,326,7770.0,23.834355828220858,2.944509202453988,12.189672801635993,8.148882151174037
Manhattan,World Trade Center,Manhattan,Little Italy/NoLiTa,325,6432.92,19.7936,1.529876923076923,12.633641025641026,13.826971480525174
Manhattan,Midtown East,Queens,Long Island City/Hunters Point,325,9333.99,28.71996923076923,2.902953846153846,15.39825641025641,10.159433166751482
Manhattan,Little Italy/NoLiTa,Manhattan,Garment District,325,8855.16,27.246646153846154,2.836123076923077,20.33871794871795,9.707525610421037
Manhattan,Greenwich Village North,Manhattan,Lenox Hill East,325,10264.36,31.582646153846156,3.801969230769231,21.80846153846154,8.359629210163021
Manhattan,Upper West Side North,Queens,JFK Airport,325,30680.11,94.40033846153847,19.795476923076922,46.283589743589744,4.772365501587033
Queens,JFK Airport,Queens,Corona,325,15134.32,46.56713846153846,9.774646153846152,22.294410256410256,4.774510623565119
Manhattan,Meatpacking/West Village West,Manhattan,Upper East Side North,324,12653.02,39.052530864197536,5.294783950617284,26.85900205761317,7.476105286108466
Queens,JFK Airport,Queens,Maspeth,324,18169.75,56.079475308641975,12.0275,24.717129629629632,4.662534260343934
Manhattan,Little Italy/NoLiTa,Manhattan,World Trade Center,324,5926.97,18.293117283950618,1.4271604938271605,10.062808641975309,13.70965008283244
Manhattan,Central Park,Manhattan,Gramercy,323,9652.75,29.88467492260062,3.301795665634675,20.264293085655314,9.380508797088178
Manhattan,Garment District,Manhattan,Greenwich Village South,323,7435.86,23.02123839009288,2.2257894736842103,15.072703818369455,10.520261713070735
Manhattan,Murray Hill,Manhattan,World Trade Center,323,11085.35,34.31996904024768,5.045356037151703,20.142466460268317,7.023446030612313
Manhattan,Battery Park City,Manhattan,SoHo,323,6402.05,19.820588235294117,1.5942414860681116,11.531785345717235,12.839816634795199
Manhattan,Central Park,Manhattan,Clinton West,323,6839.48,21.17486068111455,2.0656346749226007,13.024045407636738,11.627350722628906
Manhattan,West Chelsea/Hudson Yards,Manhattan,Kips Bay,323,7560.97,23.40857585139319,1.8508668730650155,16.413054695562437,12.910518515392193
Manhattan,Little Italy/NoLiTa,Manhattan,Alphabet City,323,5705.93,17.66541795665635,1.2729411764705882,9.678792569659443,14.330993483959166
Manhattan,West Chelsea/Hudson Yards,Manhattan,Lower East Side,322,10043.9,31.192236024844718,3.428664596273292,23.15916149068323,9.24626124485768
Manhattan,Garment District,Manhattan,Yorkville East,321,9968.55,31.05467289719626,3.5796573208722737,21.721443406022843,8.747513783034268
Manhattan,Little Italy/NoLiTa,Manhattan,Upper East Side North,321,11973.24,37.29981308411215,4.949781931464175,25.921079958463135,7.62703259187357
Manhattan,Greenwich Village North,Manhattan,Stuy Town/Peter Cooper Village,321,5571.47,17.356604361370717,1.2280373831775702,9.451609553478713,14.603692506526048
Manhattan,East Village,Manhattan,Seaport,320,7450.14,23.2816875,2.5601875,12.844270833333335,9.618104541124437
Manhattan,Lincoln Square West,Manhattan,Yorkville East,320,8344.71,26.077218749999997,2.8029375,17.903385416666666,9.381459343592471
Manhattan,Gramercy,Manhattan,Lincoln Square West,320,10318.48,32.24525,3.7129062500000005,23.9690625,8.738293139574456
Manhattan,Central Harlem North,Manhattan,Central Harlem,319,3837.7,12.030407523510972,1.044858934169279,7.230355276907001,12.685885600537693
Manhattan,Union Sq,Queens,JFK Airport,319,30225.6,94.75109717868338,17.203887147335422,50.122309299895505,5.545654748619628
Manhattan,Little Italy/NoLiTa,Manhattan,Hudson Sq,319,4746.49,14.879278996865203,0.8966457680250783,6.731870428422153,17.95025025767789
Manhattan,Meatpacking/West Village West,Manhattan,Upper East Side South,319,10922.2,34.23887147335424,4.104796238244514,24.809456635318707,8.425919189591168
Manhattan,Murray Hill,Manhattan,Alphabet City,319,7134.94,22.366583072100312,2.337617554858934,13.176802507836989,9.89456744150699
Queens,JFK Airport,Brooklyn,DUMBO/Vinegar Hill,319,29546.21,92.62134796238244,19.45332288401254,43.442424242424245,4.807891191199934
Manhattan,Clinton East,Manhattan,Little Italy/NoLiTa,318,9975.05,31.368081761006287,3.665723270440252,23.30293501048218,8.660995833844419
Manhattan,Times Sq/Theatre District,Manhattan,Two Bridges/Seward Park,318,10910.13,34.308584905660375,4.658836477987421,22.980241090146748,7.505921019164743
Queens,LaGuardia Airport,Queens,Woodside,317,9459.19,29.83971608832808,3.6381703470031543,11.72776025236593,8.499511749697753
Manhattan,World Trade Center,Manhattan,SoHo,317,5573.43,17.581798107255523,1.2864984227129337,10.008044164037855,14.490829261370438
Manhattan,Upper West Side South,Manhattan,Meatpacking/West Village West,317,10341.4,32.622712933753945,4.224574132492114,21.244637223974763,7.803687853899622
Manhattan,Clinton East,Manhattan,Hamilton Heights,316,11745.13,37.168132911392405,6.105759493670886,18.845200421940927,6.111456219434222
Manhattan,Hudson Sq,Manhattan,Battery Park City,316,5676.4800000000005,17.96354430379747,1.4854113924050631,8.80996835443038,12.675103705824895
Manhattan,Lower East Side,Manhattan,Upper East Side North,315,11866.28,37.67073015873016,5.595936507936508,22.714867724867727,6.821988000395225
Manhattan,Lower East Side,Brooklyn,Williamsburg (North Side),314,7822.8,24.913375796178343,2.8637579617834397,13.166135881104035,8.833810020391205
Manhattan,East Harlem South,Manhattan,Central Harlem North,314,5711.0199999999995,18.18796178343949,2.568407643312102,13.492887473460721,7.397914433379898
Manhattan,Clinton East,EWR,Newark Airport,314,37679.25,119.99761146496816,17.437261146496816,30.94623142250531,6.9612035865939585
Manhattan,Lower East Side,Manhattan,West Chelsea/Hudson Yards,313,8816.68,28.168306709265178,3.293738019169329,18.445633652822153,8.673002413029636
Manhattan,SoHo,Manhattan,Upper East Side South,313,10792.77,34.481693290734825,4.066996805111821,25.642066027689033,8.585309338421622
Manhattan,Midtown East,Manhattan,Alphabet City,312,8179.83,26.217403846153847,2.936153846153846,16.182318376068377,9.054386093277252
Manhattan,SoHo,Manhattan,Battery Park City,312,5904.23,18.9238141025641,1.6312499999999999,10.631410256410257,12.01301098811691
Manhattan,World Trade Center,Manhattan,Lower East Side,312,7058.65,22.623878205128204,2.146698717948718,14.521367521367523,11.3778119208563
Queens,JFK Airport,Brooklyn,Homecrest,312,22547.77,72.26849358974358,16.146153846153847,31.334348290598292,4.475765807448765
Manhattan,Midtown South,EWR,Newark Airport,312,39996.58,128.19416666666666,18.181153846153848,36.07270299145299,7.072421510065139
Manhattan,Garment District,Manhattan,Manhattan Valley,310,9737.12,31.410064516129037,3.9150967741935485,20.140967741935484,8.083919233842426
Manhattan,Midtown North,Manhattan,Lower East Side,310,10626.7,34.27967741935484,4.234580645161291,24.85258064516129,8.242507200050781
Manhattan,Battery Park City,Manhattan,Battery Park City,310,5734.15,18.497258064516128,1.183741935483871,6.702204301075269,137.6357573342675
Manhattan,Lincoln Square East,Manhattan,Greenwich Village South,310,10123.03,32.65493548387097,3.8838387096774194,23.87978494623656,8.621156588843983
Manhattan,Upper East Side North,Manhattan,Greenwich Village South,310,11617.55,37.475967741935484,4.95558064516129,26.51220430107527,7.752884955477355
Manhattan,Garment District,Manhattan,SoHo,309,7739.97,25.048446601941748,2.602588996763754,17.23883495145631,9.706313993193596
Manhattan,Morningside Heights,Manhattan,Hamilton Heights,309,4622.37,14.959126213592233,1.6911326860841427,9.079773462783171,9.355984494513446
Manhattan,Central Harlem,Manhattan,Manhattan Valley,308,3850.35,12.501136363636363,1.1282467532467533,7.561958874458875,12.10927759636684
Manhattan,Clinton East,Manhattan,SoHo,308,8646.95,28.07451298701299,3.2791233766233767,20.122727272727275,8.645878357761529
Queens,East Elmhurst,Manhattan,Midtown North,307,22745.0,74.08794788273616,10.306905537459283,34.167698154180236,7.221880883244375
Manhattan,Flatiron,Manhattan,Lenox Hill East,307,9427.43,30.70824104234528,3.598469055374593,21.751791530944626,8.615588135256909
Manhattan,TriBeCa/Civic Center,Manhattan,Lincoln Square West,307,10760.93,35.051889250814334,4.775895765472312,21.75515743756786,7.359095629445877
Manhattan,Central Harlem North,Manhattan,Central Harlem North,307,4194.74,13.663648208469054,0.8797394136807817,6.771878393051032,115.72368352802856
Queens,LaGuardia Airport,Manhattan,Financial District South,307,25518.6,83.12247557003256,13.656384364820848,34.605700325732904,6.098212793694093
Manhattan,Upper East Side South,Manhattan,Bloomingdale,306,8183.53,26.743562091503268,3.085130718954248,16.569389978213508,8.719802765250872
Manhattan,Union Sq,Manhattan,World Trade Center,306,8257.84,26.98640522875817,3.141797385620915,17.83545751633987,8.89719332635281
Manhattan,Lenox Hill East,Manhattan,West Village,306,11124.28,36.35385620915033,4.810424836601308,25.115468409586057,7.699647963200022
Manhattan,Flatiron,Manhattan,Stuy Town/Peter Cooper Village,306,5643.9,18.44411764705882,1.3864705882352941,10.761546840958605,13.545108082833492
Manhattan,Gramercy,Manhattan,Battery Park City,305,9454.23,30.997475409836063,4.363475409836065,17.168688524590163,7.470872652468783
Manhattan,Clinton East,Manhattan,Bloomingdale,305,7975.97,26.15072131147541,3.312360655737705,14.57185792349727,7.998019656472573
Manhattan,Greenwich Village South,Manhattan,Clinton West,305,8636.2,28.315409836065577,3.371803278688525,18.93617486338798,8.475668064561086
Manhattan,Sutton Place/Turtle Bay North,Manhattan,TriBeCa/Civic Center,305,11653.66,38.20872131147541,5.671180327868853,22.994590163934426,7.008228847729554
Manhattan,Financial District South,Manhattan,TriBeCa/Civic Center,305,5585.39,18.312754098360656,1.383606557377049,10.066174863387978,14.311066382772795
Manhattan,Yorkville West,Manhattan,Morningside Heights,305,7703.19,25.256360655737705,2.929049180327869,15.991803278688524,8.747954185396171
Manhattan,TriBeCa/Civic Center,Manhattan,Seaport,304,4760.76,15.660394736842106,0.9086842105263159,7.732017543859649,20.741478050907542
Unknown,Outside of NYC,Unknown,Outside of NYC,304,29949.41,98.51779605263158,5.247763157894736,7.383662280701754,1136.679450724173
Manhattan,Morningside Heights,Manhattan,Upper East Side South,303,8953.72,29.55023102310231,3.433861386138614,20.720792079207918,8.662333225108423
Manhattan,Upper East Side North,Manhattan,Meatpacking/West Village West,303,12167.75,40.15759075907591,5.482475247524753,28.922112211221123,7.4876328417486375
Manhattan,Little Italy/NoLiTa,Manhattan,Lenox Hill West,303,9676.63,31.936072607260723,4.332475247524752,21.1008800880088,7.460736124015954
Manhattan,Meatpacking/West Village West,Manhattan,Lincoln Square East,302,8883.64,29.416026490066223,3.4199668874172184,18.74387417218543,8.671204260526272
Manhattan,Battery Park City,Queens,LaGuardia Airport,302,25461.37,84.30917218543046,14.659602649006622,35.29812362030905,5.75624931450214
Queens,LaGuardia Airport,Manhattan,Seaport,302,23992.04,79.44384105960265,12.891887417218543,33.063741721854306,6.17545963845398
Manhattan,Morningside Heights,Manhattan,Manhattanville,302,3663.66,12.131324503311259,1.0873509933774834,6.472626931567329,12.395564086695126
Manhattan,East Chelsea,Manhattan,Stuy Town/Peter Cooper Village,302,7063.36,23.388609271523176,2.1546688741721853,15.40005518763797,11.040947719755318
Manhattan,Morningside Heights,Manhattan,Bloomingdale,301,3339.48,11.094617940199335,0.8158803986710964,4.953266888150609,20.676315184559467
Manhattan,Upper West Side North,Manhattan,Flatiron,301,9987.25,33.18023255813954,4.411893687707641,21.856423034330014,7.635305272236043
Manhattan,Midtown Center,Manhattan,East Harlem North,301,8811.82,29.27514950166113,3.899601328903654,18.84916943521595,7.586433827259865
Manhattan,Yorkville East,Manhattan,East Chelsea,300,10313.539999999999,34.37846666666666,4.380199999999999,24.605111111111114,7.88840924335399
Manhattan,Battery Park City,Manhattan,Midtown South,300,10635.81,35.4527,4.995133333333333,21.641833333333334,7.36076169420781
Manhattan,East Village,Manhattan,Lincoln Square West,299,10389.86,34.748695652173915,4.648795986622074,23.964492753623187,7.516524341796719
Manhattan,Midtown South,Manhattan,Two Bridges/Seward Park,299,7983.15,26.699498327759198,3.2639130434782606,16.133277591973247,8.34154419818046
Manhattan,Little Italy/NoLiTa,Manhattan,UN/Turtle Bay South,299,7411.14,24.786421404682276,2.8023745819397994,15.570011148272018,9.009621897473147
Queens,JFK Airport,Brooklyn,Ocean Hill,299,14869.64,49.73123745819398,9.745986622073579,27.822575250836124,5.130860842112511
Manhattan,Clinton East,Manhattan,Lower East Side,299,10110.54,33.81451505016723,4.049665551839465,24.85089186176143,8.780837847610881
Manhattan,East Harlem North,Manhattan,Central Harlem North,299,4657.9,15.578260869565216,1.6120066889632108,10.18768115942029,26.456966618991036
Manhattan,West Chelsea/Hudson Yards,Manhattan,Lenox Hill East,298,9757.25,32.74244966442953,3.6978523489932886,24.376006711409396,8.928745924937687
Manhattan,Murray Hill,Manhattan,Financial District South,298,9869.92,33.120536912751675,5.141711409395973,16.730984340044742,6.450564571334532
Manhattan,UN/Turtle Bay South,Manhattan,Greenwich Village South,298,7173.98,24.073758389261744,2.559563758389262,15.634395973154364,9.49729215015603
Manhattan,Gramercy,Manhattan,Hudson Sq,298,6279.75,21.072986577181208,1.9142281879194634,12.834395973154363,11.154224871317721
Queens,LaGuardia Airport,Manhattan,Two Bridges/Seward Park,296,19436.75,65.66469594594595,10.509729729729731,25.768975225225226,6.270423803475214
Manhattan,Lincoln Square West,Manhattan,Central Harlem,296,7555.91,25.526722972972973,3.1625,15.420101351351352,8.182711584221986
Manhattan,Kips Bay,Manhattan,Upper West Side South,296,9624.23,32.514290540540536,3.9551351351351354,23.2277027027027,8.273589505611698
Manhattan,Lenox Hill West,Queens,Astoria,296,8204.6,27.718243243243244,3.529695945945946,17.969876126126124,7.962132231422978
Manhattan,Kips Bay,Manhattan,Financial District North,295,8328.47,28.23210169491525,4.207423728813559,13.073389830508475,6.963516553647414
Manhattan,World Trade Center,Manhattan,East Village,294,7822.36,26.606666666666666,3.108469387755102,16.029648526077096,9.070173426341622
Manhattan,Flatiron,Queens,LaGuardia Airport,294,20765.6,70.6312925170068,10.701802721088436,30.93939909297052,6.640002199393645
Manhattan,Financial District North,Manhattan,Murray Hill,294,9545.17,32.46656462585034,4.815102040816327,16.625056689342404,6.787721372479975
Manhattan,SoHo,Manhattan,SoHo,294,4834.25,16.443027210884352,0.6657823129251701,5.209977324263039,227.86573391276494
Manhattan,Little Italy/NoLiTa,Manhattan,Sutton Place/Turtle Bay North,293,8309.16,28.35890784982935,3.4119795221843003,18.21075085324232,8.475182499732878
Manhattan,West Village,Manhattan,Seaport,293,6531.16,22.290648464163823,2.2136860068259385,13.830034129692832,10.378452079289959
Manhattan,Financial District North,Manhattan,Midtown Center,293,11034.24,37.65952218430034,5.524641638225256,22.44596131968146,6.953942234996833
Manhattan,Sutton Place/Turtle Bay North,Manhattan,Stuy Town/Peter Cooper Village,293,6179.59,21.090750853242323,2.1523890784982935,11.513993174061433,9.977370402431644
Manhattan,Battery Park City,Manhattan,Financial District South,293,4721.57,16.11457337883959,1.1564163822525597,7.124914675767918,15.413806389114155
Manhattan,TriBeCa/Civic Center,Manhattan,Kips Bay,292,8346.07,28.582431506849314,3.5772602739726027,17.530650684931505,8.417967370819417
Manhattan,Yorkville West,Queens,JFK Airport,292,26843.8,91.93082191780822,18.578013698630137,40.99566210045662,4.963611542275907
Manhattan,Battery Park City,Manhattan,Little Italy/NoLiTa,292,6546.16,22.41835616438356,1.9561986301369865,14.203196347031962,12.005324418470716
Manhattan,Financial District North,Manhattan,East Chelsea,291,9194.89,31.59756013745704,4.040549828178694,20.09810996563574,7.945914104959612
Manhattan,TriBeCa/Civic Center,Manhattan,UN/Turtle Bay South,291,9531.75,32.75515463917526,4.660996563573883,18.709679266895762,7.35651720429955
Manhattan,Meatpacking/West Village West,Manhattan,Midtown East,291,8295.52,28.506941580756017,3.093917525773196,20.34581901489118,9.380805442660339
Manhattan,Flatiron,Manhattan,Financial District North,291,8171.23,28.079828178694157,3.402302405498282,18.04123711340206,8.506216868707265
Manhattan,Hudson Sq,Manhattan,Lower East Side,291,5282.45,18.15274914089347,1.1859450171821306,10.321993127147765,16.00491073963731
Manhattan,TriBeCa/Civic Center,Manhattan,Lenox Hill East,290,12176.76,41.988827586206895,6.624379310344827,24.383793103448276,6.441971774816
Manhattan,East Harlem South,Manhattan,Central Park,290,4718.14,16.26944827586207,1.2187586206896552,8.350344827586207,33.525052922345814
Manhattan,Lenox Hill West,Manhattan,TriBeCa/Civic Center,289,12174.92,42.1277508650519,6.768373702422145,24.091983852364475,6.365373707264026
Manhattan,Midtown Center,Brooklyn,Brooklyn Heights,289,13063.460000000001,45.202283737024224,6.9577162629757785,26.87237600922722,6.514417727850841
Manhattan,Sutton Place/Turtle Bay North,Manhattan,Greenwich Village South,289,7943.97,27.487785467128028,3.141107266435986,18.07260668973472,8.886083304089443
Queens,JFK Airport,Brooklyn,Borough Park,289,25870.6,89.51764705882353,20.33629757785467,47.188177623990775,4.4374420829169425
Manhattan,Morningside Heights,Manhattan,Central Harlem North,289,4758.98,16.46705882352941,1.886643598615917,12.282237600922722,9.520429892645952
Manhattan,East Chelsea,Manhattan,Morningside Heights,289,10543.39,36.482318339100345,5.339896193771627,21.943598615916954,6.921860774291136
Manhattan,Clinton West,Manhattan,Upper East Side South,288,6562.84,22.78763888888889,2.1638541666666664,14.856828703703703,10.828344161259604
Manhattan,Bloomingdale,Manhattan,Central Harlem,287,3782.65,13.179965156794426,1.0760278745644598,7.786411149825783,13.015580596706593
Manhattan,Lincoln Square East,Manhattan,Battery Park City,286,10440.85,36.506468531468535,5.303671328671328,22.917715617715615,6.895537818971243
Manhattan,SoHo,Manhattan,Clinton East,286,8677.41,30.340594405594405,3.500034965034965,21.42039627039627,8.82888649243144
Manhattan,Financial District North,Manhattan,Little Italy/NoLiTa,286,5674.52,19.840979020979024,1.509965034965035,12.501689976689976,13.908936754768225
Manhattan,Lenox Hill East,Manhattan,Central Harlem,285,8282.22,29.060421052631575,3.594877192982456,19.604736842105265,8.168417847839606
Manhattan,Battery Park City,Manhattan,Flatiron,285,7275.25,25.52719298245614,2.9595087719298245,14.592807017543858,8.73237767472686
Manhattan,Manhattan Valley,Manhattan,Times Sq/Theatre District,285,8077.21,28.341087719298244,3.2311929824561405,18.54,8.948568276971033
Manhattan,East Chelsea,Manhattan,Financial District South,285,9511.16,33.372491228070174,4.39480701754386,22.298362573099418,7.696138551215735
Manhattan,Battery Park City,Queens,JFK Airport,285,26382.03,92.56852631578947,23.988245614035087,53.132339181286554,3.937900879332649
Manhattan,Lincoln Square West,Manhattan,Flatiron,285,7313.18,25.660280701754388,2.8880000000000003,16.394444444444446,9.390943239045642
Manhattan,UN/Turtle Bay South,Manhattan,Flatiron,285,6298.36,22.099508771929823,2.0402105263157897,14.32953216374269,11.06961364641889
Manhattan,Greenwich Village South,Manhattan,Lenox Hill East,284,9272.98,32.651338028169015,4.293485915492957,21.32294600938967,7.663590335003393
Manhattan,Midtown Center,Queens,Astoria,284,9554.1,33.64119718309859,4.133309859154929,23.97118544600939,8.33957652402875
Manhattan,UN/Turtle Bay South,Manhattan,Lower East Side,284,6919.37,24.363978873239436,2.8505281690140842,14.709976525821595,8.728455945045305
Manhattan,Lenox Hill East,Manhattan,Financial District North,283,10529.27,37.20590106007067,6.1848409893992935,18.479681978798588,6.024626233800212
Manhattan,Lenox Hill East,Manhattan,Morningside Heights,283,9492.15,33.54116607773852,4.097349823321554,24.122673733804476,8.240520095087495
Manhattan,World Trade Center,Manhattan,Union Sq,282,7719.86,27.375390070921984,3.0502482269503544,17.971572104018914,9.303244056489131
Manhattan,Penn Station/Madison Sq West,Manhattan,Seaport,282,9375.81,33.24755319148936,4.227695035460993,22.683983451536644,8.067982694916582
Manhattan,Battery Park City,Manhattan,Greenwich Village North,281,6803.0199999999995,24.21003558718861,2.4476868327402133,14.658600237247924,10.073407773005897
Manhattan,Morningside Heights,Manhattan,Central Park,281,5795.07,20.623024911032026,2.1471174377224203,13.170462633451958,10.156003285990304
Manhattan,SoHo,Manhattan,Midtown East,281,8075.46,28.73829181494662,123.81786476868328,20.64756820877817,9.22814588111297
Manhattan,East Chelsea,Manhattan,Two Bridges/Seward Park,280,8710.52,31.109,3.8182499999999995,22.44797619047619,8.382061128330763
Manhattan,Midtown Center,Manhattan,Alphabet City,280,7928.75,28.316964285714285,3.2047857142857143,18.796309523809523,8.961255342958884
Manhattan,Hudson Sq,Manhattan,Midtown South,279,6186.6,22.174193548387098,2.1160215053763443,13.93584229390681,10.654754916189466
Manhattan,TriBeCa/Civic Center,Manhattan,Upper West Side North,279,11701.36,41.94035842293907,6.2827956989247316,25.983452807646355,6.7008047115402745
Manhattan,Lincoln Square East,Manhattan,Washington Heights North,279,11927.75,42.75179211469534,7.481254480286738,20.115710872162484,5.825941238317657
Manhattan,Upper West Side North,Manhattan,TriBeCa/Civic Center,279,11812.01,42.33695340501792,6.522114695340502,27.583393070489844,6.522278386673532
Manhattan,Upper East Side South,Manhattan,Lower East Side,279,9707.789999999999,34.794946236559134,4.650143369175628,22.935842293906813,7.651005955058827
Manhattan,Times Sq/Theatre District,Manhattan,Bloomingdale,279,7948.34,28.48867383512545,3.551362007168459,17.025925925925925,8.12244044219557
Manhattan,Union Sq,Manhattan,East Harlem South,279,9391.66,33.661863799283154,4.461075268817205,22.84038231780167,7.629629356326745
Manhattan,Clinton West,Manhattan,Upper East Side North,278,7325.54,26.35086330935252,3.123129496402878,16.85335731414868,8.637057020705141
Manhattan,UN/Turtle Bay South,Manhattan,TriBeCa/Civic Center,278,9534.14,34.29546762589928,4.9925539568345325,20.37553956834532,7.236608123040918
Manhattan,East Chelsea,Manhattan,East Harlem South,278,10120.42,36.404388489208635,5.081115107913669,25.325539568345324,7.266610582656789
Manhattan,Central Park,Manhattan,East Village,278,9674.56,34.80057553956834,4.6938129496402885,23.620443645083935,7.614603623681259
Manhattan,Lenox Hill West,Manhattan,Morningside Heights,278,8472.66,30.477194244604316,3.7475899280575535,20.39118705035971,8.166971963805297
Manhattan,Central Park,Manhattan,East Harlem North,278,5704.32,20.519136690647482,2.3478776978417266,12.552338129496404,9.059113443615814
Manhattan,Manhattan Valley,Manhattan,Midtown East,277,8808.68,31.80028880866426,1132.656750902527,22.8398916967509,8.689536451760015
Manhattan,Greenwich Village South,Manhattan,Lincoln Square West,277,9467.289999999999,34.17794223826714,4.331227436823105,22.842057761732853,7.937051925071233
Manhattan,Garment District,Manhattan,Lower East Side,277,8166.67,29.482563176895308,3.4459927797833934,21.07785800240674,8.74870819938736
Manhattan,East Village,Manhattan,East Harlem South,277,9566.86,34.537400722021665,5.428194945848375,21.126594464500602,6.391146445354714
Manhattan,Kips Bay,Manhattan,West Chelsea/Hudson Yards,276,6303.65,22.839311594202897,1.8843115942028987,15.76461352657005,12.32408148592844
Manhattan,Gramercy,Manhattan,Clinton West,276,7590.61,27.502210144927535,2.864420289855073,19.219021739130433,9.772116553958236
Queens,LaGuardia Airport,Brooklyn,Stuyvesant Heights,276,16674.46,60.41471014492753,9.963478260869566,30.608152173913044,6.144214563463976
Manhattan,Greenwich Village North,Manhattan,Yorkville East,276,9696.24,35.13130434782609,4.662173913043478,24.21841787439614,7.576683416418181
Manhattan,Financial District North,Manhattan,West Village,275,6595.96,23.98530909090909,2.4909454545454546,14.642060606060605,9.89641093505012
Manhattan,Hudson Sq,Manhattan,Greenwich Village South,275,4026.05,14.64018181818182,0.7818545454545455,6.251030303030303,21.557031284068998
Manhattan,Clinton East,Manhattan,East Harlem North,275,8697.16,31.626036363636363,4.759963636363636,20.76218181818182,6.727706725449887
Queens,JFK Airport,Queens,Long Island City/Queens Plaza,274,21150.02,77.18985401459854,15.639854014598539,37.80979318734793,4.947637772285364
Manhattan,Lenox Hill East,Manhattan,Battery Park City,274,11719.37,42.77142335766424,7.404160583941606,20.65985401459854,5.778308847499058
Manhattan,Hudson Sq,Manhattan,Times Sq/Theatre District,274,7451.73,27.19609489051095,2.8309854014598543,19.204744525547447,10.005771450787641
Manhattan,Lower East Side,Manhattan,Upper East Side South,274,8795.58,32.10065693430657,4.296204379562044,20.086861313868614,7.54929249251712
Manhattan,Garment District,Manhattan,East Harlem South,273,8388.68,30.72776556776557,3.980805860805861,20.865018315018315,7.764032285896894
Manhattan,Central Park,Queens,JFK Airport,273,24876.64,91.12322344322344,18.501282051282054,52.212271062271064,4.963877653710522
Manhattan,Union Sq,Manhattan,Manhattan Valley,273,10413.94,38.146300366300366,5.157106227106228,24.965140415140414,7.443875187404456
Manhattan,Upper West Side North,Manhattan,UN/Turtle Bay South,273,8832.3,32.35274725274725,3.9254578754578757,23.079181929181928,8.315130280732255
Manhattan,East Harlem North,Manhattan,Upper East Side North,273,5268.62,19.29897435897436,1.8402930402930402,10.417216117216118,10.858234177050944
Manhattan,Greenwich Village North,Manhattan,Yorkville West,273,9243.46,33.858827838827835,4.397948717948719,22.665811965811965,7.748943186209299
Manhattan,Flatiron,Manhattan,Manhattan Valley,273,9868.49,36.14831501831502,5.002600732600733,22.303479853479853,7.323155521322328
Manhattan,World Trade Center,Manhattan,Meatpacking/West Village West,272,5868.45,21.57518382352941,2.170110294117647,11.596874999999999,11.486865726612715
Manhattan,Penn Station/Madison Sq West,Manhattan,Central Harlem,271,10642.6,39.27158671586716,5.646051660516605,26.117343173431735,7.093753129831447
Manhattan,SoHo,Manhattan,World Trade Center,270,4734.15,17.53388888888889,1.437,9.701543209876542,12.862074254420776
Manhattan,World Trade Center,Queens,JFK Airport,270,24363.5,90.23518518518519,21.74059259259259,52.1108024691358,4.266043690044826
Manhattan,Clinton West,Manhattan,Garment District,270,4759.59,17.62811111111111,1.3087777777777778,10.871851851851853,14.349468452976746
Manhattan,Greenwich Village North,Manhattan,Lincoln Square West,270,8854.21,32.79337037037037,3.998814814814815,23.35845679012346,8.253735920976224
Manhattan,Upper East Side South,Manhattan,Battery Park City,270,12407.5,45.9537037037037,7.386185185185185,26.40395061728395,6.2792829774771395
Manhattan,East Harlem South,Manhattan,Midtown East,269,6782.8,25.21486988847584,2.7098513011152416,17.22980173482032,9.476075724676372
Manhattan,Times Sq/Theatre District,Unknown,Unknown,269,7935.16,29.498736059479555,2.9624535315985128,14.75557620817844,139.97861463250788
Manhattan,Lenox Hill East,Manhattan,Flatiron,269,8738.99,32.48695167286245,3.879182156133829,22.04200743494424,8.45261351707554
Manhattan,Clinton East,Manhattan,Financial District North,268,10020.01,37.38809701492537,5.389776119402986,24.809888059701493,7.104938799798334
Manhattan,Yorkville West,Manhattan,Central Harlem North,268,6736.04,25.134477611940298,3.296940298507463,14.775559701492536,7.861214592997592
Manhattan,Times Sq/Theatre District,Unknown,Outside of NYC,268,29753.69,111.02123134328357,14.590858208955224,34.62916666666667,10.188863716845367
Manhattan,World Trade Center,Manhattan,Midtown South,268,8776.11,32.746679104477614,4.225149253731343,21.794962686567164,8.061380574287178
Manhattan,Times Sq/Theatre District,Queens,Astoria,267,9186.05,34.40468164794007,4.492921348314606,23.674531835205993,7.719589262326763
Manhattan,Clinton West,Manhattan,Murray Hill,267,6120.11,22.92176029962547,1.909625468164794,16.18932584269663,12.56782296825828
Queens,LaGuardia Airport,Queens,Long Island City/Queens Plaza,266,10396.5,39.08458646616541,5.003233082706767,19.069172932330826,7.922263328479911
Manhattan,Midtown South,Manhattan,Hudson Sq,266,6029.87,22.668684210526315,2.334172932330827,14.21484962406015,9.856701984314885
Manhattan,Upper East Side South,Queens,Astoria,265,7735.65,29.191132075471696,3.6229811320754717,19.689685534591195,8.164169199338328
Manhattan,Kips Bay,Manhattan,TriBeCa/Civic Center,265,7700.18,29.057283018867924,3.7889433962264154,17.44880503144654,8.176199591668622
Manhattan,Manhattan Valley,Manhattan,Hamilton Heights,265,5337.78,20.142566037735847,2.6116603773584908,13.198050314465409,7.841563461949184
Manhattan,Clinton East,Unknown,Unknown,264,6693.49,25.354128787878786,2.4270454545454547,13.26098484848485,52.05530047766536
Manhattan,Manhattan Valley,Manhattan,East Chelsea,264,8363.08,31.678333333333335,4.500416666666666,18.34008838383838,7.141038261721546
Queens,JFK Airport,Queens,Ozone Park,264,8202.17,31.06882575757576,5.913636363636364,14.360353535353536,5.273518506652424
Manhattan,Midtown Center,Manhattan,Seaport,264,9838.91,37.26859848484848,5.463333333333333,23.176578282828284,6.8936878087065185
Manhattan,Bloomingdale,Manhattan,East Harlem South,264,4324.81,16.38185606060606,1.6599242424242424,11.336363636363638,10.250032003536074
Manhattan,World Trade Center,Manhattan,Murray Hill,262,9196.27,35.10026717557252,5.047557251908397,20.907061068702287,7.152472777045617
Manhattan,Financial District North,Manhattan,Battery Park City,262,4586.68,17.506412213740457,1.254618320610687,8.937086513994911,15.31658859607835
Manhattan,Yorkville East,Manhattan,Clinton East,262,7559.95,28.85477099236641,3.4357251908396944,20.39236641221374,8.471790345438787
Queens,JFK Airport,Brooklyn,Cobble Hill,262,26950.14,102.86312977099236,21.921908396946566,43.64026717557252,4.772647948701928
Manhattan,Lenox Hill West,Manhattan,Clinton West,262,6601.24,25.195572519083967,2.5273664122137403,17.597455470737916,10.15721345778889
Manhattan,TriBeCa/Civic Center,Queens,JFK Airport,261,23573.22,90.31885057471264,20.408505747126437,52.3595146871009,4.661161244259916
Queens,JFK Airport,Brooklyn,Windsor Terrace,261,27391.49,104.94823754789273,22.846436781609196,43.44463601532567,4.672939158039773
Manhattan,Lower East Side,Manhattan,World Trade Center,261,5909.24,22.640766283524904,2.4537547892720304,12.688505747126436,10.155874360636268
Queens,JFK Airport,Manhattan,Roosevelt Island,261,22218.63,85.12885057471264,16.827854406130268,41.68301404853129,5.073217423275745
Manhattan,Yorkville West,Manhattan,West Chelsea/Hudson Yards,261,8833.15,33.84348659003831,4.523026819923372,23.52330779054917,7.554541585494973
Manhattan,Meatpacking/West Village West,Manhattan,Garment District,260,5530.05,21.26942307692308,1.8933846153846154,13.093525641025641,11.449597679709218
Manhattan,Penn Station/Madison Sq West,Manhattan,Chinatown,260,7665.78,29.48376923076923,3.4060769230769234,20.978782051282053,8.889753847306107
Manhattan,Clinton East,Manhattan,World Trade Center,260,9005.05,34.63480769230769,4.854500000000001,23.755769230769232,7.180606072579331
Manhattan,World Trade Center,Manhattan,Financial District North,260,3995.18,15.366076923076923,0.8330384615384615,7.407628205128205,22.125290106886812
Manhattan,Penn Station/Madison Sq West,Brooklyn,Park Slope,260,14090.1,54.19269230769231,7.801807692307692,34.73878205128205,7.006071006557389
Manhattan,Lower East Side,Manhattan,Hudson Sq,260,4632.59,17.817653846153846,1.2914230769230768,9.661923076923076,14.348211967487092
Manhattan,Lenox Hill East,Manhattan,West Chelsea/Hudson Yards,260,8484.24,32.631692307692305,3.9083076923076923,24.31897435897436,8.490230283215334
Manhattan,East Chelsea,Manhattan,Alphabet City,259,6988.0,26.98069498069498,2.808185328185328,19.497297297297298,9.775237095704277
Manhattan,Clinton West,Manhattan,Flatiron,259,5268.77,20.342741312741314,2.1011969111969115,11.72934362934363,9.80674947736737
Manhattan,Upper East Side North,Manhattan,SoHo,259,10638.46,41.075135135135135,5.523359073359074,29.636808236808236,7.655425193322188
Manhattan,West Village,Manhattan,Manhattan Valley,258,10270.83,39.809418604651164,5.731860465116279,23.413953488372094,6.9611404527439396
Manhattan,Penn Station/Madison Sq West,Unknown,Outside of NYC,258,29384.97,113.89523255813954,16.017403100775194,36.314018087855295,10.35777396688699
Manhattan,World Trade Center,Manhattan,Midtown East,258,9693.2,37.57054263565892,5.6448449612403095,21.774612403100775,6.72262432470496
Manhattan,World Trade Center,Manhattan,Garment District,258,8177.95,31.697480620155037,3.939496124031008,22.931072351421186,8.234812687712393
Queens,East Elmhurst,Manhattan,Clinton East,257,19282.68,75.0298832684825,10.590428015564202,34.50732814526589,7.17264731264315
Manhattan,Lower East Side,Manhattan,Midtown Center,257,7657.98,29.79758754863813,3.4294163424124515,20.2526588845655,8.821535085732062
Queens,JFK Airport,Brooklyn,East Flatbush/Farragut,257,15186.05,59.08968871595331,12.117354085603113,33.28099870298314,11.136619973074957
Manhattan,Central Park,Manhattan,Bloomingdale,256,5111.47,19.9666796875,2.0965234375,10.749869791666667,10.161522122034764
Manhattan,Lenox Hill West,Manhattan,Greenwich Village South,256,8532.06,33.328359375,4.401875,22.294791666666665,7.870928597673195
Manhattan,Lenox Hill West,Manhattan,Lower East Side,256,8230.99,32.1523046875,4.6003515625,18.856380208333334,7.068323302151771
Manhattan,Sutton Place/Turtle Bay North,Manhattan,Lower East Side,256,6906.69,26.9792578125,3.2866015625,16.865494791666666,8.352416275347103
Manhattan,West Village,Manhattan,Financial District South,256,6186.0,24.1640625,2.7859765625,14.781380208333333,8.896752545205533
Queens,LaGuardia Airport,Brooklyn,Flatbush/Ditmas Park,255,21481.13,84.23972549019608,15.351450980392157,43.42973856209151,5.525005580377285
Manhattan,Financial District North,Manhattan,Gramercy,255,7225.72,28.3361568627451,3.8171764705882354,15.6140522875817,7.67427169767554
Manhattan,Clinton West,Manhattan,Midtown South,254,5335.66,21.006535433070866,1.7603149606299213,14.438517060367454,12.45653765887524
Manhattan,Sutton Place/Turtle Bay North,Manhattan,Clinton West,254,5811.49,22.87988188976378,1.8396456692913385,16.162795275590554,12.68437287348376
Queens,LaGuardia Airport,Manhattan,Bloomingdale,254,16119.41,63.46224409448819,8.711535433070866,25.800590551181102,8.124820455916332
Queens,JFK Airport,Queens,Middle Village,253,13518.3,53.432015810276674,10.966719367588933,27.956060606060607,4.903977226070543
Manhattan,Lower East Side,Manhattan,Lenox Hill East,253,7635.75,30.18083003952569,4.346086956521739,16.9532279314888,7.009681093045184
Manhattan,Financial District South,Manhattan,Times Sq/Theatre District,253,10131.19,40.04422924901186,5.943359683794466,26.951449275362318,6.833875538442705
Manhattan,East Chelsea,Manhattan,Central Harlem,253,9932.47,39.25877470355731,5.776126482213439,25.08820816864295,6.916183403483563
Manhattan,West Chelsea/Hudson Yards,Manhattan,Manhattan Valley,253,7791.94,30.798181818181817,4.129446640316205,17.484650856389987,7.494672674933943
Manhattan,Upper West Side South,Manhattan,Kips Bay,252,8423.88,33.42809523809523,4.1902380952380955,23.24325396825397,8.094758000722045
Manhattan,Lincoln Square West,Manhattan,Bloomingdale,251,5038.88,20.075219123505978,2.1224701195219122,10.26394422310757,9.618249327745733
Manhattan,Central Harlem,Manhattan,Upper West Side South,251,5285.13,21.05629482071713,2.2176892430278885,12.335989375830014,9.676007855110576
Queens,JFK Airport,Brooklyn,Brownsville,251,12040.82,47.97139442231076,9.69617529880478,28.02164674634794,4.961891051212462
Manhattan,Financial District North,Manhattan,Times Sq/Theatre District,251,9835.44,39.18501992031873,5.457609561752988,26.043625498007966,7.31786631462905
Manhattan,Lincoln Square East,Manhattan,SoHo,250,8616.24,34.46496,4.32888,24.732066666666665,7.9931053149886
Queens,JFK Airport,Brooklyn,Sunset Park West,250,26464.170000000002,105.85668000000001,23.866880000000002,41.134,4.453800889650105
Manhattan,Kips Bay,Manhattan,Little Italy/NoLiTa,250,5511.76,22.047040000000003,2.198,13.989333333333335,10.234335658605433
Manhattan,East Village,Queens,JFK Airport,250,22204.38,88.81752,17.500040000000002,47.446533333333335,5.180421687991512
Manhattan,West Chelsea/Hudson Yards,Manhattan,World Trade Center,250,7310.55,29.2422,3.67704,18.622,7.986830003046387
Manhattan,Midtown Center,Queens,Long Island City/Hunters Point,250,7642.14,30.56856,3.1703200000000002,18.802,9.853337872028884
Manhattan,SoHo,Manhattan,Garment District,249,5993.84,24.07164658634538,2.44289156626506,16.228647925033467,9.93226451172486
Manhattan,Meatpacking/West Village West,Manhattan,Kips Bay,248,5774.65,23.284879032258065,2.2963709677419355,14.755040322580646,10.257485915146447
Manhattan,Garment District,Manhattan,World Trade Center,248,8399.54,33.86911290322581,4.57399193548387,23.15497311827957,7.618785538628265
Manhattan,Lower East Side,Manhattan,Upper West Side South,248,10376.05,41.83891129032258,6.127782258064516,27.8442876344086,6.874865787320268
Queens,East Elmhurst,Manhattan,Murray Hill,248,16190.27,65.28334677419355,8.971129032258066,24.802620967741937,7.351792793012985
Queens,LaGuardia Airport,Brooklyn,Bushwick North,248,13212.79,53.27737903225807,8.380483870967742,24.119422043010754,6.428131765607587
Queens,East Elmhurst,Manhattan,Upper West Side South,247,17532.78,70.98291497975708,9.904453441295546,29.127395411605935,7.1942756138075445
Manhattan,Lower East Side,Manhattan,Stuy Town/Peter Cooper Village,247,4236.84,17.153198380566803,1.3306882591093119,8.475371120107962,13.328384165615779
Queens,LaGuardia Airport,Brooklyn,Carroll Gardens,247,17020.62,68.9093927125506,12.00898785425101,32.70931174089069,5.749082509005768
Manhattan,East Village,Manhattan,Financial District South,247,6346.88,25.69587044534413,3.323684210526316,13.416194331983807,8.019584204706428
Manhattan,Murray Hill,Manhattan,Manhattan Valley,246,8710.72,35.40943089430894,4.382520325203251,24.94051490514905,8.122385584896918
Manhattan,Yorkville East,Manhattan,Manhattan Valley,246,5901.03,23.987926829268293,2.440731707317073,14.969444444444443,9.995304103968085
Manhattan,Midtown East,Unknown,Unknown,246,6106.62,24.823658536585366,2.1428455284552843,13.416124661246613,89.5102609384428
Manhattan,Upper East Side South,Manhattan,Central Harlem North,246,7128.75,28.978658536585368,3.9359349593495936,18.924864498644986,7.46090084532627
Manhattan,Meatpacking/West Village West,Manhattan,Clinton West,245,5488.94,22.403836734693876,2.3707755102040817,12.797278911564627,9.627786700375697
Manhattan,Yorkville West,Manhattan,Garment District,245,7463.12,30.461714285714287,3.499224489795918,21.795442176870747,8.785857607464788
Manhattan,East Village,Queens,LaGuardia Airport,245,15313.35,62.5034693877551,10.388816326530613,26.07408163265306,6.146479234627875
Manhattan,Battery Park City,Manhattan,Hudson Sq,245,4289.11,17.506571428571426,1.3271020408163265,8.097687074829933,13.745724998575723
Manhattan,Meatpacking/West Village West,Manhattan,Sutton Place/Turtle Bay North,244,7400.82,30.33122950819672,3.6385655737704914,21.377254098360655,8.41716518920463
Manhattan,Lenox Hill East,Queens,JFK Airport,244,22543.14,92.38991803278688,18.748401639344262,45.9801912568306,4.952836833330215
Manhattan,Upper West Side South,Manhattan,Manhattanville,244,5881.49,24.104467213114752,2.9801639344262294,12.784084699453551,8.206969960391655
Manhattan,East Village,Brooklyn,Williamsburg (South Side),243,6431.07,26.46530864197531,2.897777777777778,15.36358024691358,9.286891238150348
Manhattan,Midtown East,Brooklyn,Brooklyn Heights,243,10337.07,42.53938271604938,6.584279835390946,24.603223593964334,6.57048572785262
Manhattan,Financial District North,Manhattan,Penn Station/Madison Sq West,243,7935.15,32.654938271604934,4.00835390946502,21.711865569272977,8.357635925842526
Manhattan,Midtown North,Manhattan,Bloomingdale,243,6508.97,26.785884773662552,66.50950617283951,15.785116598079561,8.494383278655423
Manhattan,Greenwich Village North,Manhattan,Clinton West,243,6701.06,27.57637860082305,3.0539506172839506,19.39190672153635,9.14332564329031
Manhattan,TriBeCa/Civic Center,Brooklyn,Brooklyn Heights,242,5714.15,23.612190082644627,2.373595041322314,13.731473829201104,10.171686892949293
Queens,JFK Airport,Brooklyn,Sheepshead Bay,242,15318.06,63.29776859504132,14.048760330578514,25.886363636363637,4.512591033530109
Manhattan,Greenwich Village North,Manhattan,World Trade Center,242,5496.12,22.711239669421488,2.2532231404958676,14.54283746556474,10.381234477752168
Manhattan,Bloomingdale,Manhattan,Lincoln Square West,242,5154.14,21.29809917355372,2.1508264462809916,12.71728650137741,10.1195850229119
Manhattan,Alphabet City,Manhattan,East Village,242,3528.4900000000002,14.580537190082646,0.778099173553719,5.9772727272727275,20.98987233785336
Manhattan,Midtown East,Queens,Astoria,242,7398.53,30.572438016528924,3.8768181818181815,20.17658402203857,8.057093672862965
Manhattan,Financial District North,Queens,JFK Airport,242,21658.32,89.49719008264462,20.792231404958677,50.41804407713499,4.415175863107089
Manhattan,West Village,Manhattan,Chinatown,242,5194.1,21.46322314049587,1.8748760330578513,13.847865013774104,11.777246146679719
Manhattan,Times Sq/Theatre District,Manhattan,Washington Heights South,242,10244.86,42.33413223140496,7.301157024793389,21.09318181818182,5.837103617270447
Manhattan,Times Sq/Theatre District,Manhattan,Battery Park,242,8781.61,36.28764462809917,5.464834710743801,24.973140495867767,6.694841228600813
Manhattan,UN/Turtle Bay South,Manhattan,Upper West Side North,241,7860.58,32.616514522821575,3.835933609958506,24.110580912863067,8.60036859403461
Manhattan,Lenox Hill East,Manhattan,Clinton West,241,6420.15,26.639626556016594,2.7635269709543566,19.257123098201934,9.786950539640397
Manhattan,Upper East Side North,Manhattan,Battery Park City,241,11667.21,48.41165975103734,8.335020746887967,27.477800829875516,5.848863899299264
Manhattan,Lenox Hill West,Manhattan,Central Harlem,240,6433.64,26.806833333333334,3.3597083333333333,17.216597222222223,8.104433346600372
Manhattan,Midtown North,Manhattan,East Harlem North,240,6896.74,28.736416666666667,3.762625,18.86125,7.732751596218439
Manhattan,Lincoln Square West,Manhattan,West Village,240,7244.94,30.18725,3.6383750000000004,20.027083333333334,9.401373035137318
Manhattan,Flatiron,Manhattan,Yorkville East,240,8365.53,34.856375,4.482875000000001,24.417291666666664,7.8551698753279835
Queens,JFK Airport,Queens,Hillcrest/Pomonok,239,10562.76,44.19564853556486,8.82071129707113,22.605090655509066,5.087620758709438
Manhattan,Meatpacking/West Village West,Manhattan,UN/Turtle Bay South,239,6473.86,27.08728033472803,3.096778242677824,18.11122733612273,8.986895825221534
Manhattan,Battery Park City,Manhattan,Greenwich Village South,239,5523.95,23.11276150627615,2.2020502092050207,13.659274755927475,11.063308141013678
Manhattan,SoHo,Manhattan,Two Bridges/Seward Park,239,4532.31,18.96364016736402,1.443347280334728,11.488005578800557,13.72664046354607
Manhattan,UN/Turtle Bay South,Manhattan,Central Park,238,5868.59,24.65794117647059,2.31718487394958,17.099789915966387,11.254082765874637
Manhattan,Central Park,Manhattan,TriBeCa/Civic Center,237,10257.76,43.28168776371308,6.252025316455696,28.897679324894515,7.196589857014869
Manhattan,Midtown Center,Manhattan,Central Harlem North,237,8218.5,34.677215189873415,4.9495780590717295,21.96293952180028,7.087865979613628
Manhattan,Financial District North,Manhattan,Union Sq,237,7310.28,30.84506329113924,3.836835443037975,19.40801687763713,8.343277511375966
Manhattan,Lenox Hill West,Manhattan,Stuy Town/Peter Cooper Village,236,5825.33,24.683601694915254,3.034661016949152,13.266031073446328,8.254251228553684
Manhattan,Hudson Sq,Manhattan,SoHo,236,3261.35,13.81927966101695,0.6084745762711864,5.735734463276836,28.11741104164672
Queens,JFK Airport,Unknown,Unknown,235,20251.38,86.17608510638298,14.597957446808511,35.24716312056738,221.37621516875404
Manhattan,Manhattan Valley,Manhattan,Washington Heights South,235,5862.34,24.94612765957447,3.950893617021277,15.898723404255318,8.870985937745903
Queens,JFK Airport,Brooklyn,Madison,235,15838.74,67.39889361702127,14.72068085106383,30.65028368794326,4.586170820103506
Manhattan,Lower East Side,Manhattan,Chinatown,235,3716.26,15.813872340425533,0.886,7.194964539007092,21.43444865523053
Manhattan,World Trade Center,Manhattan,Battery Park City,235,3835.89,16.322936170212767,0.8166808510638297,7.03822695035461,34.24759410571953
Manhattan,West Chelsea/Hudson Yards,Manhattan,Yorkville East,235,8877.31,37.775787234042554,4.844978723404255,26.36744680851064,7.868155875461245
Manhattan,Upper West Side South,Unknown,Unknown,234,4821.52,20.60478632478633,1.8084188034188036,10.931908831908832,17.183721190824187
Manhattan,Battery Park City,Manhattan,Midtown North,234,9434.04,40.31641025641026,5.700641025641026,26.750783475783475,7.15019790003982
Manhattan,Stuy Town/Peter Cooper Village,Manhattan,Murray Hill,233,4042.21,17.34854077253219,1.3614163090128755,9.407796852646639,13.122382224188677
Manhattan,Garment District,Manhattan,Morningside Heights,233,8223.69,35.29480686695279,4.999527896995708,22.5035765379113,7.265926634534879
Manhattan,Midtown South,Manhattan,Alphabet City,233,5409.37,23.21618025751073,2.3983690987124464,14.195064377682403,9.928763877796174
Queens,JFK Airport,Brooklyn,Marine Park/Floyd Bennett Field,233,11886.72,51.015965665236045,11.524978540772533,17.864520743919886,4.428172805689635
Manhattan,Times Sq/Theatre District,Manhattan,East Harlem North,233,7227.08,31.017510729613733,4.4218025751072965,19.405150214592272,7.182181663802492
Manhattan,World Trade Center,Queens,LaGuardia Airport,233,18277.73,78.44519313304721,13.646351931330472,36.09985693848355,5.753317845299742
Manhattan,Financial District South,Manhattan,Battery Park City,232,3700.6,15.950862068965517,1.0426293103448276,7.651508620689656,16.45492155844545
Manhattan,Upper East Side North,Manhattan,Little Italy/NoLiTa,232,9606.29,41.40642241379311,5.839525862068966,29.05998563218391,7.2492081970232505
Manhattan,SoHo,Manhattan,Upper East Side North,232,9211.11,39.70306034482759,5.227844827586207,28.74037356321839,7.725562219384086
Manhattan,Garment District,Manhattan,Financial District North,232,8139.42,35.083706896551725,4.893103448275863,22.717385057471265,7.275213686319306
Manhattan,Lincoln Square East,Manhattan,Little Italy/NoLiTa,231,8665.86,37.514545454545456,4.669090909090909,28.083621933621934,8.957242025591515
Queens,LaGuardia Airport,Queens,Ridgewood,231,11489.01,49.73597402597402,7.692770562770563,24.437229437229437,6.590101268352388
Manhattan,Manhattan Valley,Queens,LaGuardia Airport,231,14069.62,60.90744588744589,9.209696969696969,25.549783549783548,6.642400482679544
Manhattan,Manhattan Valley,Manhattan,Manhattanville,230,3681.47,16.006391304347826,1.8966956521739131,10.039782608695653,8.780787728361842
Manhattan,Gramercy,Manhattan,Central Park,230,6694.31,29.105695652173914,3.3256956521739127,20.300289855072464,9.061097011772384
Manhattan,Times Sq/Theatre District,Manhattan,Washington Heights North,230,11168.19,48.55734782608696,8.577478260869565,24.09623188405797,5.680169628424574
Manhattan,Financial District North,Manhattan,World Trade Center,230,3322.74,14.446695652173911,0.8111304347826087,6.438260869565217,27.99815833819366
Manhattan,Bloomingdale,Manhattan,East Harlem North,230,4007.81,17.425260869565218,1.9066956521739131,12.678188405797101,9.251938630703984
Manhattan,Midtown East,Queens,Sunnyside,230,6390.92,27.786608695652173,3.4137391304347826,17.167463768115944,8.427265804748318
Manhattan,Penn Station/Madison Sq West,EWR,Newark Airport,229,26505.73,115.74554585152838,16.422139737991266,34.64876273653566,7.095476701641389
Manhattan,SoHo,Manhattan,Kips Bay,229,5206.05,22.733842794759827,2.2893886462882094,13.776055312954876,10.053869140815415
Manhattan,TriBeCa/Civic Center,Manhattan,Yorkville West,229,10534.66,46.00288209606987,7.368078602620087,26.687336244541484,6.3732863302172555
Manhattan,East Village,Brooklyn,Brooklyn Heights,228,7003.08,30.715263157894736,4.0093421052631575,17.585672514619883,7.88106727271953
Manhattan,Hudson Sq,Manhattan,Financial District North,228,4740.93,20.793552631578947,1.9494298245614035,12.007602339181286,11.053912092102532
Queens,JFK Airport,Queens,Glendale,228,10899.17,47.80337719298246,9.481491228070176,26.246637426900588,5.084016861170187
Manhattan,East Harlem South,Manhattan,Sutton Place/Turtle Bay North,228,5729.16,25.127894736842105,2.8176315789473683,16.980263157894736,11.430542514383456
Manhattan,Battery Park City,Manhattan,Gramercy,228,7411.57,32.50688596491228,4.625350877192982,17.577412280701754,9.026491374339445
Manhattan,Midtown North,Manhattan,World Trade Center,228,9129.99,40.04381578947368,6.05719298245614,26.678143274853802,6.8345937875923894
Manhattan,Financial District North,Manhattan,Chinatown,228,3524.88,15.46,0.9678070175438597,8.090716374269006,17.354554779764076
Manhattan,Financial District North,Manhattan,Midtown South,228,7594.37,33.30864035087719,4.563508771929825,20.180336257309943,7.527404545567457
Manhattan,Upper West Side North,Manhattan,Gramercy,227,8335.91,36.7220704845815,4.918370044052864,25.736784140969164,7.589059760600336
Manhattan,East Harlem South,Manhattan,Lincoln Square West,227,5967.15,26.287004405286343,2.914008810572687,17.02217327459618,9.091525050939032
Manhattan,Greenwich Village South,Manhattan,Stuy Town/Peter Cooper Village,227,4418.28,19.463788546255504,1.6592511013215858,10.974669603524228,11.955697286994052
Manhattan,Lincoln Square East,Unknown,Unknown,227,4776.69,21.042687224669603,1.8851982378854626,11.253083700440527,20.634310821873513
Manhattan,West Village,Brooklyn,Park Slope,226,9441.64,41.77716814159292,5.559911504424779,25.95789085545723,7.621965242731936
Queens,Sunnyside,Queens,Sunnyside,226,3737.31,16.536769911504425,0.994424778761062,5.864749262536874,161.25223739514217
Manhattan,Upper East Side South,Manhattan,Stuy Town/Peter Cooper Village,226,6132.65,27.135619469026548,3.2165929203539827,17.23414454277286,8.540307706051443
Manhattan,Murray Hill,Unknown,Unknown,226,5489.06,24.28787610619469,1.7923451327433628,12.038126843657817,117.23461463680415
Manhattan,Upper East Side North,Manhattan,Washington Heights South,226,8637.41,38.218628318584074,5.951946902654868,22.164085545722713,6.456322444333689
Queens,LaGuardia Airport,Brooklyn,South Williamsburg,225,10778.52,47.90453333333333,8.249244444444445,22.988444444444443,5.8274816094086725
Manhattan,Little Italy/NoLiTa,Manhattan,Lincoln Square East,225,8247.45,36.65533333333334,4.684666666666667,26.893037037037036,7.885288770883658
Manhattan,Upper West Side North,Manhattan,West Village,225,8422.31,37.432488888888884,5.047955555555555,24.660740740740742,7.563822927601472
Manhattan,Yorkville West,Manhattan,Greenwich Village North,225,7727.41,34.34404444444444,4.667111111111111,22.773185185185184,7.4106175277441295
Manhattan,UN/Turtle Bay South,Manhattan,East Harlem South,225,5931.67,26.36297777777778,3.2568888888888887,16.686962962962962,8.22882805096565
Manhattan,Meatpacking/West Village West,Manhattan,Lincoln Square West,224,6263.98,27.964196428571427,3.448482142857143,17.070386904761907,8.19722770923231
Manhattan,Meatpacking/West Village West,Manhattan,Upper West Side North,224,7826.75,34.940848214285715,4.8680803571428575,20.48110119047619,7.207216663459785
Manhattan,Union Sq,Brooklyn,Brooklyn Heights,223,8058.48,36.136681614349776,4.764843049327354,23.171973094170404,7.743822796890126
Manhattan,Financial District North,Manhattan,SoHo,223,4615.49,20.69726457399103,1.6892825112107623,12.79745889387145,12.994776432576836
Manhattan,Sutton Place/Turtle Bay North,Manhattan,Financial District North,223,7769.79,34.842107623318384,5.555964125560538,18.50306427503737,7.1517869739825315
Manhattan,Midtown North,Queens,Astoria,223,7214.61,32.35251121076233,3.9843497757847532,22.50149476831091,8.197712620200527
Manhattan,Little Italy/NoLiTa,Manhattan,Yorkville West,222,8174.89,36.82382882882883,5.410945945945946,22.930105105105106,6.874906967753191
Manhattan,Greenwich Village South,Manhattan,Yorkville East,222,8045.38,36.24045045045045,5.209144144144145,22.857132132132133,6.989110812090489
Manhattan,Central Park,Manhattan,Meatpacking/West Village West,221,7580.13,34.29923076923077,4.431447963800905,24.072775263951733,7.926325549570321
Manhattan,Garment District,Manhattan,Hudson Sq,221,5010.41,22.67153846153846,2.375972850678733,14.164932126696831,9.632328604835072
Manhattan,World Trade Center,Manhattan,Midtown North,221,8614.68,38.98045248868778,5.526153846153846,27.42134238310709,7.164420915161218
Manhattan,Times Sq/Theatre District,Manhattan,Stuy Town/Peter Cooper Village,221,5810.97,26.29398190045249,2.697737556561086,17.828506787330316,9.835464502846108
Manhattan,Greenwich Village South,Manhattan,Seaport,221,4406.91,19.94076923076923,1.789049773755656,11.460935143288085,11.424701005023136
Manhattan,Manhattan Valley,Manhattan,Yorkville East,220,5372.91,24.42231818181818,2.473045454545455,15.415606060606061,9.945526231938317
Manhattan,Financial District North,Manhattan,Kips Bay,220,6317.49,28.715863636363636,4.186681818181818,14.308939393939394,6.918223683361716
Queens,East Elmhurst,Manhattan,East Chelsea,220,16264.77,73.93077272727272,10.119772727272727,32.855909090909094,7.377549898896185
Manhattan,Central Harlem North,Manhattan,East Harlem North,220,3223.75,14.653409090909092,1.3932272727272728,10.210227272727273,12.338053290399394
Manhattan,Greenwich Village South,Manhattan,Chinatown,220,3950.13,17.955136363636363,1.3029090909090908,10.60378787878788,14.634701747080705
Manhattan,SoHo,Manhattan,Hudson Sq,220,3201.03,14.550136363636364,0.6065909090909091,5.080303030303031,55.372572791855255
Manhattan,Clinton West,Manhattan,Union Sq,219,5120.15,23.379680365296803,2.3773972602739724,15.599695585996956,10.009153374415686
Manhattan,Upper West Side South,Manhattan,Washington Heights North,219,8134.39,37.14333333333334,6.368447488584475,18.609893455098934,5.882645581149904
Queens,East Elmhurst,Manhattan,Lenox Hill West,219,13925.84,63.58831050228311,8.913196347031963,22.72009132420091,7.151279279331417
Manhattan,Meatpacking/West Village West,Manhattan,Lenox Hill West,219,7564.24,34.53990867579908,4.604748858447488,24.663089802130894,7.628612150217561
Manhattan,Midtown North,Manhattan,Hudson Sq,218,6687.7,30.677522935779816,3.544678899082569,22.531804281345565,8.734604363357295
Manhattan,Two Bridges/Seward Park,Manhattan,East Village,218,3931.65,18.035091743119267,1.110091743119266,8.238532110091743,30.473887451084085
Manhattan,Lenox Hill East,Manhattan,Two Bridges/Seward Park,218,6250.64,28.672660550458716,4.493073394495413,14.527752293577983,6.419094825956018
Manhattan,Lincoln Square East,Manhattan,Lower East Side,218,8392.65,38.49839449541284,5.200963302752293,27.840366972477064,7.504348496907637
Manhattan,Manhattan Valley,Manhattan,West Chelsea/Hudson Yards,218,6340.59,29.085275229357798,4.317935779816514,14.879357798165136,6.8158809830272515
Queens,LaGuardia Airport,Brooklyn,Prospect-Lefferts Gardens,217,15815.04,72.88036866359447,12.572027649769586,40.24815668202765,5.838907618761579
Manhattan,East Chelsea,Manhattan,Seaport,217,7180.98,33.092073732718895,3.980414746543779,22.30867895545315,8.629942157666406
Manhattan,Midtown South,Manhattan,Financial District South,217,7279.2699999999995,33.54502304147465,5.133271889400922,18.494009216589863,6.5608127218522565
Manhattan,Kips Bay,Manhattan,Upper West Side North,217,7734.7300000000005,35.64391705069124,4.639447004608295,25.100460829493088,7.7229058245378335
Manhattan,West Chelsea/Hudson Yards,Queens,JFK Airport,217,20518.62,94.5558525345622,18.286175115207374,58.06597542242703,5.47922522328502
Manhattan,Lincoln Square West,Manhattan,TriBeCa/Civic Center,216,7522.05,34.824305555555554,4.893055555555556,22.53695987654321,7.12500695907242
Manhattan,Upper West Side North,Manhattan,Washington Heights North,216,7202.72,33.345925925925926,5.764722222222223,16.713966049382716,5.798454092505244
Manhattan,Flatiron,Manhattan,Central Park,216,6407.3099999999995,29.66347222222222,3.1955092592592593,21.497376543209878,9.773624272784764
Manhattan,Lenox Hill East,Manhattan,Greenwich Village South,215,7371.88,34.287813953488374,4.9421395348837205,20.066821705426356,7.05647056858094
Manhattan,Financial District North,Manhattan,West Chelsea/Hudson Yards,215,6674.58,31.04455813953488,4.106,19.44255813953488,7.658814153657227
Manhattan,Penn Station/Madison Sq West,Brooklyn,Greenpoint,215,9575.18,44.53572093023256,5.065255813953488,25.991782945736436,9.207764513711936
Manhattan,Penn Station/Madison Sq West,Queens,Long Island City/Hunters Point,214,7906.72,36.94728971962617,3.984018691588785,22.496728971962618,9.743654042278127
Manhattan,Times Sq/Theatre District,Manhattan,Chinatown,214,7308.18,34.1503738317757,4.287990654205608,26.12834890965732,8.14809840252095
Manhattan,Lower East Side,Manhattan,Battery Park City,214,5324.04,24.878691588785045,2.9537383177570096,13.714953271028037,9.031404195486243
Manhattan,Yorkville East,Manhattan,TriBeCa/Civic Center,214,9173.61,42.86733644859813,7.675467289719626,21.952881619937695,5.615136869400098
Queens,LaGuardia Airport,Queens,Elmhurst,214,7143.16,33.379252336448594,4.107710280373832,16.971495327102804,8.64252008122604
Manhattan,East Village,Brooklyn,Williamsburg (North Side),214,6436.67,30.077897196261684,3.568317757009346,18.436370716510904,8.56201537290929
Manhattan,Yorkville West,Manhattan,West Village,214,8330.04,38.92542056074767,5.399719626168224,26.520794392523364,7.314340266534368
Manhattan,Financial District South,Manhattan,Midtown East,214,7586.29,35.449953271028036,5.596401869158878,17.089797507788163,6.374922434882602
Queens,East Elmhurst,Manhattan,Upper East Side North,214,13205.78,61.7092523364486,8.377196261682244,21.649766355140187,7.375918186978304
Manhattan,East Chelsea,EWR,Newark Airport,213,25524.38,119.83276995305165,16.953427230046948,31.27605633802817,7.091223523210232
Manhattan,Flatiron,Manhattan,Alphabet City,213,4712.73,22.125492957746477,2.091361502347418,14.603912363067293,10.704863832685438
Manhattan,World Trade Center,Manhattan,Greenwich Village South,213,4411.2,20.70985915492958,1.8924413145539905,12.41283255086072,11.48393844575276
Manhattan,Battery Park City,Manhattan,Lower East Side,213,5741.06,26.953333333333337,3.333380281690141,14.458059467918623,8.702030005873516
Manhattan,Upper West Side South,Manhattan,Battery Park City,213,8561.37,40.19422535211268,6.0130516431924885,25.948591549295777,6.734784077871826
Manhattan,Bloomingdale,Manhattan,Upper East Side South,213,5688.74,26.707699530516432,2.994600938967136,17.502425665101722,8.956848741699496
Manhattan,Midtown North,Manhattan,Financial District North,213,8676.64,40.73539906103286,6.250234741784038,25.83075117370892,6.570388680664665
Manhattan,Penn Station/Madison Sq West,Manhattan,Central Harlem North,212,9130.1,43.06650943396227,6.847358490566038,27.877044025157232,6.365595100318387
Manhattan,Union Sq,Manhattan,Financial District South,212,6614.84,31.202075471698112,4.273254716981132,18.450314465408805,7.4988842045149555
Manhattan,West Village,Brooklyn,Brooklyn Heights,212,6316.43,29.79448113207547,3.6766981132075474,18.426729559748427,8.174798185671829
Manhattan,Clinton West,Manhattan,West Village,211,5112.82,24.231374407582937,2.750521327014218,15.095734597156397,8.921762600644993
Queens,JFK Airport,Queens,Bellerose,211,10653.67,50.49132701421801,10.721137440758293,20.258925750394944,4.715538864596645
Manhattan,East Chelsea,Manhattan,Chinatown,211,6301.22,29.863601895734597,3.308578199052133,21.48515007898894,9.343677518975314
Manhattan,Murray Hill,Queens,Long Island City/Hunters Point,211,6490.82,30.76218009478673,2.853696682464455,14.681911532385465,11.64471523310107
Manhattan,Lenox Hill East,Unknown,Unknown,211,4816.3,22.826066350710903,1.9637914691943128,12.118957345971564,76.78958358205368
Manhattan,East Chelsea,Unknown,Outside of NYC,211,21687.77,102.78563981042655,13.110331753554503,29.192180094786732,12.114800210870339
Manhattan,Lincoln Square West,Manhattan,Washington Heights South,211,6859.14,32.507772511848344,5.532748815165877,15.102922590837283,5.955426609639451
Manhattan,Lincoln Square East,Manhattan,Manhattanville,211,6216.42,29.461706161137442,3.953127962085308,16.774170616113743,7.556531156584584
Manhattan,Lower East Side,Manhattan,Yorkville East,211,7439.91,35.26023696682464,5.361563981042654,19.19257503949447,6.623626349012086
Manhattan,Lower East Side,Manhattan,Lincoln Square East,210,7825.96,37.26647619047619,5.133285714285714,25.87753968253968,7.304761424622522
Queens,LaGuardia Airport,Manhattan,Alphabet City,210,13916.79,66.27042857142858,10.361190476190476,25.72047619047619,6.461100576568871
Manhattan,Midtown Center,Manhattan,Chinatown,210,7304.22,34.782000000000004,4.406761904761905,25.05230158730159,8.12365220229171
Manhattan,Manhattan Valley,Manhattan,Clinton West,210,5192.15,24.72452380952381,3.206952380952381,13.216349206349207,7.864413774740719
Manhattan,Yorkville West,Manhattan,Flatiron,210,7063.88,33.63752380952381,4.39352380952381,23.19452380952381,7.7071210366867104
Manhattan,Financial District South,Manhattan,East Chelsea,209,6517.17,31.18263157894737,4.0695693779904305,20.317703349282294,18.153489657979673
Manhattan,Little Italy/NoLiTa,Manhattan,Upper West Side South,208,8432.1,40.53894230769231,5.628846153846154,27.049679487179485,7.262279695227587
Manhattan,Clinton East,Unknown,Outside of NYC,208,21021.75,101.06610576923077,13.49951923076923,28.75328525641026,12.142322213067482
Manhattan,Garment District,Manhattan,Two Bridges/Seward Park,208,6513.54,31.315096153846152,4.17375,21.12411858974359,7.603386343595558
Manhattan,Lower East Side,Manhattan,Midtown North,207,6828.69,32.98884057971014,4.085458937198068,22.895732689210952,8.157898168723879
Manhattan,West Village,Manhattan,Morningside Heights,207,8880.79,42.90236714975846,6.77280193236715,26.206843800322062,6.363828796694509
Manhattan,Little Italy/NoLiTa,Manhattan,Chinatown,207,3153.9900000000002,15.236666666666668,0.8410628019323672,7.257971014492754,21.244213518994407
Manhattan,Penn Station/Madison Sq West,Manhattan,East Harlem North,206,7965.2300000000005,38.66616504854369,5.597864077669903,26.94668284789644,7.06247424885689
Manhattan,Kips Bay,Manhattan,East Harlem South,206,6109.08,29.655728155339805,4.088592233009709,19.39045307443366,7.324702047232653
Manhattan,Financial District North,Manhattan,UN/Turtle Bay South,206,6414.13,31.136553398058254,4.8448543689320385,14.042233009708736,6.431193019256369
Manhattan,Upper West Side North,Manhattan,Kips Bay,205,7522.41,36.694682926829266,4.905463414634147,25.302764227642275,7.559187974365377
Manhattan,Union Sq,Manhattan,Seaport,205,5860.46,28.58760975609756,3.306243902439024,18.411951219512193,9.03279920904175
Manhattan,World Trade Center,Manhattan,Greenwich Village North,205,4782.77,23.33058536585366,2.2640975609756095,14.668943089430893,10.558630923674528
Queens,East Elmhurst,Manhattan,UN/Turtle Bay South,205,13035.37,63.587170731707324,9.008926829268292,21.25747967479675,7.094051683625082
Manhattan,Clinton East,Manhattan,Hudson Sq,205,5363.04,26.161170731707315,3.091024390243902,16.757967479674797,8.658066419375187
Manhattan,Meatpacking/West Village West,Queens,JFK Airport,204,19379.23,94.99622549019608,22.422058823529415,56.045833333333334,4.44195545591894
Queens,JFK Airport,Queens,Bayside,204,13580.96,66.57333333333332,14.039803921568627,24.921895424836602,4.744657471787333
Manhattan,World Trade Center,Manhattan,Financial District South,204,3071.92,15.05843137254902,0.8860784313725489,7.320179738562091,21.860438392323235
Queens,East Elmhurst,Manhattan,Upper East Side South,203,13484.71,66.42714285714285,9.236354679802956,27.575862068965517,7.198564359655473
Manhattan,Lenox Hill East,Manhattan,Seaport,203,7252.82,35.72817733990148,6.022857142857143,16.880459770114943,5.940985166788105
Manhattan,Yorkville East,Manhattan,Central Harlem,203,4876.39,24.021625615763547,2.702315270935961,14.687356321839081,8.981340623572542
Manhattan,World Trade Center,Manhattan,Two Bridges/Seward Park,203,4489.53,22.11591133004926,2.19,13.598440065681444,10.865850339792825
Manhattan,TriBeCa/Civic Center,Manhattan,Clinton West,203,5991.15,29.513054187192118,3.7928078817733994,18.837602627257798,7.808791383038939
Manhattan,Upper West Side South,Manhattan,Greenwich Village South,203,7586.01,37.369507389162564,4.965172413793103,27.18579638752053,7.630720249427462
Manhattan,Lenox Hill West,Unknown,Unknown,203,4439.29,21.868423645320195,1.820591133004926,11.261822660098522,62.53997418164693
Manhattan,Battery Park City,Manhattan,Garment District,203,6553.85,32.28497536945813,4.18615763546798,21.320197044334975,7.854305126018688
Manhattan,Little Italy/NoLiTa,Manhattan,Lenox Hill East,202,6905.29,34.18460396039604,4.747178217821782,22.07549504950495,7.275864626070681
Manhattan,Midtown Center,Brooklyn,Greenpoint,202,7901.91,39.11836633663366,4.594108910891089,22.53316831683168,8.785909439344513
Manhattan,Midtown South,Manhattan,Manhattan Valley,202,6946.4,34.388118811881185,4.552475247524753,22.75115511551155,7.702123828574386
Manhattan,Manhattanville,Manhattan,Morningside Heights,202,2194.07,10.861732673267328,0.9488118811881188,5.960478547854786,13.854980503196195
Manhattan,Battery Park City,Manhattan,World Trade Center,201,3251.21,16.175174129353234,0.7524875621890548,6.498258706467662,39.426963516395524
Queens,JFK Airport,EWR,Newark Airport,201,41377.0,205.85572139303483,36.862139303482586,59.739469320066334,5.591536393510545
Manhattan,Bloomingdale,Manhattan,Central Park,201,3823.73,19.023532338308456,1.9162189054726368,11.389220563847429,12.625951485591916
Manhattan,Central Harlem,Manhattan,Upper East Side North,201,4085.81,20.327412935323384,2.0899502487562187,13.039303482587066,9.983028822276566
Manhattan,Midtown North,Unknown,Unknown,201,5517.45,27.45,2.574676616915423,14.31044776119403,186.52314849281063
Manhattan,Yorkville West,Manhattan,Bloomingdale,201,4468.0199999999995,22.228955223880593,2.388358208955224,13.090630182421227,9.413637695138235
Manhattan,Financial District North,Manhattan,Sutton Place/Turtle Bay North,200,6803.03,34.01515,5.293150000000001,15.853166666666667,6.447108121411296
Manhattan,Morningside Heights,Manhattan,Clinton East,200,6019.2,30.096,4.19685,18.4775,7.3521757644753425
Manhattan,Murray Hill,Manhattan,Seaport,200,6427.84,32.1392,4.58545,17.397166666666667,7.070695575262857
Manhattan,TriBeCa/Civic Center,Queens,LaGuardia Airport,200,14787.9,73.9395,12.888699999999998,33.02941666666666,5.728880664943684
Manhattan,UN/Turtle Bay South,Manhattan,Financial District North,200,6466.24,32.331199999999995,4.9856,16.722166666666666,6.501383942088701
Manhattan,UN/Turtle Bay South,Manhattan,Lincoln Square West,200,5740.11,28.70055,2.7525,21.249499999999998,10.632100974199686
Queens,JFK Airport,Manhattan,Chinatown,200,18096.8,90.484,19.4211,46.01775,4.704027790508679
Manhattan,Clinton East,Queens,Astoria,199,7293.6,36.651256281407036,5.101658291457286,24.540871021775544,7.247492114896819
Queens,JFK Airport,Brooklyn,Kensington,199,19004.55,95.5002512562814,20.8964824120603,42.90050251256282,4.601891473586975
Manhattan,Lenox Hill East,Manhattan,Financial District South,199,7208.88,36.225527638190954,6.329195979899497,15.643634840871023,5.735420686272253
Manhattan,West Village,Manhattan,Central Park,199,6669.71,33.51613065326633,4.077738693467337,24.172696817420437,8.560415185739679
Manhattan,West Chelsea/Hudson Yards,Manhattan,Financial District South,199,6181.19,31.061256281407033,4.176231155778895,19.788525963149077,7.483282657118986
Manhattan,Upper East Side South,Queens,Long Island City/Hunters Point,199,5356.55,26.917336683417087,2.925477386934673,17.5748743718593,9.368017519911819
Manhattan,Seaport,Manhattan,East Village,199,4801.88,24.130050251256282,2.749849246231156,12.923031825795645,9.286413199292236
Manhattan,Times Sq/Theatre District,Manhattan,Hamilton Heights,199,7884.83,39.622261306532664,6.415175879396984,22.03333333333333,6.237970875175537
Manhattan,Battery Park City,Manhattan,UN/Turtle Bay South,199,7275.86,36.56211055276382,6.053668341708543,17.151758793969847,6.049215469561183
Manhattan,Penn Station/Madison Sq West,Queens,Astoria,199,8608.78,43.26020100502513,5.681407035175879,29.90829145728643,7.7331114653193325
Manhattan,Lower East Side,Manhattan,Seaport,198,3808.2,19.23333333333333,1.6973737373737372,10.395117845117843,12.256844997063693
Manhattan,Yorkville East,Manhattan,Garment District,198,5996.18,30.283737373737374,3.6566666666666667,20.762626262626263,8.372100338256136
Manhattan,East Chelsea,Unknown,Unknown,198,5045.35,25.481565656565657,2.1145454545454547,14.30084175084175,188.91720087283562
Queens,LaGuardia Airport,Brooklyn,DUMBO/Vinegar Hill,198,12129.63,61.26075757575757,10.455252525252524,27.049326599326598,5.862010837672881
Queens,LaGuardia Airport,Queens,Jamaica,198,9540.36,48.18363636363637,8.05030303030303,22.381060606060604,6.010041555267009
Manhattan,West Village,Brooklyn,Williamsburg (South Side),198,6561.87,33.140757575757576,3.8985858585858586,22.23956228956229,8.60842498417524
Manhattan,Clinton West,Manhattan,Lenox Hill West,197,4826.08,24.49786802030457,2.4758375634517766,16.483756345177667,10.062874643195899
Manhattan,Flatiron,Manhattan,World Trade Center,197,5304.64,26.927106598984775,3.10238578680203,17.366074450084604,8.816611608941146
Manhattan,Lower East Side,Brooklyn,Greenpoint,197,5778.62,29.333096446700505,3.9575126903553297,14.376395939086295,7.449604433156975
Manhattan,Financial District North,Manhattan,Greenwich Village South,197,4507.92,22.88284263959391,2.2451776649746193,14.26565143824027,10.781769583757512
Manhattan,Upper West Side North,Manhattan,Greenwich Village North,197,7821.82,39.70467005076142,5.25,28.39864636209814,7.62782991418154
Manhattan,Lower East Side,Queens,JFK Airport,196,16788.59,85.65607142857142,17.49091836734694,47.67534013605442,4.943134452217691
Manhattan,Lenox Hill East,Manhattan,Lower East Side,196,6250.79,31.891785714285714,4.88765306122449,17.045578231292517,6.650025244949305
Manhattan,Garment District,Manhattan,Central Harlem,196,6985.78,35.64173469387755,4.92984693877551,24.51981292517007,7.362612431726826
Manhattan,Lower East Side,Manhattan,Garment District,196,5358.6,27.339795918367347,3.151989795918367,19.167772108843536,8.738338417842535
Manhattan,Midtown East,Manhattan,Central Harlem,196,6195.03,31.607295918367345,4.110867346938775,20.560544217687074,7.743066852228133
Manhattan,Upper East Side North,Manhattan,Lower East Side,196,7692.13,39.2455612244898,6.041326530612245,24.40926870748299,6.5532362254286864
Manhattan,TriBeCa/Civic Center,Manhattan,Alphabet City,196,4589.04,23.4134693877551,2.561377551020408,13.716751700680271,9.659565230475547
Manhattan,Sutton Place/Turtle Bay North,Manhattan,East Harlem North,196,5117.76,26.111020408163267,3.4571938775510205,15.628146258503403,7.660945905582429
Manhattan,Stuy Town/Peter Cooper Village,Manhattan,Gramercy,195,2641.59,13.546615384615386,0.7584102564102564,5.913418803418804,20.963136150104763
Manhattan,Central Park,Manhattan,Little Italy/NoLiTa,195,7359.33,37.740153846153845,4.870923076923077,28.233589743589743,7.967161190053052
Manhattan,Yorkville East,Manhattan,Greenwich Village North,195,6390.08,32.76964102564102,4.673025641025641,19.884700854700856,7.030540384054328
Manhattan,Upper East Side South,Manhattan,Financial District North,195,8040.17,41.231641025641025,6.520615384615384,23.445811965811966,6.346878930763471
Manhattan,Upper East Side South,Manhattan,Hudson Sq,195,7038.37,36.094205128205125,4.497128205128205,26.4474358974359,8.208526870473477
Manhattan,Garment District,Manhattan,Financial District South,194,6825.47,35.18283505154639,5.279381443298969,22.098024054982815,6.751978022014061
Manhattan,Midtown South,Queens,Long Island City/Hunters Point,194,6303.41,32.49180412371134,3.3162886597938144,16.774570446735396,10.246546926946927
Manhattan,Garment District,EWR,Newark Airport,194,23775.28,122.55298969072165,17.652938144329898,32.575343642611685,6.963041098042929
Manhattan,Seaport,Manhattan,TriBeCa/Civic Center,194,3365.23,17.34654639175258,1.0039690721649486,8.074398625429554,103.80615966335262
Manhattan,Upper West Side North,Manhattan,East Village,193,8243.0,42.70984455958549,6.179274611398963,29.048272884283246,6.9907567024812725
Manhattan,Greenwich Village South,Brooklyn,Williamsburg (South Side),193,5575.93,28.890829015544043,3.205284974093264,17.64447322970639,9.121806847820132
Queens,Astoria,Queens,Astoria,193,2810.35,14.56139896373057,1.0566839378238342,6.246545768566493,153.68750993425985
Manhattan,Little Italy/NoLiTa,Manhattan,Seaport,193,3344.43,17.328652849740934,1.2835233160621762,9.534715025906737,14.342158171904746
Queens,JFK Airport,Queens,Whitestone,193,11638.9,60.30518134715026,13.249637305699482,24.557599309153716,4.564027803882115
Manhattan,Financial District South,Manhattan,East Village,193,5139.17,26.627823834196892,3.545854922279793,13.576770293609671,7.703807963313221
Manhattan,Midtown East,Manhattan,Seaport,193,6812.15,35.296113989637306,5.097564766839379,20.078583765112263,6.971076828263625
Manhattan,Financial District North,Manhattan,Financial District North,193,4092.5,21.204663212435232,0.7247668393782383,5.2495682210708114,576.5173751420878
Manhattan,SoHo,Manhattan,UN/Turtle Bay South,192,5279.86,27.49927083333333,3.042760416666667,17.983854166666667,9.165153988269298
Manhattan,East Village,Manhattan,Central Park,192,6212.64,32.3575,4.241666666666666,21.523611111111112,7.831207440444359
Manhattan,Hudson Sq,Manhattan,Midtown East,192,5613.5199999999995,29.23708333333333,3.26046875,20.544444444444444,9.066088725122649
Manhattan,Midtown Center,Brooklyn,Williamsburg (North Side),192,8833.67,46.00869791666667,5.945520833333333,28.804774305555554,7.823406546822834
Manhattan,SoHo,Manhattan,Alphabet City,191,3653.72,19.12942408376963,1.454240837696335,11.019546247818498,13.585702286617105
Manhattan,SoHo,Manhattan,Sutton Place/Turtle Bay North,191,5764.01,30.178062827225133,3.632460732984293,20.38542757417103,8.408633092747912
Manhattan,UN/Turtle Bay South,Manhattan,Little Italy/NoLiTa,191,4887.84,25.590785340314138,2.847696335078534,17.388219895287957,9.08006396232466
Manhattan,Midtown East,Manhattan,East Harlem North,191,5363.61,28.081727748691097,3.71586387434555,17.144851657940663,7.77543755734102
Manhattan,Lincoln Square West,Manhattan,Gramercy,191,5904.19,30.91198952879581,3.740418848167539,22.150174520069807,8.314911863595203
Manhattan,World Trade Center,Manhattan,World Trade Center,190,3247.55,17.092368421052633,0.9363157894736842,6.848245614035088,207.9133473119999
Manhattan,Lenox Hill East,Queens,Long Island City/Hunters Point,190,5095.47,26.818263157894737,2.913894736842105,17.298245614035086,9.538415262789941
Manhattan,Yorkville East,Manhattan,West Chelsea/Hudson Yards,190,6984.36,36.75978947368421,4.893578947368421,25.3709649122807,7.554583349457143
Manhattan,Midtown North,Manhattan,Central Harlem North,189,6382.44,33.769523809523804,4.8348148148148145,20.521604938271604,7.1281872754455184
Manhattan,Financial District South,Manhattan,Two Bridges/Seward Park,189,3802.87,20.12100529100529,2.1606349206349207,11.076984126984128,9.82812616891387
Manhattan,Sutton Place/Turtle Bay North,Unknown,Unknown,189,4412.5,23.34656084656085,2.1049735449735447,12.906261022927689,79.56269637121109
Manhattan,Seaport,Manhattan,Lower East Side,189,3483.65,18.432010582010584,1.4825396825396824,10.024250440917108,13.719378083280988
Manhattan,Clinton West,Manhattan,Meatpacking/West Village West,189,4133.25,21.86904761904762,2.4238624338624337,12.123280423280423,9.268990705052019
Manhattan,Battery Park City,Manhattan,Upper East Side South,189,8617.51,45.59529100529101,7.414867724867725,26.174250440917106,6.177980221114142
Queens,LaGuardia Airport,Manhattan,Roosevelt Island,189,8202.65,43.400264550264545,5.766084656084656,22.370194003527335,7.553121584709746
Manhattan,World Trade Center,Manhattan,Chinatown,189,3371.04,17.836190476190477,1.3375661375661376,10.920458553791887,14.470197121763237
Manhattan,Sutton Place/Turtle Bay North,Manhattan,Manhattan Valley,189,5912.13,31.281111111111112,3.8513756613756613,20.938712522045854,8.181846571025915
Manhattan,SoHo,Manhattan,Lenox Hill West,188,6502.74,34.58904255319149,4.513138297872341,23.520656028368794,7.7403227393729575
Manhattan,West Village,Brooklyn,Williamsburg (North Side),188,7013.4,37.30531914893617,4.621702127659574,25.786790780141846,8.16716285233859
Manhattan,East Village,Brooklyn,Park Slope,188,7154.06,38.05351063829787,5.021542553191489,23.507180851063833,7.790580212958336
Queens,East Elmhurst,Manhattan,Garment District,188,13344.99,70.98398936170213,9.515265957446807,31.494237588652485,7.5267248176477395
Manhattan,Lincoln Square West,Manhattan,Greenwich Village North,188,5969.02,31.750106382978725,3.928617021276596,23.006382978723405,8.126475821917007
Manhattan,Midtown Center,Manhattan,Bloomingdale,188,5706.39,30.35313829787234,3.7550000000000003,19.19494680851064,8.10712468425472
Manhattan,Flatiron,Manhattan,Two Bridges/Seward Park,188,4951.25,26.336436170212767,2.9890957446808515,17.698847517730496,8.989094301896673
Queens,East Elmhurst,Manhattan,Yorkville West,187,11130.12,59.51935828877006,8.104866310160427,19.049643493761142,7.36602029656573
Manhattan,SoHo,Manhattan,Upper West Side South,187,7304.98,39.06406417112299,5.362139037433155,25.53903743315508,7.301599927315257
Manhattan,Chinatown,Manhattan,East Village,186,3531.37,18.985860215053762,1.4401075268817205,10.912275985663083,13.712070918475106
Manhattan,Kips Bay,Manhattan,Lincoln Square West,186,5862.28,31.51763440860215,3.492096774193548,23.208243727598568,9.085292109126287
Manhattan,Lenox Hill East,Manhattan,Central Harlem North,186,5820.1,31.290860215053765,4.596827956989247,19.609856630824375,6.9181975831185225
Manhattan,Midtown East,Manhattan,Morningside Heights,186,6655.12,35.78021505376344,4.667365591397849,24.24937275985663,7.77956098212173
Manhattan,Clinton East,Manhattan,Two Bridges/Seward Park,185,6602.79,35.690756756756755,4.92854054054054,25.702612612612615,7.4528047665103
Manhattan,Kips Bay,Manhattan,SoHo,185,4260.09,23.027513513513515,2.361675675675676,14.970990990990991,9.935755329370744
Manhattan,East Chelsea,Brooklyn,Park Slope,185,10091.83,54.55043243243243,7.504162162162162,32.70810810810811,7.344835887606169
Manhattan,Clinton West,Manhattan,Battery Park City,185,5648.99,30.53508108108108,4.180324324324324,17.733963963963962,7.3000302162206925
Queens,LaGuardia Airport,Queens,Kew Gardens Hills,185,7270.42,39.29956756756757,6.349891891891892,15.338018018018017,6.238294878923968
Manhattan,Morningside Heights,Manhattan,Midtown North,185,5556.42,30.034702702702702,3.5537837837837842,20.16171171171171,8.59011877544601
Manhattan,Lenox Hill East,Manhattan,Alphabet City,185,4995.4,27.00216216216216,3.7158378378378374,13.252702702702702,7.363367936890805
Manhattan,East Chelsea,Manhattan,Washington Heights South,185,8509.13,45.99529729729729,8.11864864864865,24.32864864864865,5.677594538723991
Queens,JFK Airport,Bronx,Riverdale/North Riverdale/Fieldston,185,22901.61,123.7924864864865,26.047729729729728,47.488198198198205,4.765491318732005
Manhattan,Lenox Hill West,Manhattan,Financial District North,185,7132.15,38.55216216216216,6.401405405405406,19.60243243243243,6.046786537910034
Manhattan,Hudson Sq,Manhattan,Clinton East,184,4965.34,26.98554347826087,3.0507608695652175,17.58360507246377,8.981005493822677
Manhattan,Lenox Hill East,Manhattan,Little Italy/NoLiTa,184,6453.91,35.075597826086955,5.333858695652173,20.68550724637681,6.623104176244271
Queens,East Elmhurst,Manhattan,Sutton Place/Turtle Bay North,184,11832.6,64.30760869565218,9.488097826086957,23.334329710144925,6.80183676041675
Manhattan,Kips Bay,Manhattan,Clinton West,184,4725.07,25.679728260869563,2.456467391304348,17.964764492753623,10.60189253170686
Manhattan,World Trade Center,Manhattan,Flatiron,183,4611.83,25.201256830601093,2.881475409836065,15.896448087431695,8.927360495101219
Manhattan,Murray Hill,EWR,Newark Airport,183,23453.44,128.1608743169399,18.008360655737707,37.97304189435337,7.140220106149191
Manhattan,Lenox Hill West,Queens,Sunnyside,183,4680.47,25.57633879781421,3.1256830601092895,16.171311475409837,8.360655996362434
Queens,JFK Airport,Manhattan,Inwood,182,16685.579999999998,91.67901098901098,21.99659340659341,41.58058608058608,4.190655225005551
Manhattan,Meatpacking/West Village West,Manhattan,World Trade Center,182,4182.51,22.98082417582418,2.4662087912087913,14.060531135531138,9.442559282528984
Manhattan,Lincoln Square East,Manhattan,Financial District North,182,7854.65,43.15741758241758,6.473461538461539,28.066117216117217,6.741297743871803
Manhattan,Murray Hill,Manhattan,East Harlem North,182,5853.03,32.159505494505495,4.604450549450549,20.3970695970696,7.035592711295092
Manhattan,Alphabet City,Manhattan,Gramercy,181,3005.03,16.602375690607737,1.281767955801105,9.443186003683241,13.64964208402641
Manhattan,Clinton West,Manhattan,Sutton Place/Turtle Bay North,181,4010.83,22.1592817679558,1.861988950276243,14.698342541436464,12.170961173626873
Manhattan,Gramercy,Manhattan,Financial District South,181,4983.1,27.53093922651934,4.050773480662983,13.154788213627993,6.91848875876017
Manhattan,Financial District South,Manhattan,Murray Hill,181,6086.34,33.62618784530387,5.160883977900553,17.689686924493554,6.534627913265691
Manhattan,Financial District South,Manhattan,Midtown Center,181,6953.0,38.41436464088398,5.999337016574586,22.369981583793738,6.426252038183806
Queens,JFK Airport,Bronx,Spuyten Duyvil/Kingsbridge,181,20675.16,114.22740331491713,24.583591160220994,45.65036832412523,4.679247867923255
Manhattan,Union Sq,Unknown,Unknown,180,4443.1,24.68388888888889,2.0493888888888887,13.806851851851851,77.92157144592154
Manhattan,Midtown South,Manhattan,Central Harlem,180,6432.54,35.736333333333334,5.214833333333333,24.52472222222222,6.965504338279844
Manhattan,Lenox Hill West,Queens,Long Island City/Hunters Point,180,4342.08,24.122666666666667,2.735777777777778,13.950092592592593,9.386214530589697
Manhattan,Clinton East,Manhattan,Financial District South,180,6483.22,36.01788888888889,5.366833333333333,23.469444444444445,6.7554002527739705
Manhattan,Clinton West,Manhattan,TriBeCa/Civic Center,180,5271.29,29.284944444444445,3.8373333333333335,18.62287037037037,7.667126718744606
Manhattan,Meatpacking/West Village West,Manhattan,Yorkville West,180,7146.34,39.70188888888889,5.5986666666666665,26.919166666666666,7.147883470522208
Manhattan,Times Sq/Theatre District,Queens,Long Island City/Hunters Point,180,5631.87,31.288166666666665,3.5066111111111113,19.227592592592593,9.110145682040256
Manhattan,Midtown North,Manhattan,Washington Heights South,179,7464.04,41.69854748603352,7.050391061452514,20.366201117318436,5.942647128694578
Manhattan,Gramercy,Manhattan,World Trade Center,179,5156.18,28.8054748603352,3.887709497206704,16.23389199255121,7.81991492256837
Manhattan,Battery Park City,Manhattan,Upper East Side North,179,9112.4,50.9072625698324,8.542569832402235,29.007169459962757,5.991510699952385
Queens,LaGuardia Airport,Queens,Whitestone,179,6823.09,38.11782122905028,6.237150837988827,14.822998137802607,6.154984021658393
Manhattan,Central Harlem,Manhattan,Bloomingdale,179,1905.26,10.64391061452514,0.836927374301676,5.965456238361266,14.484888159991234
Manhattan,East Harlem South,Manhattan,Bloomingdale,179,2701.55,15.09245810055866,1.5904469273743016,9.165735567970206,9.646352483825927
Manhattan,UN/Turtle Bay South,Manhattan,Two Bridges/Seward Park,179,4215.75,23.55167597765363,3.1570391061452514,12.296554934823092,7.508076799997371
Manhattan,Stuy Town/Peter Cooper Village,Manhattan,Kips Bay,178,2396.91,13.465786516853932,0.8270786516853933,5.294756554307116,21.364834026825896
Queens,JFK Airport,Manhattan,Manhattanville,178,16060.9,90.22977528089888,19.1635393258427,42.558052434456926,4.72660836850769
Manhattan,Yorkville East,Manhattan,Morningside Heights,178,4907.63,27.570955056179777,3.365056179775281,18.44260299625468,8.270649525282302
Manhattan,Central Harlem,Manhattan,Lincoln Square East,178,4335.52,24.356853932584272,2.7837640449438203,15.617696629213482,8.828140288198993
Manhattan,Midtown Center,Queens,Sunnyside,178,5736.26,32.2261797752809,3.8946067415730337,21.648127340823972,8.665819972411592
Manhattan,Greenwich Village South,Brooklyn,Williamsburg (North Side),178,5717.68,32.12179775280899,3.749887640449438,20.65205992509363,8.63548429611391
Manhattan,Central Park,Manhattan,Greenwich Village South,177,6041.79,34.13440677966101,4.112598870056497,24.96026365348399,8.539263203890542
Manhattan,Hudson Sq,Manhattan,Upper West Side South,177,6619.95,37.400847457627115,4.969774011299435,24.10433145009416,7.554422135140342
Manhattan,Penn Station/Madison Sq West,Brooklyn,Williamsburg (North Side),176,8482.65,48.196875,6.185568181818183,32.58257575757576,7.94591133221573
Manhattan,Battery Park City,Manhattan,Sutton Place/Turtle Bay North,176,6783.96,38.545227272727274,6.529375000000001,18.100473484848486,5.905570979171136
Queens,East Elmhurst,Unknown,Outside of NYC,176,23535.27,133.723125,21.57846590909091,39.48191287878788,6.275417500288094
Manhattan,East Harlem South,Manhattan,Midtown North,176,4287.24,24.359318181818182,2.570568181818182,16.89592803030303,9.670948809820894
Queens,East Elmhurst,Manhattan,Upper West Side North,176,11560.46,65.6844318181818,9.069602272727273,25.720833333333335,7.250161661641273
Queens,JFK Airport,Brooklyn,South Williamsburg,175,13732.19,78.46965714285714,17.153771428571428,42.99847619047619,4.609703173102805
Manhattan,UN/Turtle Bay South,Manhattan,Clinton West,175,4259.05,24.33742857142857,1.9713142857142858,18.43009523809524,12.69693604990916
Manhattan,East Village,Manhattan,Central Harlem,175,7375.39,42.14508571428571,7.128971428571428,25.76914285714286,5.93293294550847
Manhattan,Lincoln Square West,Manhattan,UN/Turtle Bay South,175,4759.76,27.19862857142857,2.7237714285714287,19.46542857142857,10.086878525510997
Manhattan,East Harlem North,Manhattan,Lenox Hill West,174,3626.52,20.842068965517242,2.4466666666666668,12.483045977011495,8.600421586173315
Manhattan,Midtown East,Manhattan,Central Harlem North,174,6227.58,35.790689655172415,5.375172413793103,24.124616858237548,6.807820875533061
Manhattan,Times Sq/Theatre District,Manhattan,Alphabet City,174,5170.11,29.713275862068965,3.488045977011494,20.284003831417625,8.591358278120392
Manhattan,World Trade Center,Manhattan,Gramercy,174,5270.84,30.292183908045978,3.7911494252873563,18.55852490421456,8.338434023301057
Manhattan,World Trade Center,Manhattan,Hudson Sq,173,3032.78,17.530520231213874,1.3520231213872833,8.748554913294798,13.363048323118779
Manhattan,Midtown North,Manhattan,Financial District South,173,6981.79,40.3571676300578,6.536011560693642,24.71907514450867,6.1931955565094094
Manhattan,Kips Bay,Queens,LaGuardia Airport,173,10510.81,60.756127167630055,9.353699421965318,21.898458574181117,6.514918403392079
Manhattan,Central Park,Manhattan,SoHo,173,6461.87,37.351849710982655,4.803352601156069,28.108092485549133,8.02084227805746
Queens,Long Island City/Hunters Point,Queens,Long Island City/Hunters Point,172,4373.81,25.429127906976746,2.1121511627906977,2.6637596899224807,350.44426639064534
Manhattan,Gramercy,Manhattan,Chinatown,172,3844.13,22.349593023255814,2.2369186046511627,13.98187984496124,10.462282010155008
Manhattan,Times Sq/Theatre District,Manhattan,Seaport,172,6621.0,38.49418604651163,5.413895348837209,26.127228682170543,7.203931009471874
Manhattan,TriBeCa/Civic Center,Manhattan,Yorkville East,172,7834.06,45.54686046511628,7.307558139534884,27.08217054263566,6.297280001315758
Queens,East Elmhurst,Manhattan,Yorkville East,172,10163.95,59.09273255813954,8.050755813953488,18.710852713178294,7.386635358917688
Manhattan,Morningside Heights,Manhattan,Yorkville West,172,4547.29,26.437732558139533,2.9076162790697677,18.231298449612403,9.150163640952082
Queens,JFK Airport,Queens,Douglaston,172,9908.85,57.60959302325582,12.453662790697676,22.23391472868217,4.626864783731049
Manhattan,West Chelsea/Hudson Yards,EWR,Newark Airport,172,20896.579999999998,121.4917441860465,17.054127906976746,31.53837209302326,10.112634222480073
Queens,LaGuardia Airport,Unknown,Unknown,171,11964.26,69.96643274853801,10.201286549707604,29.02173489278752,14.713611912040388
Manhattan,Battery Park City,Manhattan,Seaport,171,3092.96,18.08748538011696,1.4440350877192982,9.17495126705653,14.220832847825754
Manhattan,Bloomingdale,Manhattan,Midtown North,171,4718.31,27.59245614035088,3.1573684210526314,17.985867446393762,8.81679848751256
Manhattan,Upper East Side South,Manhattan,Two Bridges/Seward Park,171,5941.95,34.748245614035085,4.99953216374269,20.772612085769982,7.0374890345761445
Manhattan,SoHo,Manhattan,Lincoln Square East,171,6071.88,35.5080701754386,4.521345029239766,25.376998050682257,7.960827722674195
Manhattan,Lenox Hill West,Manhattan,Little Italy/NoLiTa,171,5930.08,34.67883040935673,4.881929824561404,22.17504873294347,7.234723454228994
Manhattan,Financial District North,Manhattan,Lenox Hill West,171,6399.22,37.42233918128655,6.261228070175439,18.82465886939571,5.981656645212812
Manhattan,Murray Hill,Brooklyn,Brooklyn Heights,170,6969.56,40.99741176470589,6.160764705882353,23.885686274509805,6.676810087405006
Manhattan,Yorkville West,Manhattan,TriBeCa/Civic Center,170,7790.21,45.82476470588235,7.9996470588235296,23.669411764705885,5.797860287871723
Queens,JFK Airport,Bronx,Mott Haven/Port Morris,170,14914.98,87.73517647058823,18.377176470588235,37.18843137254902,4.79860969755163
Manhattan,East Chelsea,Manhattan,Central Harlem North,169,7159.68,42.36497041420119,7.100295857988166,26.866568047337278,6.00821774061754
Manhattan,Financial District North,Queens,LaGuardia Airport,169,12611.24,74.62272189349112,13.110414201183431,31.123767258382646,5.685840668022606
Manhattan,Lower East Side,Brooklyn,East Williamsburg,169,4370.75,25.86242603550296,3.1444970414201183,12.89802761341223,8.34326076183816
Manhattan,Upper East Side North,Manhattan,Financial District North,169,7350.66,43.49502958579882,7.510887573964497,24.04861932938856,11.538269090010564
Manhattan,Upper West Side North,Unknown,Unknown,169,3391.85,20.070118343195265,1.7629585798816567,10.332051282051282,21.513980705043352
Manhattan,Yorkville West,Manhattan,Battery Park City,168,7735.01,46.04172619047619,8.462380952380952,22.767162698412697,5.458671427487777
Manhattan,Greenwich Village North,Manhattan,Chinatown,168,3346.84,19.921666666666667,1.6677976190476191,12.124801587301587,12.447278200806037
Manhattan,UN/Turtle Bay South,Manhattan,Battery Park City,168,6055.98,36.0475,5.926785714285715,17.957738095238096,6.095389531635822
Manhattan,Times Sq/Theatre District,Brooklyn,Brooklyn Heights,168,7757.36,46.1747619047619,7.1156547619047625,28.287103174603175,6.536876118311655
Manhattan,West Village,Manhattan,East Harlem South,168,6560.51,39.05065476190477,5.82327380952381,25.94265873015873,6.748532050589039
Manhattan,Gramercy,Manhattan,Seaport,168,4568.7699999999995,27.195059523809523,3.496547619047619,15.38938492063492,8.157326458683391
Manhattan,Sutton Place/Turtle Bay North,Manhattan,Battery Park City,168,6688.28,39.811190476190475,6.728333333333333,20.289682539682538,5.92515821937629
Manhattan,East Harlem South,Manhattan,Clinton East,167,4722.6,28.279041916167667,3.6794011976047907,20.361776447105786,7.9091395402701465
Manhattan,Lincoln Square West,Queens,JFK Airport,167,15604.72,93.4414371257485,20.431077844311375,55.509381237524956,4.625084494344815
Manhattan,Garment District,Unknown,Unknown,167,4474.85,26.79550898203593,2.279101796407186,14.072055888223552,150.96983472354617
Manhattan,Battery Park City,Manhattan,Clinton West,167,5071.58,30.36874251497006,4.070898203592814,17.65259481037924,7.489352769748761
Manhattan,Battery Park City,Manhattan,Lenox Hill East,167,7375.93,44.167245508982035,7.1998203592814365,22.010479041916167,6.520190042979162
Manhattan,Midtown Center,Brooklyn,Park Slope,167,10037.6,60.10538922155689,9.144730538922156,37.67335329341317,6.60901089277327
Manhattan,Yorkville West,Unknown,Unknown,167,3741.51,22.40425149700599,2.096946107784431,10.702195608782436,106.41531202559605
Manhattan,Financial District North,Manhattan,Financial District South,167,2272.32,13.606706586826348,0.5632934131736527,4.607285429141716,33.154234360221906
Manhattan,Greenwich Village North,Queens,LaGuardia Airport,166,11128.81,67.04102409638554,10.606927710843374,30.40642570281124,6.628288440614683
Manhattan,Financial District North,Manhattan,Clinton East,166,6160.12,37.10915662650602,5.1093975903614455,24.864658634538156,7.342423950859228
Manhattan,Clinton West,Queens,LaGuardia Airport,166,13358.22,80.4712048192771,13.52789156626506,32.6683734939759,6.114028675144956
Manhattan,Financial District North,Manhattan,Lenox Hill East,166,6233.63,37.55198795180723,6.0192771084337355,18.969076305220884,6.249418601699356
Manhattan,Yorkville West,Manhattan,Clinton West,166,4797.26,28.899156626506027,3.5722289156626506,19.135140562248996,8.172159673040754
Manhattan,Upper East Side South,Manhattan,Financial District South,166,6723.07,40.50042168674699,6.735903614457832,21.345883534136544,6.025908379977743
Manhattan,Hamilton Heights,Manhattan,Morningside Heights,166,2169.96,13.072048192771085,1.4618674698795182,8.127008032128513,9.612854419185336
Manhattan,Morningside Heights,Manhattan,Lenox Hill East,166,5606.24,33.772530120481925,4.030722891566265,24.58152610441767,8.39546888903409
Manhattan,Lenox Hill East,Brooklyn,Brooklyn Heights,165,7352.54,44.560848484848485,7.36769696969697,25.71343434343434,6.052233942242993
Queens,South Ozone Park,Queens,JFK Airport,165,13553.36,82.14157575757577,2.700727272727273,5.647070707070707,274.2980120372764
Manhattan,Sutton Place/Turtle Bay North,Manhattan,Alphabet City,165,4198.57,25.445878787878787,2.997030303030303,14.48959595959596,8.718107810304673
Manhattan,Financial District South,Manhattan,Financial District North,165,2237.82,13.562545454545456,0.6905454545454546,4.943636363636364,90.18248123282156
Manhattan,Midtown East,Manhattan,Chinatown,165,5641.88,34.19321212121212,4.593090909090909,22.422929292929293,7.590396555060087
Manhattan,Alphabet City,Manhattan,Lower East Side,165,2523.55,15.294242424242425,0.925030303030303,7.507272727272728,17.761291261889568
Manhattan,Hudson Sq,Manhattan,Upper East Side South,165,5887.54,35.6820606060606,4.231939393939394,26.314040404040405,8.529573381537693
Manhattan,Lincoln Square West,Queens,LaGuardia Airport,165,11929.27,72.29860606060606,11.114969696969696,30.76888888888889,6.601186177999071
Manhattan,Little Italy/NoLiTa,Manhattan,Clinton West,164,4935.45,30.09420731707317,3.8710975609756098,20.090345528455284,7.836056042433926
Queens,JFK Airport,Queens,Rockaway Park,164,11286.5,68.8201219512195,13.607317073170732,27.05599593495935,5.105521823748042
Manhattan,Yorkville West,Manhattan,Financial District North,164,6681.25,40.739329268292686,7.1986585365853655,21.164735772357727,5.731782090248293
Manhattan,Midtown North,Queens,Long Island City/Hunters Point,164,4632.13,28.24469512195122,3.0327439024390244,18.86869918699187,9.496489322906562
Manhattan,Manhattan Valley,Manhattan,Murray Hill,164,6012.71,36.66286585365854,4.4593292682926835,27.44979674796748,8.301286140097616
Queens,JFK Airport,Queens,Fresh Meadows,164,8711.41,53.118353658536584,10.976341463414634,25.548475609756096,4.873540992228449
Manhattan,UN/Turtle Bay South,Manhattan,Alphabet City,164,3612.73,22.028841463414633,2.321707317073171,11.784349593495936,9.693574243148833
Manhattan,Midtown East,Brooklyn,Greenpoint,164,6033.21,36.78786585365854,4.123536585365853,20.146849593495936,9.094009130197389
Manhattan,TriBeCa/Civic Center,Brooklyn,DUMBO/Vinegar Hill,163,3651.7,22.403067484662575,2.0787116564417176,13.88680981595092,16.918129572070804
Manhattan,Lenox Hill West,Manhattan,Meatpacking/West Village West,163,6202.61,38.05282208588957,5.115766871165644,26.053067484662574,7.7376436954062235
Queens,JFK Airport,Brooklyn,Brighton Beach,163,11171.32,68.5357055214724,15.59877300613497,28.85961145194274,4.403691567230455
Manhattan,Hudson Sq,Manhattan,Garment District,163,3736.93,22.9259509202454,2.227361963190184,15.030061349693252,10.350899867615363
Manhattan,Lower East Side,Manhattan,Upper West Side North,163,7149.27,43.86055214723927,6.832576687116565,27.58353783231084,6.488310994055361
Manhattan,Yorkville East,Manhattan,West Village,163,6065.65,37.21257668711656,5.479938650306749,24.739366053169736,6.8434006250018955
Manhattan,Lincoln Square West,Manhattan,Meatpacking/West Village West,163,4389.69,26.930613496932512,3.404723926380368,16.736196319018404,8.214235018901855
Manhattan,Flatiron,Manhattan,East Harlem South,162,5898.11,36.40808641975308,5.05716049382716,24.937654320987654,7.300124229176888
Manhattan,Yorkville West,Manhattan,Washington Heights South,162,6028.19,37.21104938271605,6.140802469135802,21.425925925925927,6.070367011229937
Manhattan,Alphabet City,Manhattan,Greenwich Village South,161,2800.18,17.392422360248446,1.220248447204969,9.374120082815734,14.7830853057899
Manhattan,West Village,Unknown,Unknown,161,3797.35,23.586024844720498,2.441055900621118,13.471014492753625,13.050161837454398
Manhattan,Yorkville West,Manhattan,Lower East Side,161,5607.25,34.827639751552795,5.617453416149068,19.330538302277432,6.23438003558074
Manhattan,Midtown North,Manhattan,Two Bridges/Seward Park,161,5526.57,34.326521739130435,4.7807453416149075,21.77919254658385,7.233955995297825
Manhattan,Upper West Side South,Manhattan,Little Italy/NoLiTa,161,6825.38,42.39366459627329,5.762173913043479,31.32712215320911,7.434594135880716
Manhattan,Clinton East,Manhattan,Manhattanville,160,5449.64,34.06025,5.1969375,17.15791666666667,6.607134069729632
Manhattan,SoHo,Manhattan,Seaport,160,3030.84,18.94275,1.4617499999999999,10.810520833333333,13.964860159527493
Manhattan,Lincoln Square East,EWR,Newark Airport,160,20025.63,125.1601875,18.352625,35.53697916666667,6.892174984105139
Queens,East Elmhurst,Manhattan,Gramercy,160,10700.3,66.876875,9.4900625,24.531354166666667,7.090898458662588
Manhattan,Greenwich Village North,Brooklyn,Brooklyn Heights,159,4783.48,30.084779874213833,3.5630188679245283,19.345492662473795,8.543540308071401
Manhattan,SoHo,Queens,JFK Airport,159,13942.24,87.68704402515723,18.926603773584905,54.40953878406709,4.691695798109705
Manhattan,Upper East Side South,Queens,Sunnyside,159,4336.83,27.27566037735849,3.3469811320754714,18.088364779874215,8.409573037926023
Manhattan,Lenox Hill West,Manhattan,SoHo,159,5836.5,36.70754716981132,5.044088050314465,24.048427672955974,7.418740867494357
Manhattan,East Village,Brooklyn,Greenpoint,159,5577.1,35.07610062893082,4.523333333333333,19.749685534591194,7.799553995438167
Manhattan,Penn Station/Madison Sq West,Manhattan,Washington Heights South,159,7585.35,47.70660377358491,8.10754716981132,26.4395178197065,5.948372909556624
Manhattan,Sutton Place/Turtle Bay North,Queens,Astoria,159,4522.11,28.440943396226412,3.6283647798742136,18.66509433962264,7.9352108049363554
Manhattan,Murray Hill,Manhattan,Central Harlem,158,5748.47,36.382721518987346,5.077088607594936,24.106012658227847,7.260917955724172
Manhattan,Hudson Sq,Manhattan,Midtown North,158,4950.09,31.329683544303798,3.485379746835443,23.744303797468355,9.169208606069969
Manhattan,Little Italy/NoLiTa,Manhattan,Financial District South,158,3171.18,20.070759493670884,1.9515822784810128,12.024683544303798,10.912518525973866
Manhattan,Little Italy/NoLiTa,Manhattan,Yorkville East,158,6088.2,38.53291139240506,5.6304430379746835,24.49229957805907,6.918672321161921
Manhattan,Times Sq/Theatre District,Queens,Sunnyside,158,5198.77,32.90360759493671,4.35367088607595,22.102742616033755,8.148769786473535
Manhattan,East Chelsea,Brooklyn,Brooklyn Heights,158,6518.75,41.25791139240506,5.633101265822785,27.356223628691986,7.440354071180362
Manhattan,Yorkville West,Manhattan,Greenwich Village South,158,5822.61,36.85196202531645,5.425886075949367,23.724578059071728,6.868539459091195
Manhattan,West Chelsea/Hudson Yards,Manhattan,Central Harlem,158,6072.42,38.43303797468354,5.724810126582279,22.494831223628694,6.7673404243084345
Manhattan,Kips Bay,Manhattan,Meatpacking/West Village West,157,3878.24,24.70216560509554,2.434203821656051,16.94171974522293,10.467017409165818
Manhattan,Gramercy,Unknown,Unknown,157,3530.23,22.485541401273885,2.1682165605095545,11.959978768577495,19.716392969670814
Manhattan,Upper East Side South,Manhattan,Washington Heights South,157,6560.78,41.7884076433121,6.784522292993631,24.27813163481953,6.1980845760111345
Queens,JFK Airport,Brooklyn,Bensonhurst West,157,12754.27,81.23738853503185,18.930573248407644,35.79193205944798,4.295321971526782
Manhattan,Penn Station/Madison Sq West,Manhattan,Hamilton Heights,157,7100.68,45.227261146496815,7.312229299363057,27.55063694267516,6.23227785740877
Queens,JFK Airport,Brooklyn,Coney Island,157,11631.84,74.08815286624204,16.579617834394906,30.580467091295116,4.460717050284837
Queens,JFK Airport,Queens,Oakland Gardens,156,9021.9,57.832692307692305,12.564487179487179,23.176816239316242,4.607634015698805
Manhattan,Little Italy/NoLiTa,Manhattan,Stuy Town/Peter Cooper Village,156,3058.22,19.60397435897436,1.7407692307692308,11.111858974358976,11.446898628010786
Manhattan,Clinton West,Manhattan,Lenox Hill East,156,4172.16,26.744615384615383,2.856730769230769,19.319658119658122,9.507473163281988
Manhattan,Yorkville West,Queens,Astoria,156,5043.1,32.327564102564104,4.579679487179487,19.665598290598293,7.085815219751905
Manhattan,Midtown Center,Unknown,Outside of NYC,156,18280.09,117.1800641025641,15.815576923076923,39.629594017094014,11.914459893358083
Manhattan,Midtown South,Manhattan,Chinatown,156,4357.42,27.93217948717949,3.3976923076923073,18.719337606837605,8.498560762851382
Manhattan,Greenwich Village North,Manhattan,Central Park,156,5128.52,32.875128205128206,3.7481410256410257,24.16292735042735,9.084094249765107
Manhattan,Financial District South,Manhattan,Lower East Side,156,3398.34,21.78423076923077,2.282371794871795,11.968910256410258,10.41606140210354
Manhattan,Penn Station/Madison Sq West,Brooklyn,Brooklyn Heights,156,6692.24,42.89897435897436,6.133461538461539,28.13514957264957,7.12393986205989
Manhattan,East Harlem North,Manhattan,Upper West Side North,156,3663.11,23.48147435897436,2.5292948717948716,14.64423076923077,9.303410811750044
Queens,LaGuardia Airport,Brooklyn,Cobble Hill,155,10300.83,66.45696774193549,11.40548387096774,29.97784946236559,5.833722670798699
Manhattan,Lincoln Square West,Manhattan,Battery Park City,155,5226.06,33.71651612903226,4.997999999999999,20.681075268817203,6.819641076879699
Queens,East Elmhurst,Queens,JFK Airport,155,10193.82,65.76658064516128,12.358903225806452,30.065161290322582,5.347484582873236
Manhattan,Gramercy,Manhattan,East Harlem North,154,5169.16,33.56597402597402,5.517272727272727,19.9,6.1556311661683125
Manhattan,Upper West Side South,Manhattan,SoHo,154,6095.49,39.5811038961039,5.376688311688311,28.68225108225108,7.403228560454986
Manhattan,Union Sq,Manhattan,Chinatown,154,3814.0099999999998,24.766298701298698,2.6077272727272724,16.355735930735932,10.370258668981224
Manhattan,Sutton Place/Turtle Bay North,Manhattan,Little Italy/NoLiTa,154,4480.11,29.091623376623374,3.5281168831168834,20.047727272727272,8.400443325823678
Queens,East Elmhurst,Manhattan,Lincoln Square East,154,11289.68,73.3096103896104,10.302272727272728,31.81168831168831,7.126079349702403
Queens,JFK Airport,Queens,Hammels/Arverne,154,9133.22,59.30662337662337,11.14642857142857,27.44556277056277,5.337434696873197
Manhattan,Murray Hill,Queens,Astoria,154,5171.49,33.5811038961039,4.393701298701298,22.836147186147187,7.734369073847374
Queens,JFK Airport,Brooklyn,East New York/Pennsylvania Avenue,153,6507.74,42.534248366013074,8.65607843137255,22.737472766884533,4.9472284084476925
Manhattan,Chinatown,Manhattan,Lower East Side,153,2303.79,15.057450980392156,0.8356862745098039,7.856209150326797,20.82320192342905
Manhattan,Washington Heights South,Manhattan,Washington Heights South,153,2355.2799999999997,15.393986928104573,0.9722875816993464,6.630283224400872,130.70695161265388
Manhattan,Clinton East,Manhattan,Stuy Town/Peter Cooper Village,153,4193.54,27.40875816993464,3.0,18.75838779956427,9.771400096382203
Queens,East Elmhurst,Manhattan,East Village,153,10044.41,65.6497385620915,9.924183006535948,25.01677559912854,6.634630723060759
Queens,LaGuardia Airport,Queens,Middle Village,153,6417.46,41.94418300653595,6.538104575163399,18.86644880174292,6.45990664038349
Manhattan,Midtown South,Unknown,Unknown,153,4147.35,27.10686274509804,2.2166013071895425,12.193572984749455,153.00594791995823
Manhattan,Seaport,Manhattan,Two Bridges/Seward Park,153,2543.58,16.62470588235294,1.5051633986928104,8.364596949891068,12.079924557190402
Manhattan,Little Italy/NoLiTa,Brooklyn,Williamsburg (South Side),153,3841.6,25.108496732026143,2.6069281045751636,14.54074074074074,9.785887343261896
Manhattan,Upper West Side North,Manhattan,Meatpacking/West Village West,153,5571.3099999999995,36.4137908496732,5.167124183006536,22.676470588235293,7.130244224629808
Manhattan,Yorkville West,Manhattan,Stuy Town/Peter Cooper Village,153,4395.3,28.72745098039216,4.0389542483660135,15.07962962962963,7.15509060635576
Manhattan,East Village,Manhattan,Manhattan Valley,152,6321.26,41.58723684210526,6.478815789473684,26.661732456140353,6.424536083827037
Manhattan,UN/Turtle Bay South,Manhattan,SoHo,152,4076.07,26.81625,3.0250657894736843,18.243311403508773,8.982210861075547
Manhattan,Midtown North,Manhattan,Stuy Town/Peter Cooper Village,152,4125.96,27.144473684210528,3.005328947368421,17.817324561403506,9.127518484818287
Manhattan,Sutton Place/Turtle Bay North,Manhattan,SoHo,152,4498.96,29.59842105263158,3.6397368421052634,20.247587719298245,8.272622695675159
Manhattan,Washington Heights South,Manhattan,Hamilton Heights,152,1953.4,12.851315789473684,1.0945394736842105,7.265789473684211,15.579796484447094
Manhattan,Lower East Side,Manhattan,Lincoln Square West,152,5769.9,37.959868421052626,5.392894736842106,26.219298245614038,7.0737019758224
Manhattan,Battery Park City,Manhattan,Two Bridges/Seward Park,152,3778.84,24.86078947368421,3.094013157894737,14.055372807017543,8.381962463368234
Queens,JFK Airport,Brooklyn,Ocean Parkway South,152,11979.63,78.81335526315789,17.43842105263158,36.38695175438596,4.5238280347211095
Manhattan,Greenwich Village South,Brooklyn,Park Slope,152,5814.86,38.25565789473684,5.136578947368421,24.104385964912282,7.598204813371476
Manhattan,Central Park,Manhattan,Central Harlem North,152,3628.23,23.869934210526317,3.0304605263157893,15.763925438596493,8.226733505221667
Manhattan,Lenox Hill East,Manhattan,Washington Heights South,152,6554.99,43.12493421052631,7.163355263157894,25.63717105263158,6.06033899605192
Manhattan,Clinton East,Queens,Sunnyside,152,4991.81,32.8408552631579,4.435921052631579,21.632127192982455,7.64648862236479
Manhattan,Lincoln Square East,Manhattan,Stuy Town/Peter Cooper Village,152,4743.78,31.20907894736842,3.873552631578947,21.254934210526315,8.103430933526147
Manhattan,Lincoln Square East,Queens,Astoria,151,5518.12,36.54384105960265,4.572317880794702,25.79713024282561,8.047680453408969
Manhattan,Central Park,Manhattan,Kips Bay,151,4458.47,29.526291390728478,3.482781456953642,19.570640176600442,8.847336515627799
Queens,JFK Airport,Bronx,East Concourse/Concourse Village,151,13843.47,91.67860927152317,19.800794701986757,41.295253863134654,4.638276093135007
Manhattan,East Chelsea,Manhattan,Bloomingdale,151,5056.8,33.4887417218543,4.641456953642384,20.224061810154527,7.261407501658057
Manhattan,Battery Park City,Manhattan,Lincoln Square West,151,5355.72,35.468344370860926,4.908543046357616,21.480794701986753,7.23707298578734
Manhattan,Financial District South,Manhattan,World Trade Center,151,2255.97,14.940198675496687,0.8807947019867549,6.584657836644592,20.485703461660385
Manhattan,West Chelsea/Hudson Yards,Manhattan,Morningside Heights,151,5090.5,33.711920529801326,5.019006622516557,18.830684326710816,6.84778961898284
Manhattan,Financial District North,Manhattan,Meatpacking/West Village West,151,3821.91,25.31066225165563,2.725165562913907,15.00011037527594,9.547061998545148
Manhattan,Murray Hill,Brooklyn,Greenpoint,151,5536.08,36.662781456953645,3.9917218543046356,17.315562913907286,9.603423099285118
Manhattan,Lower East Side,Manhattan,Clinton West,150,4856.63,32.37753333333333,4.323266666666667,22.56511111111111,7.528355737249703
Manhattan,Financial District South,Manhattan,Midtown South,150,5162.19,34.4146,5.114533333333333,21.73922222222222,6.801895211647803
Manhattan,Yorkville East,Manhattan,Battery Park City,150,6313.8,42.092,7.8454,19.682000000000002,5.374296179873462
Manhattan,SoHo,Manhattan,Yorkville West,150,5833.81,38.89206666666667,5.6698,25.63688888888889,6.950397234092514
Manhattan,Lenox Hill East,Queens,Astoria,150,4799.87,31.999133333333333,3.9626666666666663,22.47588888888889,8.19247309843354
Manhattan,Morningside Heights,Manhattan,Midtown Center,150,5109.87,34.065799999999996,4.3766,24.825888888888887,7.897176081206232
Manhattan,Penn Station/Madison Sq West,Manhattan,Bloomingdale,149,5311.58,35.64818791946308,4.724697986577182,23.038702460850114,7.684231362204324
Manhattan,West Chelsea/Hudson Yards,Manhattan,East Harlem South,149,5246.9,35.21409395973154,5.151073825503356,22.58870246085011,6.922843458960813
Manhattan,Sutton Place/Turtle Bay North,Manhattan,Two Bridges/Seward Park,149,4327.54,29.043892617449664,4.011543624161074,16.419910514541385,7.334680860027997
Queens,JFK Airport,Brooklyn,Erasmus,149,10079.53,67.6478523489933,13.816442953020134,36.43646532438479,4.922083854500478
Manhattan,Financial District South,Manhattan,West Chelsea/Hudson Yards,149,4791.03,32.15456375838926,4.15228187919463,19.6841163310962,7.868246917368647
Manhattan,Greenwich Village North,Queens,JFK Airport,149,13619.75,91.40771812080537,17.696778523489932,50.25659955257271,5.29716626352628
Queens,East Elmhurst,Queens,LaGuardia Airport,148,4392.2,29.677027027027027,1.4054054054054055,4.335923423423424,285.9005010632881
Manhattan,Union Sq,Manhattan,Central Harlem,148,6046.92,40.85756756756757,5.830878378378379,28.277252252252254,7.172447224919855
Manhattan,Hudson Sq,Manhattan,Upper East Side North,148,6245.91,42.20209459459459,5.588378378378379,29.863851351351354,7.649278500552597
Manhattan,Financial District North,Manhattan,Greenwich Village North,148,3821.84,25.823243243243244,2.650202702702703,16.920495495495494,10.34657023768594
Manhattan,Clinton West,Manhattan,Manhattan Valley,148,3385.32,22.873783783783786,2.928918918918919,11.490427927927927,7.927606878142709
Manhattan,TriBeCa/Civic Center,Brooklyn,Park Slope,148,5265.78,35.579594594594596,4.422364864864865,22.13704954954955,8.165268015781903
Manhattan,Garment District,Manhattan,Central Harlem North,148,5945.69,40.17358108108108,6.419527027027027,26.72668918918919,6.352221280622484
Manhattan,Clinton East,Manhattan,Alphabet City,148,4640.46,31.35445945945946,3.8854054054054052,22.679391891891893,8.196409804673417
Manhattan,Manhattan Valley,Manhattan,Sutton Place/Turtle Bay North,147,4713.17,32.062380952380956,3.847006802721088,22.975056689342406,8.387980555499134
Manhattan,East Village,Manhattan,East Harlem North,147,5455.46,37.11197278911565,6.23952380952381,20.696031746031746,6.005951372098538
Manhattan,Greenwich Village South,Manhattan,Financial District South,147,3363.2599999999998,22.879319727891154,2.5097278911564627,13.69591836734694,9.429411438108476
Manhattan,East Village,Manhattan,Morningside Heights,147,6713.86,45.67251700680272,7.591632653061224,29.391950113378687,6.046875125447825
Manhattan,Financial District South,Manhattan,Penn Station/Madison Sq West,147,4952.55,33.690816326530616,4.562517006802722,23.137074829931972,7.501886088858787
Manhattan,Lincoln Square East,Queens,Long Island City/Hunters Point,147,4681.5,31.846938775510203,3.7797278911564627,21.107709750566894,8.515115579778515
Manhattan,East Village,Unknown,Unknown,147,3608.93,24.550544217687072,2.25421768707483,11.834240362811792,34.50120808603032
Manhattan,East Harlem South,Manhattan,Murray Hill,147,4445.94,30.244489795918366,3.5978231292517004,22.1062358276644,8.550443003095
Manhattan,Lenox Hill West,Manhattan,Battery Park City,147,6432.04,43.755374149659865,7.5317687074829935,20.92392290249433,5.821086985929837
Manhattan,Penn Station/Madison Sq West,Brooklyn,Boerum Hill,147,6803.28,46.28081632653061,6.530136054421768,31.189909297052157,7.147134992861538
Queens,LaGuardia Airport,Brooklyn,Crown Heights South,147,10078.27,68.55965986394558,11.978775510204082,38.34444444444444,5.76645596865084
Manhattan,Stuy Town/Peter Cooper Village,Manhattan,East Village,147,2255.7400000000002,15.345170068027212,1.029591836734694,6.612925170068027,18.610289528948147
Queens,LaGuardia Airport,Manhattan,Inwood,146,9989.15,68.41883561643836,11.004931506849315,23.926712328767124,6.258981694197839
Manhattan,Sutton Place/Turtle Bay North,Queens,Long Island City/Hunters Point,146,3390.52,23.2227397260274,2.37013698630137,13.385045662100456,11.226740839195623
Queens,LaGuardia Airport,Bronx,Spuyten Duyvil/Kingsbridge,146,11292.95,77.34897260273974,12.660616438356165,27.725456621004565,6.130405351765802
Queens,JFK Airport,Queens,Murray Hill-Queens,146,8589.67,58.83335616438356,12.546369863013698,26.9337899543379,4.699664992402609
Manhattan,East Chelsea,Manhattan,East Harlem North,145,5871.76,40.49489655172414,6.393103448275862,27.500344827586208,6.483604933007917
Manhattan,Penn Station/Madison Sq West,Brooklyn,Williamsburg (South Side),145,6566.56,45.28662068965517,5.828896551724138,30.70471264367816,9.69213124955351
Queens,LaGuardia Airport,Bronx,Mott Haven/Port Morris,145,6967.84,48.054068965517246,6.66151724137931,15.751724137931035,7.277595535027517
Manhattan,Yorkville East,Manhattan,Flatiron,145,4880.26,33.65696551724138,4.550206896551724,21.86862068965517,7.415319422780015
Manhattan,Battery Park City,Manhattan,Chinatown,145,3040.33,20.967793103448276,1.9624137931034484,12.39528735632184,11.386517307105144
Manhattan,Midtown East,Manhattan,Bloomingdale,145,4740.73,32.69468965517241,4.092344827586206,21.524367816091953,8.013617086950644
Manhattan,Lincoln Square West,Manhattan,Central Harlem North,145,4401.91,30.358,4.374482758620689,19.166666666666664,7.048552489456228
Manhattan,Lincoln Square East,Manhattan,Two Bridges/Seward Park,145,5590.87,38.55772413793103,5.734965517241379,24.479885057471265,6.760396470308515
Manhattan,Chinatown,Manhattan,TriBeCa/Civic Center,145,2397.17,16.532206896551724,0.7911724137931034,6.8164367816091955,27.028212736462837
Manhattan,Central Park,Unknown,Unknown,145,3332.1,22.98,2.0924137931034483,12.77103448275862,106.42451464448281
Queens,LaGuardia Airport,Queens,Murray Hill-Queens,144,5344.33,37.11340277777778,5.442708333333333,16.775578703703705,6.9260536714521885
Manhattan,SoHo,Manhattan,Chinatown,144,2516.5,17.475694444444443,1.1090972222222222,9.720254629629629,17.52224875259604
Manhattan,East Village,Queens,Astoria,144,5890.6,40.90694444444445,6.409791666666667,25.809490740740742,6.55062017337415
Manhattan,Lincoln Square East,Manhattan,Hudson Sq,144,4759.12,33.04944444444445,4.160486111111111,22.906828703703706,8.07398133707079
Manhattan,Lower East Side,Manhattan,Financial District South,144,3100.98,21.534583333333334,2.5396527777777775,10.984143518518518,9.07880364596759
Manhattan,Upper West Side South,Manhattan,Lower East Side,144,6369.86,44.23513888888888,6.5157638888888885,29.93819444444445,6.850697452517745
Manhattan,Hudson Sq,Manhattan,World Trade Center,143,2828.17,19.777412587412588,1.7215384615384617,11.32004662004662,11.802995190832366
Manhattan,Morningside Heights,Manhattan,East Chelsea,143,5479.92,38.321118881118885,5.503846153846154,21.54358974358974,7.010436097582915
Manhattan,Midtown East,Brooklyn,Williamsburg (North Side),143,6355.16,44.44167832167832,5.830349650349651,25.8490675990676,7.77148673833152
Manhattan,UN/Turtle Bay South,Manhattan,Financial District South,143,4497.0199999999995,31.447692307692304,5.102937062937063,15.06946386946387,6.159431799603543
Manhattan,Central Harlem,Manhattan,Manhattanville,143,1764.8799999999999,12.341818181818182,1.1234265734265734,8.35920745920746,12.03732946386162
Manhattan,Lenox Hill West,Manhattan,Two Bridges/Seward Park,143,4430.55,30.982867132867135,4.7736363636363635,16.34125874125874,6.525588629764765
Manhattan,Little Italy/NoLiTa,Brooklyn,Williamsburg (North Side),142,4175.58,29.40549295774648,3.282042253521127,18.15281690140845,9.074701909418042
Manhattan,Murray Hill,Manhattan,Chinatown,142,4174.42,29.397323943661974,3.784225352112676,18.294014084507044,8.114615240254285
Manhattan,Greenwich Village North,Manhattan,Seaport,142,3276.32,23.07267605633803,2.1835915492957745,15.12288732394366,10.864924442367007
Manhattan,Lincoln Square West,Manhattan,Kips Bay,142,4626.33,32.57978873239436,3.702676056338028,24.640845070422536,8.829125851057427
Manhattan,West Chelsea/Hudson Yards,Manhattan,Two Bridges/Seward Park,142,4881.98,34.38014084507042,4.491619718309859,24.103169014084507,7.906204148762304
Manhattan,Midtown South,Manhattan,Seaport,142,4452.2,31.353521126760562,4.331267605633802,18.997535211267607,7.397218901855038
Manhattan,Lincoln Square West,Manhattan,East Harlem North,142,4357.42,30.68605633802817,4.137183098591549,19.698943661971832,7.513257683709646
Manhattan,East Village,Brooklyn,Clinton Hill,142,4904.35,34.53767605633803,4.366056338028169,21.919483568075115,8.008391472093399
Manhattan,Central Park,Manhattan,Lower East Side,142,5551.07,39.09204225352112,5.668591549295775,25.765962441314556,7.068024347952727
Manhattan,Union Sq,Manhattan,Central Harlem North,141,6129.56,43.47205673758866,7.187659574468086,28.335815602836878,6.127596623665121
Manhattan,Times Sq/Theatre District,Queens,Steinway,141,6364.0199999999995,45.13489361702128,6.280921985815603,30.010047281323878,7.357075529773651
Manhattan,Midtown East,Brooklyn,Park Slope,141,7971.32,56.534184397163116,8.835035460992907,33.91252955082742,6.436822143118913
Manhattan,Gramercy,Manhattan,Manhattan Valley,141,5508.05,39.064184397163125,5.543617021276596,26.306264775413712,7.07206345494686
Manhattan,Upper East Side North,Manhattan,Hudson Sq,141,6242.57,44.273546099290776,6.443971631205674,30.593971631205672,7.0820170938544935
Manhattan,Morningside Heights,Manhattan,Lenox Hill West,141,4480.01,31.773120567375887,3.7118439716312057,22.519385342789597,8.622115525987747
Manhattan,Midtown Center,Brooklyn,Williamsburg (South Side),141,6226.11,44.15680851063829,6.279645390070922,29.681796690307326,7.092239697828533
Manhattan,East Chelsea,Brooklyn,Williamsburg (North Side),140,6546.69,46.762071428571424,5.9758571428571425,32.2,8.108129994382082
Manhattan,Upper East Side North,Manhattan,Financial District South,140,6240.52,44.57514285714286,7.7524999999999995,22.76404761904762,5.772567663159035
Manhattan,East Harlem North,Manhattan,Yorkville East,140,2665.41,19.038642857142857,2.0224285714285712,10.9175,9.776729188084762
Manhattan,UN/Turtle Bay South,EWR,Newark Airport,140,18384.26,131.31614285714284,18.742714285714285,42.79202380952381,7.031786735531524
Manhattan,Greenwich Village South,Manhattan,Manhattan Valley,140,5928.78,42.34842857142857,6.244785714285714,26.576071428571428,6.788986882638637
Manhattan,SoHo,Manhattan,Upper West Side North,140,5872.47,41.94621428571429,6.097071428571429,26.592380952380953,6.900614561860079
Manhattan,Morningside Heights,Manhattan,Times Sq/Theatre District,139,4534.01,32.618776978417266,4.109208633093525,22.282374100719423,8.167346605760684
Manhattan,Greenwich Village South,Manhattan,Central Park,139,4732.82,34.04906474820144,4.091870503597122,23.71666666666667,8.544509614940058
Manhattan,Kips Bay,Manhattan,Financial District South,139,3845.25,27.663669064748202,4.44863309352518,11.402997601918464,6.22077011088599
Manhattan,Midtown East,Manhattan,Washington Heights South,139,6621.17,47.63431654676259,7.978129496402878,27.652038369304556,5.992298052841229
Manhattan,Financial District North,Manhattan,Flatiron,139,3979.46,28.629208633093526,3.433453237410072,18.341486810551558,8.556631505512017
Manhattan,Clinton West,Manhattan,Yorkville West,139,4036.0,29.035971223021583,3.5705755395683454,18.291966426858515,8.212944473306926
Manhattan,Central Harlem,Manhattan,Central Park,138,2219.74,16.085072463768114,1.547608695652174,9.70048309178744,12.395312456928599
Manhattan,East Chelsea,Brooklyn,Greenpoint,138,6567.88,47.593333333333334,5.4797101449275365,29.410024154589372,8.944209036652596
Queens,East Elmhurst,Manhattan,Penn Station/Madison Sq West,138,9751.76,70.66492753623189,9.799927536231884,30.017995169082127,7.2893178468494355
Queens,LaGuardia Airport,Manhattan,Chinatown,138,9686.77,70.19398550724638,11.451666666666666,29.39830917874396,6.153017718310362
Queens,LaGuardia Airport,Bronx,Riverdale/North Riverdale/Fieldston,138,11619.75,84.20108695652173,14.653768115942029,28.4737922705314,5.767184212628169
Manhattan,Battery Park City,Manhattan,Upper West Side South,137,5532.91,40.386204379562045,5.934744525547445,24.659367396593677,6.824596230209702
Manhattan,East Chelsea,Manhattan,Hamilton Heights,137,5904.33,43.097299270072995,7.086861313868613,26.19817518248175,6.169918352177044
Queens,East Elmhurst,Manhattan,Flatiron,136,9894.45,72.75330882352942,10.258970588235295,30.225857843137252,7.154682589222759
Manhattan,Upper East Side South,Brooklyn,Brooklyn Heights,136,6822.06,50.16220588235294,7.8325000000000005,29.621323529411764,6.42418496132967
Manhattan,Financial District North,Manhattan,Seaport,136,1926.41,14.164779411764707,0.6136764705882353,5.326225490196078,111.29725076795847
Manhattan,Lenox Hill West,Manhattan,Central Harlem North,136,4031.83,29.64580882352941,4.187279411764706,19.104289215686276,9.178289007076051
Manhattan,Sutton Place/Turtle Bay North,Manhattan,Meatpacking/West Village West,136,4477.28,32.921176470588236,3.956985294117647,24.560171568627453,8.594369980470319
Manhattan,Financial District North,Manhattan,Yorkville West,136,5725.31,42.09786764705883,7.432867647058823,20.608333333333334,5.672315885304776
Queens,Sunnyside,Queens,JFK Airport,136,12239.16,89.99382352941177,13.257279411764706,32.75857843137255,6.879989614138985
Manhattan,Manhattan Valley,Queens,JFK Airport,136,12548.619999999999,92.26926470588235,19.715294117647062,48.046936274509804,4.710768474795848
Manhattan,Clinton West,Manhattan,East Harlem South,135,3958.55,29.322592592592596,4.127481481481482,18.668518518518518,7.3323515268222
Manhattan,Midtown South,Manhattan,Central Harlem North,135,5284.12,39.14162962962963,6.408666666666666,24.87753086419753,6.210290145921402
Manhattan,World Trade Center,Manhattan,UN/Turtle Bay South,135,4635.26,34.33525925925926,5.174962962962963,18.509753086419753,6.705951342478652
Manhattan,East Village,Brooklyn,Boerum Hill,135,4364.74,32.331407407407404,4.095777777777777,18.938148148148148,8.084422334717486
Manhattan,East Harlem South,Manhattan,Times Sq/Theatre District,135,3964.06,29.363407407407408,3.345037037037037,21.586172839506172,8.942276848332465
Queens,JFK Airport,Brooklyn,Starrett City,135,5196.53,38.492814814814814,8.077481481481481,16.65987654320988,4.776322277426767
Manhattan,Central Harlem,Manhattan,Hamilton Heights,135,2139.89,15.851037037037036,1.825925925925926,11.692592592592593,9.15301402508522
Queens,JFK Airport,Brooklyn,Manhattan Beach,135,8547.47,63.31459259259259,13.929407407407407,25.81320987654321,7.307553499529763
Queens,JFK Airport,Brooklyn,Sunset Park East,135,14151.16,104.8234074074074,24.01288888888889,42.824814814814815,4.385436436576902
Manhattan,Lenox Hill East,Manhattan,SoHo,135,5082.2699999999995,37.64644444444444,5.352074074074074,22.80061728395062,7.075917825476811
Manhattan,Manhattanville,Manhattan,East Harlem North,134,2235.1,16.679850746268656,1.8102238805970148,13.356467661691543,11.719717409576825
Manhattan,Times Sq/Theatre District,Brooklyn,Greenpoint,134,5562.1,41.508208955223886,5.016716417910448,24.99950248756219,8.457320035580901
Unknown,Unknown,Manhattan,Upper East Side South,134,2907.37,21.69679104477612,2.0605223880597014,12.012935323383084,15.388820977928027
Manhattan,Stuy Town/Peter Cooper Village,Manhattan,Union Sq,134,2185.13,16.306940298507463,1.0893283582089552,9.278358208955224,15.808022163788669
Queens,LaGuardia Airport,Queens,Corona,134,4235.12,31.605373134328357,4.487164179104478,13.553233830845771,7.1497831259169455
Manhattan,Upper West Side North,Manhattan,Battery Park City,134,5526.34,41.24134328358209,6.70679104477612,25.50820895522388,6.23320674836724
Manhattan,Hudson Sq,Manhattan,Hudson Sq,134,3047.75,22.744402985074625,0.9764179104477613,6.418781094527363,289.90172970645455
Queens,JFK Airport,Queens,North Corona,134,6830.34,50.97268656716418,10.844104477611939,26.346144278606964,4.705193460914921
Manhattan,East Harlem South,Manhattan,Penn Station/Madison Sq West,133,4507.04,33.88751879699248,4.346165413533834,24.99448621553885,7.904976743022069
Manhattan,Kips Bay,Manhattan,Central Park,133,3902.09,29.33902255639098,3.3722556390977445,19.95501253132832,8.98833473218291
Manhattan,Chinatown,Manhattan,Financial District North,133,2144.21,16.12187969924812,0.9233834586466165,7.438095238095238,18.299644552550923
Manhattan,UN/Turtle Bay South,Manhattan,Meatpacking/West Village West,133,3696.09,27.790150375939852,2.9446616541353383,20.22794486215539,9.457925766243093
Manhattan,Union Sq,Manhattan,East Harlem North,133,4711.71,35.42639097744361,5.613834586466165,22.522807017543858,6.382950045225555
Manhattan,Manhattan Valley,Manhattan,Penn Station/Madison Sq West,133,4577.54,34.41759398496241,4.496315789473684,22.387092731829576,7.78142086203009
Manhattan,Financial District North,Manhattan,Alphabet City,133,3124.57,23.493007518796993,2.926165413533835,11.14624060150376,8.08967418276525
Manhattan,SoHo,Manhattan,Lenox Hill East,133,4868.8,36.60751879699248,4.95203007518797,24.030075187969924,7.472961732843824
Manhattan,Upper East Side North,Manhattan,Hamilton Heights,132,4069.85,30.83219696969697,4.18310606060606,20.088762626262625,7.406210122880039
Manhattan,Hudson Sq,Manhattan,Kips Bay,132,3148.72,23.853939393939392,2.490681818181818,15.262247474747474,9.621758881636042
Manhattan,East Village,Manhattan,Central Harlem North,132,6040.5,45.76136363636363,8.189772727272727,25.296212121212122,5.612934535632188
Queens,LaGuardia Airport,Manhattan,Manhattanville,132,7954.66,60.26257575757575,8.224242424242423,24.395075757575757,7.395853134689716
Manhattan,East Harlem South,Manhattan,East Chelsea,132,4492.77,34.036136363636366,4.828030303030303,24.371717171717172,7.136940273405274
Manhattan,Garment District,Manhattan,East Harlem North,132,4755.25,36.02462121212121,5.194621212121212,24.758207070707073,6.988721958610132
Manhattan,East Harlem North,Manhattan,Lenox Hill East,132,3194.58,24.201363636363634,2.9693939393939393,16.82651515151515,8.321618239759786
Queens,LaGuardia Airport,Queens,Rego Park,132,4985.77,37.77098484848485,5.510909090909092,17.83068181818182,6.87840698712769
Manhattan,Midtown East,Brooklyn,DUMBO/Vinegar Hill,132,5411.58,40.996818181818185,6.351136363636364,23.973358585858584,6.4882620161339775
Queens,LaGuardia Airport,Queens,College Point,132,4846.67,36.71719696969697,5.374469696969697,16.434343434343436,6.907917268955188
Manhattan,Clinton West,Manhattan,East Village,131,3881.64,29.630839694656487,3.628702290076336,21.49083969465649,8.24973498355388
Manhattan,TriBeCa/Civic Center,Manhattan,Stuy Town/Peter Cooper Village,131,3523.57,26.897480916030535,3.1526717557251906,15.975063613231555,8.999870562165398
Manhattan,World Trade Center,Manhattan,Seaport,131,2107.42,16.087175572519083,1.0544274809160306,8.478753180661577,22.504662469202454
Manhattan,East Village,Brooklyn,East Williamsburg,131,4086.42,31.19404580152672,3.921679389312977,18.234223918575065,8.038478092394579
Queens,JFK Airport,Queens,Bay Terrace/Fort Totten,131,9282.29,70.8571755725191,15.475114503816794,28.477608142493636,4.582103803197487
Manhattan,Financial District South,Manhattan,Clinton East,131,4947.28,37.7654961832061,5.35381679389313,25.478371501272264,7.152186593500115
Manhattan,Stuy Town/Peter Cooper Village,Manhattan,Midtown East,131,2573.44,19.644580152671757,1.9101526717557251,11.446055979643766,10.431239082069148
Queens,East Elmhurst,Manhattan,Lenox Hill East,131,8233.35,62.85,8.889312977099237,23.001653944020358,7.094554389183884
Manhattan,Two Bridges/Seward Park,Manhattan,Two Bridges/Seward Park,130,2665.71,20.50546153846154,0.7737692307692308,5.103589743589744,128.8710931231389
Manhattan,Little Italy/NoLiTa,Manhattan,Upper West Side North,130,5575.72,42.89015384615385,6.393153846153846,28.152051282051282,6.7463204603479445
Manhattan,Yorkville East,Unknown,Unknown,130,2874.21,22.10930769230769,1.9921538461538464,10.541410256410257,81.54810926125576
Manhattan,Lower East Side,Queens,LaGuardia Airport,130,8104.5,62.34230769230769,10.89546153846154,24.600897435897437,5.69847755762984
Queens,JFK Airport,Queens,Elmhurst/Maspeth,130,7671.49,59.01146153846154,12.800461538461539,30.610641025641026,4.637074485419181
Manhattan,Union Sq,Queens,Long Island City/Hunters Point,130,4578.45,35.21884615384615,3.618923076923077,19.64923076923077,10.040102396369239
Manhattan,Financial District South,Manhattan,West Village,130,3277.45,25.211153846153845,2.655692307692308,15.091538461538462,9.654541505163337
Queens,JFK Airport,Queens,Glen Oaks,130,7104.31,54.648538461538465,11.671153846153846,22.76230769230769,4.723368615504526
Manhattan,Little Italy/NoLiTa,Brooklyn,Brooklyn Heights,129,3376.72,26.17612403100775,2.810387596899225,16.72609819121447,9.529702643934138
Manhattan,Central Harlem North,Manhattan,East Harlem South,129,2300.51,17.83341085271318,2.2773643410852715,15.087080103359174,8.091901649466376
Manhattan,SoHo,Manhattan,Clinton West,129,3775.62,29.268372093023256,3.5989922480620153,19.510077519379845,8.165819295296618
Queens,LaGuardia Airport,Brooklyn,Windsor Terrace,129,10266.93,79.5886046511628,14.504031007751937,36.062532299741605,5.4957046027010925
Manhattan,East Harlem South,Queens,LaGuardia Airport,129,6722.49,52.112325581395346,7.992635658914728,19.11266149870801,6.5375166467127315
Manhattan,Battery Park City,Manhattan,Lenox Hill West,129,5769.87,44.72767441860465,7.394263565891473,22.6453488372093,6.05676644556962
Manhattan,Greenwich Village South,Brooklyn,Brooklyn Heights,128,3569.23,27.884609375,3.246796875,16.915104166666666,8.653378045951515
Manhattan,East Harlem South,Manhattan,Kips Bay,128,3465.66,27.07546875,4.361171875,16.495572916666667,6.556227846805458
Manhattan,Clinton West,Manhattan,Gramercy,128,3392.65,26.505078125,2.946953125,18.932291666666668,9.077870107971732
Manhattan,Sutton Place/Turtle Bay North,Manhattan,Seaport,128,4376.96,34.195,5.246171875,18.93125,6.761779607412297
Manhattan,Yorkville East,Manhattan,Financial District South,128,4831.52,37.74625,7.022265625,16.082552083333333,5.391542843747225
Manhattan,Garment District,Unknown,Outside of NYC,128,13310.88,103.99125,13.441328125,30.50208333333333,10.939428051422537
Manhattan,West Village,Brooklyn,Greenpoint,128,5386.55,42.082421875,5.638125,25.383463541666668,7.556361804608261
Manhattan,Clinton East,Manhattan,Inwood,127,6139.48,48.34236220472441,9.145275590551181,20.458661417322833,5.279875540930108
Manhattan,Upper East Side North,Manhattan,Stuy Town/Peter Cooper Village,127,4077.0099999999998,32.102440944881884,4.259055118110236,19.542388451443568,7.591837297691865
Manhattan,Bloomingdale,Manhattan,Yorkville West,127,3046.7799999999997,23.9903937007874,2.4600787401574804,15.351706036745407,9.817692508207369
Manhattan,Lincoln Square West,Manhattan,East Village,127,4588.36,36.12881889763779,4.73748031496063,26.222572178477687,7.7091576894458305
Manhattan,Lincoln Square East,Manhattan,Alphabet City,127,4440.98,34.96834645669291,4.783779527559055,23.711023622047247,7.3789537055672545
Manhattan,Upper West Side South,EWR,Newark Airport,127,16432.53,129.39,19.426377952755907,36.96417322834645,6.6957118584366135
Manhattan,Midtown South,Queens,Astoria,127,4897.43,38.56244094488189,5.151653543307087,24.864435695538056,7.577095750036018
Manhattan,Alphabet City,Manhattan,West Village,127,2642.06,20.803622047244094,1.7438582677165355,13.132414698162728,12.191233070583845
Manhattan,Lincoln Square East,Brooklyn,Park Slope,127,8017.54,63.13023622047244,10.02779527559055,38.40104986876641,6.338010229727581
Manhattan,Yorkville East,Manhattan,Greenwich Village South,127,4630.35,36.45944881889764,5.571732283464567,20.52217847769029,6.62245527263062
Manhattan,Penn Station/Madison Sq West,Brooklyn,Downtown Brooklyn/MetroTech,127,5307.59,41.79204724409449,5.829291338582678,27.97244094488189,7.265233256013055
Manhattan,Bloomingdale,Manhattan,Clinton East,127,3622.38,28.52267716535433,3.581732283464567,17.44816272965879,8.21974888528456
Manhattan,Sutton Place/Turtle Bay North,Manhattan,Financial District South,127,4460.6,35.12283464566929,5.75023622047244,16.815616797900265,6.120220204770878
Manhattan,Hudson Sq,Manhattan,Two Bridges/Seward Park,126,2576.05,20.44484126984127,1.7073809523809524,12.433597883597885,12.39938456219175
Manhattan,Little Italy/NoLiTa,Manhattan,Lincoln Square West,126,4628.8,36.73650793650794,4.905396825396826,25.49047619047619,7.517613558845089
Manhattan,Bloomingdale,Manhattan,Washington Heights South,126,2906.91,23.070714285714285,3.5712698412698414,15.102380952380953,6.6033031809560825
Manhattan,Meatpacking/West Village West,Queens,LaGuardia Airport,126,9960.46,79.05126984126983,13.168095238095239,37.74933862433863,6.066485961225563
Manhattan,Midtown South,Manhattan,East Harlem North,126,4132.81,32.80007936507937,4.846984126984127,20.641666666666666,6.958787895792953
Manhattan,Central Park,Manhattan,Battery Park City,126,5506.52,43.70253968253969,7.047142857142857,27.33015873015873,6.313314307261022
Manhattan,Hudson Sq,Manhattan,Lincoln Square East,126,4213.36,33.439365079365075,4.4261904761904765,22.739682539682537,7.836867539153696
Manhattan,Lenox Hill West,Manhattan,Bloomingdale,126,3390.71,26.910396825396827,3.282460317460317,17.265873015873016,8.235002805069634
Manhattan,Gramercy,Brooklyn,Brooklyn Heights,126,4328.5,34.3531746031746,4.860396825396825,20.417328042328045,7.214177687871368
Manhattan,West Chelsea/Hudson Yards,Manhattan,Stuy Town/Peter Cooper Village,126,3215.81,25.522301587301587,2.4603968253968254,18.21719576719577,10.527973684781513
Manhattan,Chinatown,Manhattan,Times Sq/Theatre District,125,4598.17,36.78536,4.6036,28.3756,8.298278838937252
Queens,Sunnyside,Queens,Astoria,125,1742.14,13.93712,1.4921600000000002,9.081066666666668,9.89085165566738
Manhattan,Lower East Side,Brooklyn,Park Slope,125,4365.06,34.920480000000005,4.685359999999999,20.445066666666666,7.682492220086635
Queens,JFK Airport,Bronx,Schuylerville/Edgewater Park,125,10636.55,85.0924,17.98536,33.264,4.743134629381464
Manhattan,Hamilton Heights,Manhattan,Central Harlem North,125,1657.96,13.26368,1.236,10.4084,15.422341377405825
Manhattan,Flatiron,Manhattan,Central Harlem,125,5179.65,41.4372,6.30368,26.056533333333334,6.659145787565723
Manhattan,Hamilton Heights,Manhattan,Hamilton Heights,125,2089.11,16.712880000000002,0.76888,5.974533333333333,220.51242790012114
Manhattan,Lenox Hill East,Manhattan,Meatpacking/West Village West,125,5079.54,40.63632,6.01712,25.792933333333334,7.455718777007425
Manhattan,SoHo,Manhattan,Lincoln Square West,124,4230.06,34.1133870967742,4.522096774193549,22.372043010752687,7.633364356192661
Manhattan,Midtown Center,Brooklyn,DUMBO/Vinegar Hill,124,5372.64,43.32774193548387,6.811612903225806,27.003897849462366,6.387626953945473
Queens,JFK Airport,Bronx,Co-Op City,124,11474.91,92.53959677419354,20.355,35.940322580645166,4.561469001127825
Manhattan,Meatpacking/West Village West,Manhattan,Two Bridges/Seward Park,124,3390.55,27.343145161290323,2.9612903225806453,18.072849462365593,10.046279377767835
Manhattan,West Village,Queens,LaGuardia Airport,124,8606.76,69.40935483870967,11.13483870967742,32.94260752688172,6.292586149879265
Manhattan,Financial District South,Manhattan,Union Sq,124,4044.23,32.61475806451613,4.521048387096775,19.801478494623655,7.382208108390366
Manhattan,Union Sq,Brooklyn,Park Slope,124,5744.07,46.32314516129032,6.318870967741935,29.82177419354839,7.474189018364155
Manhattan,UN/Turtle Bay South,Manhattan,World Trade Center,124,4201.37,33.88201612903226,5.50008064516129,17.15241935483871,6.226932678101864
Queens,LaGuardia Airport,Queens,Briarwood/Jamaica Hills,123,5232.03,42.53682926829268,7.206016260162602,17.210975609756098,5.915807607921879
Manhattan,Union Sq,Brooklyn,Williamsburg (South Side),123,4425.3,35.9780487804878,4.366747967479675,24.616395663956638,8.338493164005476
Manhattan,Battery Park City,Manhattan,Lincoln Square East,123,4621.87,37.57617886178862,5.253414634146341,23.567886178861787,7.208997921389067
Manhattan,East Chelsea,Brooklyn,Williamsburg (South Side),123,5054.43,41.09292682926829,5.209837398373983,29.726693766937668,7.965382052954248
Manhattan,Manhattanville,Manhattan,Upper West Side North,123,2367.21,19.24560975609756,2.2356910569105692,11.537669376693767,8.712447478875399
Manhattan,Financial District North,Manhattan,Garment District,123,4420.47,35.93878048780488,4.845528455284553,24.17262872628726,7.529130759853546
Manhattan,West Village,Manhattan,Central Harlem,123,5475.84,44.51902439024391,7.124715447154472,26.87818428184282,6.312138743110399
Queens,LaGuardia Airport,Queens,Kew Gardens,123,5457.65,44.37113821138211,7.042276422764228,18.685636856368564,6.334379844683854
Manhattan,Hudson Sq,Queens,JFK Airport,123,11223.11,91.24479674796748,19.384146341463413,56.84159891598916,4.7827634840295605
Manhattan,Union Sq,Manhattan,Morningside Heights,123,5305.11,43.13097560975609,6.0529268292682925,27.984417344173444,7.137716578578375
Manhattan,Midtown Center,Manhattan,Washington Heights South,123,5603.12,45.55382113821138,7.629349593495935,26.04552845528455,5.984641987813908
Queens,JFK Airport,Brooklyn,Red Hook,122,13863.8,113.63770491803278,25.499344262295082,46.72581967213115,4.466530146099125
Manhattan,East Harlem South,Queens,JFK Airport,122,10937.0,89.64754098360656,17.930491803278688,37.48661202185792,5.011362029624233
Manhattan,Midtown South,Brooklyn,Greenpoint,122,4752.13,38.95188524590164,4.285655737704918,19.681284153005464,9.468785842486144
Manhattan,Hamilton Heights,Manhattan,Central Harlem,122,1931.88,15.835081967213116,1.7552459016393442,11.875956284153004,9.219234448696955
Manhattan,Gramercy,Queens,Astoria,122,4643.74,38.06344262295082,5.373524590163935,24.488251366120217,7.168882505184136
Manhattan,TriBeCa/Civic Center,EWR,Newark Airport,122,13362.34,109.52737704918033,14.352295081967213,30.129508196721314,7.728565196041001
Manhattan,Murray Hill,Brooklyn,Park Slope,122,6543.11,53.63204918032787,8.252622950819672,33.06379781420765,6.589649553795664
Manhattan,Meatpacking/West Village West,Manhattan,Lenox Hill East,122,4620.44,37.87245901639344,4.924508196721312,27.049180327868854,7.771940096109531
Manhattan,Greenwich Village North,Brooklyn,Park Slope,122,5000.36,40.98655737704918,5.201475409836066,28.440573770491802,7.910610936896561
Manhattan,Two Bridges/Seward Park,Manhattan,Lower East Side,121,2520.51,20.830661157024796,0.8054545454545454,7.251790633608816,144.9436764838065
Queens,LaGuardia Airport,Queens,Bayside,121,6192.32,51.17619834710744,9.215950413223142,20.88526170798898,5.576390684744533
Manhattan,Seaport,Manhattan,Murray Hill,121,3821.12,31.579504132231403,4.540909090909091,16.111570247933884,6.974074063707705
Manhattan,Upper East Side North,Manhattan,Washington Heights North,121,5085.73,42.03082644628099,7.103305785123967,23.609504132231404,5.9591067628901495
Manhattan,Flatiron,Manhattan,Financial District South,121,3544.83,29.296115702479337,3.829338842975207,18.615289256198345,7.842721560628285
Manhattan,Clinton West,Queens,JFK Airport,121,10896.8,90.05619834710743,19.033471074380166,55.56005509641873,4.801294558505948
Manhattan,Stuy Town/Peter Cooper Village,Manhattan,UN/Turtle Bay South,121,2046.02,16.90925619834711,1.3924793388429753,8.964325068870524,12.83923187333486
Manhattan,Lenox Hill East,Manhattan,Chinatown,121,4153.5,34.32644628099174,5.60504132231405,18.406611570247932,6.1205920955391635
Manhattan,Flatiron,Manhattan,Morningside Heights,121,4949.74,40.90694214876033,6.006446280991735,25.125757575757575,6.873482290906981
Manhattan,East Village,Queens,Long Island City/Hunters Point,121,4188.44,34.615206611570244,4.149834710743802,17.923553719008265,8.661610791196418
Manhattan,Battery Park City,Manhattan,Kips Bay,121,4001.08,33.06677685950413,5.3185123966942145,16.19449035812672,6.249880481870477
Manhattan,Financial District South,Manhattan,Meatpacking/West Village West,120,3077.6,25.646666666666665,2.86225,14.945277777777779,9.133749393654897
Manhattan,West Village,Queens,JFK Airport,120,11076.46,92.30383333333333,19.04875,53.89791666666667,4.973861982646941
Manhattan,Times Sq/Theatre District,Brooklyn,Williamsburg (North Side),120,5769.46,48.078833333333336,6.66925,30.3675,7.296068877537971
Manhattan,Lower East Side,Manhattan,East Harlem South,120,4549.69,37.91408333333333,6.375583333333334,21.055833333333332,6.063790828622683
Manhattan,Bloomingdale,Manhattan,Central Harlem North,120,2177.61,18.14675,2.178833333333333,13.4475,8.476379379882113
Manhattan,Financial District South,Manhattan,Seaport,120,1674.66,13.9555,0.8085833333333333,6.336388888888889,18.384082043887183
Manhattan,Penn Station/Madison Sq West,Queens,Steinway,119,6179.28,51.926722689075625,7.612857142857142,33.73543417366947,6.925277148008597
Queens,LaGuardia Airport,Brooklyn,Borough Park,119,9718.05,81.66428571428571,16.209579831932775,45.47899159663866,5.103721797721159
Manhattan,East Harlem North,Manhattan,Morningside Heights,119,2101.86,17.662689075630254,1.8439495798319328,11.903921568627451,10.960485605177649
Manhattan,Lenox Hill East,Manhattan,World Trade Center,119,4777.76,40.149243697478994,6.77218487394958,19.31512605042017,5.969091206856988
Queens,LaGuardia Airport,Queens,Hillcrest/Pomonok,119,5019.14,42.17764705882353,7.187394957983193,16.913165266106443,5.887310508504958
Manhattan,Manhattan Valley,Manhattan,Union Sq,119,4527.51,38.04630252100841,5.517058823529411,24.578151260504203,6.966455530668918
Manhattan,Clinton West,Manhattan,Central Park,119,2480.88,20.847731092436977,2.1684873949579835,12.376470588235295,10.825787409023407
Queens,Long Island City/Hunters Point,Queens,JFK Airport,118,10706.76,90.73525423728813,14.29093220338983,32.84943502824859,6.379249753291667
Manhattan,Midtown North,Manhattan,Washington Heights North,118,5559.06,47.1106779661017,8.331101694915255,22.127542372881358,5.675444208821385
Manhattan,Lenox Hill West,Manhattan,Financial District South,118,4335.41,36.740762711864406,6.495677966101695,16.986581920903955,5.65957093571205
Queens,LaGuardia Airport,Brooklyn,Bay Ridge,118,10206.69,86.49737288135594,17.332372881355933,39.85480225988701,4.9955058702275
Manhattan,Lincoln Square West,Manhattan,Hamilton Heights,118,3709.66,31.43779661016949,4.605762711864407,16.99816384180791,6.930325818674076
Manhattan,Lenox Hill East,Manhattan,Bloomingdale,118,3487.55,29.55550847457627,3.523813559322034,20.47895480225989,8.434252579958152
Manhattan,Lincoln Square East,Manhattan,World Trade Center,117,4622.94,39.51230769230769,5.730769230769231,27.04088319088319,6.915173641158372
Queens,LaGuardia Airport,Queens,Bay Terrace/Fort Totten,117,5350.05,45.72692307692308,8.013076923076923,18.06082621082621,5.742249996377167
Manhattan,Kips Bay,Queens,JFK Airport,117,10588.48,90.49982905982905,16.28982905982906,41.17621082621083,5.5789492087946195
Manhattan,Lenox Hill West,Manhattan,Washington Heights South,117,5081.54,43.43196581196581,7.038803418803418,25.278632478632478,6.188764853336862
Queens,JFK Airport,Queens,Auburndale,117,7062.1,60.35982905982906,12.71136752136752,26.17293447293447,4.7663979502399
Queens,JFK Airport,Bronx,Soundview/Castle Hill,117,10346.57,88.43222222222222,18.776666666666667,37.08148148148148,4.724595507121158
Manhattan,Murray Hill,Manhattan,Central Harlem North,117,4352.61,37.20179487179487,6.046923076923077,23.89245014245014,6.261754645352054
Manhattan,Clinton West,Manhattan,Central Harlem,117,3448.87,29.477521367521366,4.387264957264957,16.45897435897436,6.79891472988109
Manhattan,West Village,Brooklyn,East Williamsburg,116,4460.25,38.45043103448276,5.094310344827587,24.941810344827587,7.67254242800582
Manhattan,West Chelsea/Hudson Yards,Unknown,Unknown,116,2737.04,23.595172413793104,2.092758620689655,13.973706896551725,23.213764568009488
Manhattan,Greenwich Village North,Manhattan,Financial District South,116,2990.87,25.783362068965516,2.867672413793103,16.285057471264366,9.283757277739626
Manhattan,Hudson Sq,Manhattan,Lenox Hill West,116,4185.14,36.07879310344828,4.729137931034483,24.333045977011494,7.757343361165076
Manhattan,East Village,Brooklyn,Downtown Brooklyn/MetroTech,116,3027.2999999999997,26.097413793103446,3.1981034482758623,15.092385057471265,8.400984454035505
Manhattan,World Trade Center,Manhattan,Clinton West,116,3760.78,32.420517241379315,4.3197413793103445,21.234195402298848,7.53068563687264
Manhattan,East Village,Brooklyn,Bushwick South,116,4394.01,37.87939655172414,4.853189655172414,25.95301724137931,7.923718335818898
Manhattan,West Chelsea/Hudson Yards,Manhattan,Seaport,116,3702.5099999999998,31.918189655172412,4.0680172413793105,20.406896551724138,8.018882306200197
Manhattan,West Chelsea/Hudson Yards,Manhattan,Chinatown,116,3439.36,29.649655172413794,3.552844827586207,20.76264367816092,8.572340690247907
Manhattan,Midtown South,Manhattan,Morningside Heights,116,4318.9,37.231896551724134,5.398103448275862,24.842385057471265,6.982636585182769
Manhattan,Midtown North,Manhattan,Hamilton Heights,115,4278.25,37.20217391304348,5.955913043478261,21.63231884057971,6.290506757739468
Manhattan,Midtown North,Manhattan,Alphabet City,115,3550.84,30.876869565217394,3.865217391304348,20.471304347826084,8.051464827740203
Manhattan,Financial District South,Manhattan,Gramercy,115,3387.74,29.45860869565217,4.307130434782609,15.225797101449276,7.042717219837443
Queens,LaGuardia Airport,Queens,Elmhurst/Maspeth,115,3470.92,30.18191304347826,3.8091304347826087,12.907971014492754,8.13411115503989
Queens,East Elmhurst,Manhattan,Union Sq,115,7921.45,68.88217391304347,9.86113043478261,27.88086956521739,7.048350286295454
Manhattan,Sutton Place/Turtle Bay North,Queens,Sunnyside,115,2956.48,25.708521739130436,3.3809565217391304,16.257246376811594,8.091839495117698
Manhattan,Sutton Place/Turtle Bay North,Manhattan,Central Harlem,115,3645.51,31.70008695652174,4.269826086956521,20.393623188405797,7.499844364530349
Manhattan,East Village,Brooklyn,Fort Greene,115,3494.2400000000002,30.384695652173914,3.603478260869565,18.62608695652174,8.497771350619914
Manhattan,Financial District South,Manhattan,Chinatown,114,1940.02,17.017719298245613,1.264298245614035,9.796052631578947,13.822400102847148
Queens,East Elmhurst,Manhattan,Financial District North,114,8846.52,77.60105263157895,12.898508771929825,32.421783625730995,6.027742915512406
Manhattan,Greenwich Village South,Manhattan,Morningside Heights,114,5101.17,44.7471052631579,7.245175438596491,28.6890350877193,6.210407720758392
Manhattan,Central Harlem,Manhattan,Washington Heights South,114,2521.68,22.119999999999997,3.0789473684210527,16.913450292397663,7.333924347285597
Queens,East Elmhurst,Manhattan,TriBeCa/Civic Center,114,8645.39,75.83675438596491,12.378508771929825,34.878362573099416,6.148877116617762
Manhattan,Kips Bay,Manhattan,Battery Park City,114,3844.99,33.727982456140346,5.341666666666667,16.635672514619884,6.354619465193848
Manhattan,Greenwich Village North,Manhattan,Manhattan Valley,114,4729.44,41.48631578947368,5.892192982456141,27.160526315789475,7.066782333838383
Queens,JFK Airport,Queens,Hollis,114,4754.63,41.707280701754385,8.200263157894737,23.407894736842106,5.1737596252852285
Manhattan,Upper East Side South,Manhattan,Alphabet City,113,3520.27,31.15283185840708,4.004424778761062,19.057079646017698,7.862940161521847
Manhattan,Financial District North,Manhattan,Upper East Side North,113,5089.85,45.0429203539823,7.471946902654867,25.083333333333332,6.105610680441859
Manhattan,Midtown North,Queens,Sunnyside,113,3370.26,29.825309734513276,3.7169026548672566,20.08421828908555,8.529226841767535
Manhattan,Lower East Side,Brooklyn,Brooklyn Heights,113,3096.71,27.404513274336285,3.363716814159292,14.538053097345133,8.414308298607022
Manhattan,East Harlem North,Manhattan,Manhattan Valley,113,2156.21,19.08150442477876,2.2130973451327436,14.274778761061947,8.78157296143525
Manhattan,TriBeCa/Civic Center,Manhattan,Central Park,113,4639.59,41.0583185840708,5.760176991150442,27.613274336283187,7.337445209128844
Manhattan,Upper West Side North,Manhattan,SoHo,113,4882.52,43.208141592920356,6.308318584070797,28.737315634218287,6.901619513950694
Manhattan,Flatiron,EWR,Newark Airport,113,13222.46,117.0129203539823,15.830442477876105,32.35206489675516,7.459434578380079
Unknown,Unknown,Manhattan,Upper East Side North,113,2596.65,22.97920353982301,2.4161946902654865,11.87566371681416,19.62747339897273
Unknown,Unknown,Manhattan,Midtown Center,112,2845.9,25.40982142857143,2.7884821428571427,14.276041666666668,13.454897122594698
Manhattan,Kips Bay,Manhattan,East Harlem North,112,3589.21,32.04651785714286,5.178928571428571,19.35014880952381,6.2807496335789255
Manhattan,Times Sq/Theatre District,Brooklyn,DUMBO/Vinegar Hill,112,5085.91,45.409910714285715,6.906428571428571,29.50610119047619,6.820770702927162
Queens,South Ozone Park,Queens,South Ozone Park,112,6617.45,59.084375,0.8875892857142856,4.054166666666666,750.5303613499802
Queens,LaGuardia Airport,Queens,Richmond Hill,112,5487.54,48.995892857142856,8.421785714285715,24.680059523809522,5.83822666178357
Manhattan,Midtown South,Brooklyn,Williamsburg (North Side),112,4851.16,43.31392857142857,5.612232142857144,26.04895833333333,11.393801912088245
Manhattan,Lincoln Square West,Manhattan,Financial District North,112,4422.16,39.48357142857143,6.1153571428571425,26.867113095238096,6.496482477659783
Queens,JFK Airport,Brooklyn,Bensonhurst East,112,8537.52,76.22785714285715,17.241160714285716,33.42604166666667,4.638356614887287
Manhattan,Union Sq,Brooklyn,Greenpoint,111,4455.32,40.138018018018016,4.714594594594594,23.164114114114113,8.75162840569392
Manhattan,Two Bridges/Seward Park,Manhattan,Gramercy,111,2218.5,19.986486486486488,1.8582882882882883,12.41996996996997,11.259695595063597
Manhattan,Garment District,Manhattan,Washington Heights South,111,4782.94,43.089549549549545,7.803873873873874,23.43708708708709,5.562369439116463
Manhattan,Battery Park City,Manhattan,Yorkville West,111,5200.29,46.84945945945946,8.426036036036036,23.854804804804804,5.57133837333219
Queens,JFK Airport,Queens,College Point,111,6417.57,57.81594594594594,12.288558558558558,25.797597597597598,4.72443169515693
Manhattan,Alphabet City,Manhattan,Murray Hill,110,2306.02,20.96381818181818,2.143818181818182,12.368333333333334,9.91860572862997
Queens,Astoria,Queens,Steinway,110,1880.42,17.094727272727273,1.6467272727272728,10.458787878787879,35.464209890425494
Manhattan,World Trade Center,Manhattan,Lenox Hill West,110,4565.91,41.508272727272725,6.6623636363636365,21.65666666666667,6.247522910225747
Queens,Long Island City/Queens Plaza,Queens,Astoria,110,1461.72,13.288363636363636,1.3143636363636364,8.700909090909091,11.620075022004764
Manhattan,Midtown South,Brooklyn,Brooklyn Heights,110,4431.38,40.28527272727273,6.093454545454545,23.60893939393939,6.644722561218345
Manhattan,Sutton Place/Turtle Bay North,Manhattan,World Trade Center,110,4137.82,37.61654545454545,6.224909090909091,19.36030303030303,6.098707677502848
Manhattan,Bloomingdale,Manhattan,Lenox Hill West,110,3279.64,29.81490909090909,3.3579090909090907,20.52409090909091,8.880457879914815
Manhattan,Seaport,Manhattan,Chinatown,110,1527.54,13.886727272727272,0.7705454545454546,6.389545454545455,19.661366036518604
Manhattan,Financial District North,Manhattan,Yorkville East,110,4637.03,42.15481818181818,7.005454545454546,21.19909090909091,6.035677571055876
Queens,LaGuardia Airport,Queens,Jamaica Estates,109,5372.49,49.288899082568804,8.935229357798164,19.90183486238532,5.524748843384217
Manhattan,Midtown North,Brooklyn,Brooklyn Heights,109,5260.32,48.259816513761464,7.429724770642202,29.71467889908257,6.524829614644314
Manhattan,West Chelsea/Hudson Yards,Manhattan,Alphabet City,109,3180.28,29.176880733944955,3.333577981651376,21.080428134556577,8.97600599624817
Manhattan,Financial District North,Brooklyn,Brooklyn Heights,109,2475.1,22.707339449541283,2.334770642201835,13.195565749235474,9.940099309521871
Manhattan,Garment District,Manhattan,Alphabet City,109,3032.48,27.82091743119266,3.1423853211009174,19.092201834862387,8.9496232622158
Manhattan,Garment District,Manhattan,Bloomingdale,109,3532.08,32.40440366972477,4.0886238532110095,20.475688073394494,7.996690088012003
Manhattan,Financial District South,Manhattan,UN/Turtle Bay South,109,3533.42,32.41669724770642,5.171651376146789,14.522629969418961,6.2808645938762755
Manhattan,Two Bridges/Seward Park,Manhattan,TriBeCa/Civic Center,109,2306.99,21.16504587155963,1.8911009174311926,12.656422018348623,13.269082122578764
Queens,Jackson Heights,Queens,Jackson Heights,109,1816.43,16.664495412844037,0.89,6.690366972477064,98.20770094139203
Manhattan,Upper East Side South,Manhattan,Hamilton Heights,109,4033.7,37.00642201834862,5.257798165137615,23.789449541284405,7.1026210591458225
Manhattan,World Trade Center,Manhattan,Sutton Place/Turtle Bay North,109,4140.43,37.98559633027523,5.939174311926606,20.17706422018349,6.413363121199548
Manhattan,Upper East Side South,Manhattan,World Trade Center,109,4813.39,44.15954128440367,6.861192660550459,26.273088685015292,6.554465082998922
Manhattan,Morningside Heights,Queens,LaGuardia Airport,109,6345.0,58.211009174311926,8.281834862385322,26.04204892966361,7.033884691488125
Manhattan,Murray Hill,Brooklyn,Williamsburg (North Side),109,4821.19,44.23110091743119,5.531100917431193,25.749694189602447,8.151162236461337
Manhattan,Murray Hill,Queens,Sunnyside,109,3585.37,32.89330275229358,4.095045871559633,19.79847094801223,8.217578606577446
Manhattan,SoHo,Manhattan,Stuy Town/Peter Cooper Village,109,2319.4,21.27889908256881,1.9204587155963304,12.645565749235473,11.200743747220091
Manhattan,Upper East Side South,Manhattan,Seaport,108,4285.01,39.67601851851852,6.319814814814815,22.53688271604938,6.294339128628553
Manhattan,Murray Hill,Manhattan,Morningside Heights,108,4228.96,39.157037037037036,5.511111111111112,27.444135802469138,7.254453717922386
Manhattan,Garment District,Manhattan,Stuy Town/Peter Cooper Village,108,2502.53,23.171574074074076,2.212685185185185,14.758333333333335,10.523381395508265
Queens,JFK Airport,Bronx,Williamsbridge/Olinville,108,10659.39,98.69805555555556,21.67722222222222,43.94645061728394,4.566707483366091
Manhattan,Times Sq/Theatre District,Brooklyn,Park Slope,108,6361.96,58.907037037037036,8.734444444444446,37.66373456790124,6.808288869158447
Manhattan,Chinatown,Manhattan,Two Bridges/Seward Park,108,1718.27,15.909907407407408,1.0658333333333334,8.820216049382717,16.866291632504026
Manhattan,Clinton East,Queens,Steinway,108,4658.79,43.136944444444445,6.060740740740742,29.25154320987654,7.168714131033075
Manhattan,Clinton West,Manhattan,Morningside Heights,108,2955.18,27.362777777777776,3.913148148148148,13.868672839506173,7.1153230845529585
Manhattan,East Harlem South,Manhattan,UN/Turtle Bay South,108,2894.74,26.803148148148146,3.488611111111111,16.140895061728397,7.765552051499661
Manhattan,Midtown East,Brooklyn,Boerum Hill,107,4958.1,46.337383177570096,7.19373831775701,26.407165109034267,6.465447774510529
Manhattan,Lincoln Square East,Brooklyn,Brooklyn Heights,107,5560.43,51.96663551401869,8.199906542056075,33.029127725856696,6.3653143810578285
Manhattan,Times Sq/Theatre District,Queens,Old Astoria,107,4041.65,37.77242990654206,5.008504672897196,25.344236760124613,7.645024252140755
Manhattan,Seaport,Manhattan,Little Italy/NoLiTa,107,2045.62,19.117943925233643,1.38392523364486,11.303271028037384,14.637220817373843
Manhattan,SoHo,Manhattan,Yorkville East,107,4335.5,40.518691588785046,5.8702803738317755,25.92133956386293,6.987777157753332
Manhattan,East Harlem South,Manhattan,Washington Heights South,107,2964.55,27.70607476635514,4.954766355140187,19.413395638629282,5.658494993591233
Manhattan,Clinton West,Manhattan,UN/Turtle Bay South,107,2469.27,23.07728971962617,1.972429906542056,16.647196261682243,11.893414690236993
Manhattan,West Chelsea/Hudson Yards,Brooklyn,Brooklyn Heights,107,4467.82,41.75532710280373,5.836168224299065,26.783021806853583,7.244708955209918
Manhattan,East Chelsea,Brooklyn,Boerum Hill,107,4854.29,45.367196261682246,6.394766355140187,30.41292834890966,7.173605814942591
Manhattan,Yorkville East,Manhattan,Washington Heights South,107,3974.02,37.1403738317757,6.10196261682243,20.66853582554517,6.084700166706536
Manhattan,Stuy Town/Peter Cooper Village,Manhattan,Lenox Hill East,107,2483.45,23.20981308411215,2.7227102803738314,13.947507788161992,8.569350106355554
Queens,East Elmhurst,Queens,Jackson Heights,107,2507.43,23.433925233644857,2.2594392523364486,10.493146417445482,12.342869894857124
Manhattan,Bloomingdale,Manhattan,Midtown Center,107,3394.9,31.728037383177572,3.817289719626168,22.159813084112148,8.360094741751022
Manhattan,Kips Bay,Manhattan,Seaport,106,2939.08,27.727169811320753,4.00688679245283,13.270283018867925,7.033851323014589
Queens,JFK Airport,Bronx,Van Cortlandt Village,106,11215.64,105.80792452830188,23.327641509433963,45.48191823899371,4.547564470435006
Manhattan,Financial District North,Manhattan,Upper East Side South,106,4470.44,42.17396226415094,6.496603773584906,23.83034591194969,6.495634132560185
Manhattan,West Chelsea/Hudson Yards,Manhattan,Washington Heights South,106,4570.58,43.11867924528302,7.682547169811321,22.513364779874212,5.6346675994059385
Manhattan,Penn Station/Madison Sq West,Queens,Sunnyside,106,4223.41,39.84349056603774,5.181415094339623,26.576415094339623,7.97149870009605
Queens,LaGuardia Airport,Queens,South Ozone Park,106,5900.85,55.6683962264151,9.938018867924528,28.357547169811323,5.60696864161871
Manhattan,Greenwich Village North,Unknown,Unknown,106,2188.7,20.64811320754717,1.9872641509433964,13.114622641509435,13.654663165063168
Queens,JFK Airport,Brooklyn,Dyker Heights,105,9250.3,88.09809523809523,20.194857142857142,37.0831746031746,4.367768524597044
Unknown,Unknown,Manhattan,Midtown East,105,2884.61,27.472476190476193,3.0726666666666667,15.188253968253967,13.55430374355856
Manhattan,Battery Park City,EWR,Newark Airport,105,11837.05,112.73380952380951,15.028952380952381,31.010793650793648,7.543419732435927
Queens,JFK Airport,Bronx,Woodlawn/Wakefield,105,10957.18,104.35409523809524,22.913619047619047,43.6763492063492,4.561452496213622
Manhattan,East Village,Brooklyn,DUMBO/Vinegar Hill,105,3002.7599999999998,28.597714285714282,3.414571428571428,16.99031746031746,8.678434199273742
Manhattan,Midtown East,Queens,Steinway,105,4115.56,39.19580952380953,5.495809523809524,25.600476190476193,7.300706482989017
Manhattan,Midtown North,Manhattan,Seaport,105,4182.69,39.835142857142856,5.961428571428572,25.894444444444442,6.763477557343442
Manhattan,West Village,Brooklyn,Boerum Hill,105,3463.92,32.989714285714285,4.233047619047619,20.357142857142858,7.85336584943962
Manhattan,West Village,Manhattan,Washington Heights South,105,5027.33,47.879333333333335,9.12047619047619,25.352063492063493,5.2871476870954535
Queens,LaGuardia Airport,Bronx,Schuylerville/Edgewater Park,105,6301.39,60.0132380952381,10.139904761904763,22.20206349206349,5.94246297729825
Manhattan,UN/Turtle Bay South,Manhattan,East Harlem North,105,3008.33,28.650761904761904,4.129047619047619,17.763333333333335,7.036078788534106
Manhattan,Central Harlem,Manhattan,Yorkville West,104,2216.69,21.314326923076923,2.274423076923077,13.779326923076923,9.486177593404632
Manhattan,Financial District North,Manhattan,Midtown North,104,4376.79,42.08451923076923,6.357115384615384,27.220833333333335,6.662654084893824
Manhattan,Midtown Center,Brooklyn,Boerum Hill,104,5125.8,49.28653846153846,7.572211538461539,30.875160256410254,6.513802514113768
Manhattan,Central Harlem,Manhattan,Lenox Hill East,104,2898.67,27.871826923076924,3.553557692307692,20.642467948717947,7.912764806784957
Manhattan,Hudson Sq,Manhattan,Upper West Side North,104,4157.78,39.97865384615385,5.653942307692308,25.226121794871798,7.096354130565032
Queens,East Elmhurst,Queens,Astoria,104,2996.78,28.81519230769231,3.3505769230769227,12.363942307692307,8.728352646821119
Manhattan,Upper East Side North,Manhattan,World Trade Center,104,4887.27,46.992980769230776,8.170288461538462,26.182211538461537,5.775297911186184
Manhattan,Gramercy,Queens,Long Island City/Hunters Point,104,3424.64,32.92923076923077,3.507019230769231,17.17099358974359,9.73453662804162
Queens,JFK Airport,Brooklyn,Gowanus,104,10712.18,103.00173076923078,21.740865384615386,47.898878205128206,4.8585328434502735
Manhattan,Bloomingdale,Manhattan,Bloomingdale,103,1412.41,13.712718446601942,0.8759223300970874,4.930097087378641,152.2680335963821
Manhattan,Times Sq/Theatre District,Brooklyn,Williamsburg (South Side),103,4728.05,45.90339805825243,6.567572815533981,29.8126213592233,7.030185963629315
Manhattan,West Village,Brooklyn,Clinton Hill,103,3828.05,37.165533980582524,4.856504854368932,24.62265372168285,7.675311102690497
Manhattan,Kips Bay,Brooklyn,South Williamsburg,103,3502.07,34.00067961165049,5.205533980582524,24.40404530744337,6.522380224125773
Queens,LaGuardia Airport,Bronx,East Concourse/Concourse Village,103,5648.4800000000005,54.839611650485445,8.359223300970873,22.161003236245957,6.602766711252605
Manhattan,Meatpacking/West Village West,Manhattan,Financial District South,103,2575.61,25.00592233009709,2.9905825242718445,15.078155339805825,8.437304045807442
Manhattan,Union Sq,Queens,Astoria,103,4323.84,41.9790291262136,5.719320388349515,28.10809061488673,7.419422249911223
Manhattan,East Chelsea,Manhattan,Washington Heights North,103,5317.74,51.62854368932039,9.28990291262136,27.970550161812298,5.6230702810843205
Manhattan,Meatpacking/West Village West,Manhattan,Alphabet City,103,2479.91,24.076796116504852,2.2154368932038833,16.919741100323623,11.277705009212603
Queens,East Elmhurst,Queens,East Elmhurst,103,1790.0,17.37864077669903,1.2895145631067961,3.4419093851132683,242.05946061754148
Manhattan,Sutton Place/Turtle Bay North,Manhattan,Morningside Heights,103,3741.08,36.32116504854369,4.888252427184466,24.84724919093851,7.5152045610355165
Manhattan,Midtown East,Brooklyn,Williamsburg (South Side),103,4481.6,43.51067961165049,6.099708737864077,27.552103559870552,7.225466700167482
Manhattan,SoHo,Manhattan,Financial District South,103,2160.77,20.978349514563106,1.963883495145631,12.868770226537217,11.16073668263367
Manhattan,Manhattanville,Manhattan,Manhattan Valley,103,1543.41,14.984563106796116,1.7089320388349516,8.740776699029126,8.862732338096263
Manhattan,Morningside Heights,Manhattan,Washington Heights North,102,2823.36,27.68,4.278137254901961,17.623366013071895,6.540590749819531
Manhattan,Battery Park City,Manhattan,Battery Park,102,1453.28,14.247843137254902,0.8184313725490197,5.398692810457516,21.46968155472114
Manhattan,Yorkville East,Manhattan,Lower East Side,102,3469.36,34.013333333333335,5.4822549019607845,18.306699346405228,6.261834718377793
Manhattan,Kips Bay,Manhattan,Manhattan Valley,102,3877.68,38.01647058823529,5.282254901960784,26.577450980392157,7.203512884734554
Manhattan,Yorkville West,Manhattan,Financial District South,102,4328.89,42.44009803921569,7.525686274509804,18.642647058823528,5.627105194982303
Manhattan,Upper East Side North,Manhattan,Two Bridges/Seward Park,102,3794.59,37.20186274509804,5.91421568627451,21.33921568627451,6.302205395402689
Manhattan,Stuy Town/Peter Cooper Village,Manhattan,Sutton Place/Turtle Bay North,102,1949.64,19.114117647058823,2.091764705882353,10.793300653594772,9.438573045783272
Manhattan,West Village,Brooklyn,Fort Greene,101,3357.84,33.245940594059405,4.147920792079208,21.905445544554453,8.038121520059052
Manhattan,East Harlem South,Manhattan,Midtown South,101,3269.69,32.37316831683168,3.81029702970297,22.75891089108911,8.666935676823735
Manhattan,West Village,Manhattan,Central Harlem North,101,4867.04,48.188514851485145,8.206534653465347,28.826732673267326,5.922447653874165
Manhattan,Kips Bay,Manhattan,Hudson Sq,101,2470.69,24.462277227722772,2.8675247524752474,16.185148514851484,8.894737160788388
Manhattan,Morningside Heights,Manhattan,Yorkville East,101,2975.44,29.45980198019802,3.328118811881188,20.253960396039606,9.20204981245763
Manhattan,Financial District South,Manhattan,Sutton Place/Turtle Bay North,101,3485.8,34.51287128712872,5.6735643564356435,15.648514851485148,6.0781181157323925
Manhattan,Manhattanville,Manhattan,Central Harlem,101,1365.2,13.516831683168316,1.296237623762376,9.026732673267327,11.257378497631986
Manhattan,Upper West Side South,Manhattan,Hudson Sq,101,3808.14,37.70435643564356,4.961782178217821,26.15858085808581,7.654515026066774
Manhattan,Lower East Side,Brooklyn,Bushwick South,100,3237.74,32.377399999999994,4.2576,19.645833333333332,7.66522254555877
Manhattan,Hudson Sq,Manhattan,Sutton Place/Turtle Bay North,100,3116.7599999999998,31.167599999999997,3.8406000000000002,20.994166666666665,8.214253190351627
Manhattan,Union Sq,Brooklyn,Williamsburg (North Side),100,4209.19,42.091899999999995,5.3844,28.1735,7.911433065738176
Manhattan,Financial District North,Brooklyn,DUMBO/Vinegar Hill,100,2191.45,21.914499999999997,2.2712,12.907833333333333,9.866046794054032
Manhattan,Seaport,Manhattan,West Village,100,2294.81,22.9481,2.2719,14.0925,10.485112577649634
Manhattan,Chinatown,Manhattan,Gramercy,100,2155.39,21.5539,2.0599000000000003,14.035833333333333,11.235549134621847
Manhattan,East Harlem North,Manhattan,Upper East Side South,100,2360.93,23.609299999999998,2.8964999999999996,15.585,8.288974085432503
Manhattan,West Chelsea/Hudson Yards,Brooklyn,Park Slope,100,5408.08,54.080799999999996,7.4863,31.651666666666664,7.263894460637804
Manhattan,Clinton West,Manhattan,Greenwich Village South,99,2781.85,28.09949494949495,3.3397979797979795,19.586868686868687,8.462169796762492
Manhattan,Penn Station/Madison Sq West,Manhattan,Washington Heights North,99,5159.66,52.117777777777775,9.572929292929294,28.848148148148148,5.486740797812715
Manhattan,Financial District South,Manhattan,Little Italy/NoLiTa,99,2239.88,22.625050505050506,2.1214141414141414,14.862626262626264,11.439638441054889
Manhattan,Midtown Center,Manhattan,Hamilton Heights,99,4040.56,40.813737373737375,6.614343434343435,25.970370370370368,6.20985160404137
Manhattan,Meatpacking/West Village West,Manhattan,Stuy Town/Peter Cooper Village,99,2239.42,22.62040404040404,2.106060606060606,14.073737373737373,11.017793940311934
Manhattan,Midtown Center,Manhattan,Washington Heights North,99,5005.98,50.56545454545454,8.942424242424241,26.836531986531988,5.682688704957725
Manhattan,World Trade Center,Manhattan,Alphabet City,99,2622.18,26.486666666666665,3.2664646464646463,13.996632996632997,8.265550490831712
Manhattan,East Village,Brooklyn,Stuyvesant Heights,99,3871.25,39.10353535353536,5.24,26.59646464646465,7.558201499554471
Manhattan,World Trade Center,Manhattan,Upper East Side South,99,4244.8,42.87676767676768,6.6189898989898985,25.039225589225587,6.541601372595225
Manhattan,Clinton East,Manhattan,Seaport,99,3717.71,37.55262626262626,5.115858585858586,24.784680134680134,7.451899415967217
Manhattan,Gramercy,EWR,Newark Airport,99,12396.130000000001,125.21343434343436,17.58020202020202,37.846464646464646,7.180543890698823
Manhattan,Penn Station/Madison Sq West,Brooklyn,Fort Greene,99,4449.67,44.94616161616162,6.221111111111111,32.11144781144781,7.312283810341495
Manhattan,Hudson Sq,Manhattan,UN/Turtle Bay South,99,2701.93,27.29222222222222,3.219292929292929,18.35151515151515,8.653328625669639
Manhattan,Little Italy/NoLiTa,Manhattan,Central Park,99,3498.98,35.34323232323232,4.362424242424242,26.173905723905722,8.23806988386967
Queens,LaGuardia Airport,Queens,Maspeth,99,3636.9900000000002,36.73727272727273,5.386262626262626,16.826430976430977,6.872327468404744
Manhattan,Times Sq/Theatre District,Manhattan,Manhattanville,98,3429.42,34.994081632653064,5.4346938775510205,18.929931972789113,6.507870272340919
Manhattan,East Chelsea,Brooklyn,DUMBO/Vinegar Hill,98,3965.55,40.46479591836735,5.5439795918367345,27.53469387755102,7.569924884231188
Manhattan,Manhattan Valley,Manhattan,Washington Heights North,98,3052.66,31.149591836734693,5.4062244897959175,17.43690476190476,5.819094889564712
Manhattan,Seaport,Manhattan,Gramercy,98,2788.48,28.45387755102041,3.6168367346938775,15.085204081632652,8.190573526792008
Queens,LaGuardia Airport,EWR,Newark Airport,98,18241.84,186.14122448979592,29.630714285714284,52.95051020408163,6.35003853609278
Manhattan,Central Harlem North,Manhattan,Morningside Heights,98,1414.94,14.438163265306123,1.4553061224489796,10.493367346938774,11.156725592127849
Manhattan,World Trade Center,EWR,Newark Airport,98,10924.25,111.47193877551021,15.345612244897959,32.275,7.346005080432978
Manhattan,Stuy Town/Peter Cooper Village,Manhattan,Midtown Center,98,2254.27,23.002755102040815,2.31765306122449,16.008673469387755,10.052211975347895
Manhattan,East Chelsea,Queens,Long Island City/Hunters Point,98,3846.91,39.254183673469385,4.0967346938775515,24.731632653061222,9.920255717728137
Manhattan,Yorkville East,Manhattan,Clinton West,98,3039.0099999999998,31.010306122448977,3.772551020408163,21.540986394557827,8.296704554919247
Manhattan,East Harlem South,Manhattan,Hamilton Heights,98,2428.69,24.782551020408164,3.6283673469387754,18.942687074829934,6.905503487701597
Manhattan,West Chelsea/Hudson Yards,Unknown,Outside of NYC,98,10434.41,106.47357142857143,12.643265306122448,27.843367346938777,78.51734621695728
Manhattan,Kips Bay,Queens,Long Island City/Hunters Point,98,2785.52,28.423673469387754,2.713163265306122,14.309013605442177,11.421911216230638
Manhattan,Clinton East,Queens,Long Island City/Hunters Point,98,3185.44,32.50448979591837,3.7635714285714283,19.374659863945578,8.917258504439866
Manhattan,Greenwich Village South,Manhattan,Central Harlem,98,4531.83,46.24316326530612,7.469387755102041,28.91547619047619,6.693541670496893
Manhattan,Yorkville West,Manhattan,SoHo,98,3906.1,39.858163265306125,6.125510204081632,24.323979591836736,6.639883871160821
Queens,JFK Airport,Brooklyn,Gravesend,97,6664.34,68.70453608247423,15.795463917525774,27.795017182130586,4.35048337411648
Manhattan,Yorkville West,Queens,Sunnyside,97,2981.56,30.737731958762886,4.107835051546392,19.334364261168385,7.680760600710365
Manhattan,Greenwich Village South,Brooklyn,Greenpoint,97,3509.72,36.182680412371134,4.865257731958763,22.312714776632305,7.484731432830486
Manhattan,Upper East Side South,EWR,Newark Airport,97,12745.66,131.3985567010309,19.58721649484536,43.92628865979382,6.735616159545962
Manhattan,Flatiron,Manhattan,Chinatown,97,2388.48,24.623505154639176,2.4344329896907215,16.887113402061857,10.352518462996391
Queens,LaGuardia Airport,Queens,Baisley Park,97,5704.39,58.80814432989691,11.890103092783505,27.42491408934708,5.859938289105346
Manhattan,Financial District South,Manhattan,Lenox Hill East,97,3588.49,36.994742268041236,6.318969072164949,20.45635738831615,5.912621608436498
Manhattan,Lincoln Square West,Unknown,Unknown,97,2088.69,21.532886597938145,2.0551546391752575,11.768900343642612,17.2120124290414
Manhattan,Gramercy,Brooklyn,Williamsburg (South Side),97,3286.93,33.885876288659794,4.052268041237113,23.043298969072165,8.482838539926044
Manhattan,Yorkville West,Manhattan,Meatpacking/West Village West,97,4131.88,42.59670103092784,6.452061855670103,27.19398625429553,6.870032042997041
Manhattan,Sutton Place/Turtle Bay North,Manhattan,Chinatown,97,3193.59,32.923608247422685,4.882680412371134,19.386941580756012,6.7843028177112314
Queens,LaGuardia Airport,Brooklyn,Sunset Park West,97,7753.12,79.92907216494845,14.558350515463918,38.96632302405498,5.482048466554834
Brooklyn,Cobble Hill,Brooklyn,Brooklyn Heights,97,1062.71,10.955773195876288,0.672061855670103,6.805841924398625,18.098945622722965
Manhattan,Meatpacking/West Village West,Manhattan,Seaport,97,2371.73,24.45082474226804,2.66659793814433,15.471821305841924,9.475992008015169
Manhattan,Midtown Center,Queens,Steinway,96,3942.34,41.06604166666667,5.8478125,28.343229166666664,7.158668253669852
Manhattan,Yorkville East,Manhattan,Bloomingdale,96,2350.71,24.4865625,2.6759375,16.558680555555554,9.298484512262645
Manhattan,World Trade Center,Manhattan,Lincoln Square East,96,3971.28,41.3675,5.752604166666667,27.880555555555556,7.257872203299989
Manhattan,Chinatown,Manhattan,Murray Hill,96,2671.76,27.830833333333334,3.3878125000000003,17.717187499999998,8.642683555923206
Manhattan,Stuy Town/Peter Cooper Village,Manhattan,East Chelsea,96,2101.0,21.885416666666668,1.934375,14.772395833333334,11.52863858201093
Manhattan,Financial District North,Manhattan,Lincoln Square East,96,4170.96,43.4475,6.564791666666667,26.24045138888889,6.699441820658218
Queens,East Elmhurst,Manhattan,World Trade Center,96,7831.04,81.57333333333334,13.611354166666667,34.93472222222222,5.996305496452013
Manhattan,TriBeCa/Civic Center,Brooklyn,Boerum Hill,96,2576.18,26.83520833333333,2.9968749999999997,16.146354166666665,9.047542006442141
Manhattan,Lower East Side,Brooklyn,Clinton Hill,96,2980.4,31.045833333333334,3.8628125,18.51215277777778,8.135952167719239
Manhattan,Hudson Sq,Queens,LaGuardia Airport,96,6710.55,69.9015625,11.407291666666666,33.906423611111116,6.1275945718563305
Manhattan,Financial District South,Manhattan,Yorkville West,96,4079.2,42.49166666666667,7.6821875,21.22829861111111,5.549767057739907
Manhattan,Flatiron,Manhattan,Bloomingdale,96,3786.2,39.43958333333333,5.333645833333333,25.52013888888889,7.414680424064851
Manhattan,Alphabet City,Manhattan,Little Italy/NoLiTa,96,1683.33,17.5346875,1.3240625,9.69548611111111,13.657712036795852
Manhattan,Seaport,Manhattan,Financial District North,95,1534.96,16.157473684210526,0.6485263157894737,5.410701754385965,150.27301288080534
Manhattan,Meatpacking/West Village West,Manhattan,Yorkville East,95,3941.77,41.492315789473686,6.027368421052632,27.583508771929825,6.987116155157648
Manhattan,Battery Park City,Brooklyn,Brooklyn Heights,95,2985.18,31.422947368421053,3.7957894736842106,17.119298245614033,8.344494471971535
Manhattan,Upper East Side South,Queens,Steinway,95,3654.57,38.469157894736846,5.301894736842105,26.697719298245612,7.425582888736923
Manhattan,East Village,Brooklyn,Prospect Heights,95,3423.56,36.037473684210525,4.668315789473684,22.99350877192982,7.812144754093346
Manhattan,Penn Station/Madison Sq West,Manhattan,Manhattanville,95,3844.7,40.47052631578947,6.338105263157895,24.8859649122807,6.419044005701354
Manhattan,Little Italy/NoLiTa,Queens,JFK Airport,95,8238.06,86.71642105263157,17.87484210526316,53.56684210526316,4.962568290051041
Manhattan,Upper East Side North,Manhattan,Manhattanville,95,2676.89,28.17778947368421,3.5090526315789474,18.55578947368421,8.200868868189103
Manhattan,Chinatown,Manhattan,East Chelsea,95,2584.7799999999997,27.20821052631579,3.166842105263158,19.332807017543857,8.655310622476927
Queens,JFK Airport,Bronx,West Concourse,95,8926.36,93.96168421052633,20.413684210526316,41.86210526315789,4.619472079981545
Manhattan,Meatpacking/West Village West,Manhattan,Central Park,95,3372.23,35.497157894736844,4.658947368421053,23.764912280701754,7.9429831923824255
Queens,East Elmhurst,Brooklyn,Park Slope,95,6599.6,69.46947368421053,11.85778947368421,35.447719298245616,5.88017921589538
Manhattan,Flatiron,Manhattan,Washington Heights South,95,4440.75,46.74473684210526,8.513684210526316,26.263157894736842,5.520527593297592
Manhattan,Lenox Hill East,Brooklyn,Greenpoint,95,3368.49,35.45778947368421,4.508105263157894,22.784912280701754,7.932780748429582
Manhattan,Upper East Side South,Manhattan,Roosevelt Island,94,2893.4,30.78085106382979,3.841382978723404,20.756560283687943,8.924330457670083
Brooklyn,Park Slope,Brooklyn,Park Slope,94,1531.84,16.296170212765958,1.8314893617021277,6.9017730496453895,111.51455999936857
Manhattan,Midtown North,Unknown,Outside of NYC,94,11786.12,125.38425531914895,17.75563829787234,41.378191489361704,8.157844819531144
Manhattan,Hudson Sq,Manhattan,Lincoln Square West,94,3109.09,33.075425531914895,4.268085106382979,21.31950354609929,7.808604078880659
Manhattan,Greenwich Village North,Manhattan,East Harlem South,94,3607.81,38.38095744680851,5.166489361702127,25.74822695035461,7.495525921594933
Manhattan,Upper East Side South,Brooklyn,Greenpoint,94,3311.85,35.23244680851064,4.339468085106383,23.116843971631205,8.18347508250978
Manhattan,Midtown South,Brooklyn,Williamsburg (South Side),94,3670.49,39.047765957446806,5.3240425531914894,24.915425531914895,7.405235315696994
Manhattan,UN/Turtle Bay South,Manhattan,Chinatown,94,2727.53,29.01627659574468,4.0895744680851065,17.21241134751773,7.212132412342472
Manhattan,UN/Turtle Bay South,Manhattan,Manhattan Valley,94,3307.99,35.191382978723404,4.396595744680851,23.434929078014182,8.059164806400007
Manhattan,Flatiron,Brooklyn,Park Slope,94,4521.86,48.104893617021276,6.601702127659574,30.072695035460995,7.402449677689882
Manhattan,West Chelsea/Hudson Yards,Manhattan,Central Harlem North,94,3691.37,39.269893617021275,6.780531914893617,22.759751773049643,5.831739992831291
Manhattan,West Village,Brooklyn,DUMBO/Vinegar Hill,94,2844.54,30.261063829787233,3.726382978723404,20.5468085106383,8.301161028629075
Manhattan,Flatiron,Brooklyn,Brooklyn Heights,94,3323.42,35.35553191489362,4.7698936170212765,23.301241134751773,7.581624063228867
Manhattan,East Village,Manhattan,Bloomingdale,94,3973.84,42.27489361702128,6.830319148936169,26.317021276595746,6.222275981712488
Manhattan,Financial District South,Queens,LaGuardia Airport,94,7141.62,75.97468085106382,13.522340425531914,33.21152482269503,5.621363683856894
Manhattan,Garment District,Queens,Astoria,94,3570.86,37.98787234042553,5.020212765957447,27.020567375886525,15.059672257597922
Manhattan,Financial District South,Manhattan,SoHo,94,2200.42,23.40872340425532,2.2059574468085104,14.998936170212767,11.17494147455519
Manhattan,West Village,Queens,Astoria,94,4266.42,45.38744680851064,7.001595744680851,28.516134751773052,6.630225812512328
Manhattan,Union Sq,EWR,Newark Airport,94,11528.81,122.64691489361702,16.728191489361702,35.950709219858155,7.3881255943418696
Manhattan,Midtown East,Queens,Old Astoria,94,3181.72,33.848085106382975,4.498191489361702,21.842198581560282,7.667714091801261
Manhattan,Clinton West,Manhattan,Yorkville East,94,2830.08,30.10723404255319,3.6870212765957446,20.324290780141844,8.21355919805734
Manhattan,Seaport,Manhattan,Midtown East,94,3168.1,33.7031914893617,5.046382978723404,17.157801418439714,6.673866284918636
Manhattan,Hamilton Heights,Manhattan,Washington Heights South,93,1322.38,14.219139784946238,1.2755913978494624,8.45752688172043,13.339422797932988
Manhattan,Penn Station/Madison Sq West,Brooklyn,DUMBO/Vinegar Hill,93,3949.94,42.472473118279574,5.991612903225807,28.406272401433693,7.277739702764296
Manhattan,Midtown Center,Queens,Forest Hills,93,5512.99,59.27946236559139,9.132043010752687,33.419713261648745,6.512036512397208
Manhattan,Lenox Hill East,Brooklyn,Park Slope,93,5540.02,59.57010752688173,9.845161290322581,33.2663082437276,6.057406931080286
Manhattan,UN/Turtle Bay South,Queens,Long Island City/Hunters Point,93,2624.82,28.223870967741938,2.7596774193548383,15.571505376344087,10.725594989721797
Manhattan,Manhattan Valley,Manhattan,Flatiron,93,3337.94,35.891827956989246,5.444408602150538,22.989426523297492,6.664105645665152
Queens,JFK Airport,Brooklyn,Columbia Street,93,9810.07,105.48462365591398,23.338709677419356,42.162724014336916,4.551543303937321
Manhattan,Manhattan Valley,Manhattan,Midtown South,93,3340.68,35.921290322580646,4.619354838709677,24.813620071684586,7.884058174626825
Manhattan,Upper West Side South,Manhattan,Inwood,93,3748.82,40.30989247311828,7.260860215053763,18.22795698924731,5.527450217691344
Queens,East Elmhurst,Brooklyn,Greenpoint,93,4113.99,44.236451612903224,6.927741935483871,18.131720430107528,6.396585497709236
Manhattan,Financial District South,Manhattan,Greenwich Village South,93,2301.46,24.746881720430107,2.751075268817204,14.969354838709679,9.479659903105112
Manhattan,TriBeCa/Civic Center,Brooklyn,Downtown Brooklyn/MetroTech,93,2093.04,22.5058064516129,2.3651612903225807,12.682974910394265,9.821827204455378
Manhattan,TriBeCa/Civic Center,Brooklyn,Williamsburg (South Side),93,2997.5,32.23118279569893,3.7635483870967743,20.306810035842293,8.892956863519755
Manhattan,Garment District,Manhattan,Chinatown,93,2964.86,31.880215053763443,3.919247311827957,23.601971326164872,8.390804814679315
Manhattan,Flatiron,Unknown,Unknown,93,2076.61,22.32913978494624,2.12505376344086,13.7752688172043,68.10025765551347
Manhattan,Bloomingdale,Manhattan,Lenox Hill East,93,3003.39,32.29451612903226,3.5929032258064515,22.55985663082437,9.028357932811272
Manhattan,Meatpacking/West Village West,Manhattan,Manhattan Valley,92,3212.64,34.92,5.346195652173913,19.1356884057971,6.559191951837398
Manhattan,Union Sq,Brooklyn,DUMBO/Vinegar Hill,92,3308.85,35.965760869565216,4.717173913043479,22.92264492753623,7.819331987192565
Manhattan,Two Bridges/Seward Park,Manhattan,Little Italy/NoLiTa,92,1620.32,17.612173913043478,1.1876086956521739,9.770471014492754,16.41144808468184
Manhattan,Bloomingdale,Manhattan,West Chelsea/Hudson Yards,92,2806.01,30.500108695652177,4.570326086956522,16.85235507246377,6.712395800702597
Manhattan,Hudson Sq,Manhattan,Clinton West,92,2573.49,27.972717391304347,3.257826086956521,16.64945652173913,8.63429980899767
Manhattan,Morningside Heights,Manhattan,Penn Station/Madison Sq West,92,3594.52,39.07086956521739,5.636195652173913,23.81123188405797,7.01406004156814
Manhattan,Lincoln Square East,Brooklyn,Greenpoint,92,3655.25,39.73097826086956,5.242826086956521,27.46141304347826,7.687997612474491
Manhattan,Midtown East,Unknown,Outside of NYC,92,10429.65,113.36576086956521,15.549999999999999,38.097101449275364,9.160573551290264
Manhattan,East Harlem South,Manhattan,Gramercy,92,3018.21,32.80663043478261,4.821521739130435,22.457427536231886,6.889927330208227
Unknown,Unknown,Manhattan,Upper West Side South,91,2027.37,22.27879120879121,2.1712087912087914,10.737179487179487,14.070259935465554
Manhattan,Lincoln Square East,Manhattan,Inwood,91,4284.95,47.08736263736264,8.570879120879122,20.62802197802198,5.490250913790561
Manhattan,West Village,Brooklyn,Crown Heights North,91,3950.73,43.41461538461539,6.394505494505494,30.269047619047615,6.83621372513239
Manhattan,Stuy Town/Peter Cooper Village,Manhattan,Penn Station/Madison Sq West,91,1899.93,20.87835164835165,1.7767032967032967,13.885714285714284,11.946449409452626
Manhattan,Gramercy,Manhattan,Central Harlem,91,3660.14,40.22131868131868,6.121318681318681,26.102014652014653,6.63866330645704
Manhattan,TriBeCa/Civic Center,Brooklyn,Williamsburg (North Side),91,3289.93,36.153076923076924,4.455274725274726,24.568864468864472,8.265068618968943
Manhattan,Hudson Sq,Manhattan,Alphabet City,91,1890.51,20.774835164835164,1.6953846153846155,12.304578754578754,12.432303149078427
Manhattan,Union Sq,Brooklyn,Boerum Hill,91,3511.5,38.58791208791209,5.215054945054945,25.444505494505492,7.527418756135573
Manhattan,Times Sq/Theatre District,Queens,Forest Hills,91,5455.92,59.95516483516484,9.598791208791209,31.968131868131866,6.894827958677224
Queens,East Elmhurst,Brooklyn,Williamsburg (North Side),91,4245.91,46.65835164835165,7.299340659340659,18.77234432234432,6.400834021378513
Manhattan,Hudson Sq,Manhattan,Lenox Hill East,91,3503.82,38.503516483516485,5.287252747252747,26.27912087912088,7.388225995608551
Manhattan,Kips Bay,Queens,Astoria,91,3209.12,35.26505494505494,4.955604395604396,23.86886446886447,7.2087205423330944
Manhattan,Clinton East,Manhattan,Battery Park,91,2990.98,32.86791208791209,5.051978021978022,21.897252747252747,6.531947687733448
Manhattan,Chinatown,Manhattan,Little Italy/NoLiTa,91,1345.0,14.780219780219781,0.7157142857142856,7.148351648351649,25.04235264928642
Queens,LaGuardia Airport,Queens,North Corona,90,2390.57,26.56188888888889,2.7344444444444442,13.606296296296296,10.155654199948845
Manhattan,Yorkville East,Manhattan,Financial District North,90,3406.23,37.847,6.826999999999999,17.50925925925926,5.548472346568669
Manhattan,SoHo,Brooklyn,Brooklyn Heights,90,2450.03,27.22255555555556,3.0027777777777778,17.518333333333334,9.177113773366926
Manhattan,Financial District South,Manhattan,Lenox Hill West,90,3519.5,39.105555555555554,6.507666666666666,19.969814814814814,6.0274113193309224
Manhattan,Clinton East,Brooklyn,Brooklyn Heights,90,4182.23,46.469222222222214,6.909,29.48425925925926,6.809689571931035
Manhattan,Alphabet City,Manhattan,Kips Bay,90,1629.25,18.102777777777778,1.6086666666666667,9.252592592592594,11.613362700270326
Manhattan,Morningside Heights,Manhattan,West Chelsea/Hudson Yards,90,3061.18,34.01311111111111,5.116555555555555,17.495555555555555,6.702710708884429
Manhattan,Two Bridges/Seward Park,Manhattan,Murray Hill,90,2268.89,25.209888888888887,3.1264444444444446,17.307222222222222,8.400781817276815
Manhattan,Lincoln Square West,Manhattan,Washington Heights North,90,3468.03,38.53366666666667,7.087444444444444,18.845555555555556,5.460324555150534
Manhattan,Clinton East,Manhattan,Chinatown,90,3135.2,34.83555555555555,4.475444444444444,25.094259259259257,7.946605950362943
Manhattan,Yorkville West,Manhattan,Little Italy/NoLiTa,90,3430.51,38.11677777777778,6.0985555555555555,24.028518518518517,6.336882621967984
Manhattan,Greenwich Village North,Brooklyn,Fort Greene,90,2969.04,32.989333333333335,3.901888888888889,22.119444444444444,8.506428158391838
Manhattan,Clinton West,Manhattan,Greenwich Village North,90,2379.56,26.439555555555554,3.0284444444444443,17.656666666666666,8.795494103066144
Manhattan,Yorkville East,Manhattan,Central Harlem North,90,2326.34,25.848222222222223,3.5663333333333336,15.884074074074073,7.435026240051508
Manhattan,Hudson Sq,Manhattan,Yorkville West,90,3621.05,40.23388888888889,5.880000000000001,26.877962962962965,6.978000509273035
Queens,East Elmhurst,Manhattan,Central Harlem,90,4896.8,54.40888888888889,7.3053333333333335,20.601666666666667,7.455454907787186
Manhattan,Seaport,Manhattan,SoHo,90,1715.95,19.066111111111113,812.2375555555556,11.390185185185183,14.874974678137614
Manhattan,Yorkville West,Manhattan,Hamilton Heights,89,2795.78,31.413258426966294,4.6431460674157305,19.772284644194755,6.844081500354894
Manhattan,Central Harlem,Manhattan,Lincoln Square West,89,2275.45,25.566853932584266,3.1819101123595503,17.36629213483146,8.188572368360736
Manhattan,Central Harlem,Manhattan,Upper East Side South,89,2319.78,26.06494382022472,2.9644943820224716,19.11423220973783,8.83497252728781
Manhattan,Greenwich Village South,Brooklyn,Fort Greene,89,2743.36,30.82426966292135,3.5640449438202246,18.786329588014983,9.120980913855794
Manhattan,Stuy Town/Peter Cooper Village,Manhattan,West Village,89,1729.64,19.43415730337079,1.732359550561798,12.139513108614233,11.729024088669354
Manhattan,Union Sq,Brooklyn,Fort Greene,89,3394.33,38.13853932584269,4.594943820224719,26.234831460674158,8.62830179335044
Queens,East Elmhurst,Manhattan,Lower East Side,89,5739.97,64.49404494382023,10.180561797752809,27.237827715355802,6.337674625455862
Manhattan,Kips Bay,Brooklyn,Brooklyn Heights,89,3088.57,34.70303370786517,5.550337078651686,18.143632958801497,6.313412550638362
Manhattan,Lenox Hill East,Manhattan,Washington Heights North,89,3977.61,44.69224719101124,7.700786516853933,27.558239700374532,5.808925323271879
Manhattan,Manhattan Valley,Manhattan,UN/Turtle Bay South,89,3259.38,36.62224719101124,4.64876404494382,26.606928838951312,7.951698259869669
Manhattan,Penn Station/Madison Sq West,Brooklyn,Clinton Hill,89,4358.24,48.968988764044944,6.890112359550562,35.36310861423221,7.152571293905978
Manhattan,Morningside Heights,Manhattan,Midtown East,88,3307.05,37.58011363636364,4.643977272727273,27.159280303030304,8.174713156537246
Manhattan,Seaport,Manhattan,Union Sq,88,2620.53,29.778750000000002,3.5599999999999996,17.94034090909091,8.762638802306514
Manhattan,World Trade Center,Manhattan,Upper East Side North,88,4389.63,49.88215909090909,7.831477272727272,29.36306818181818,6.400945823917739
Manhattan,Lincoln Square East,Queens,Sunnyside,88,2984.2,33.91136363636363,4.26409090909091,24.422348484848484,8.074203033879074
Unknown,Unknown,Manhattan,Times Sq/Theatre District,88,2819.65,32.04147727272727,3.9077272727272727,18.84034090909091,14.163336789660171
Manhattan,Bloomingdale,Manhattan,Manhattanville,88,1234.35,14.026704545454544,1.444090909090909,8.25871212121212,9.825122804096248
Manhattan,Bloomingdale,Manhattan,Hamilton Heights,88,1532.81,17.418295454545454,2.0836363636363635,10.750378787878788,8.461388481597561
Manhattan,Lincoln Square West,Manhattan,Greenwich Village South,88,2965.27,33.69625,4.3426136363636365,24.91742424242424,7.794713578928111
Manhattan,Kips Bay,Unknown,Unknown,88,1859.6100000000001,21.13193181818182,2.2155681818181816,11.720075757575756,13.51896292436325
Manhattan,Yorkville West,Manhattan,Two Bridges/Seward Park,88,2989.62,33.97295454545454,5.713863636363636,17.402083333333334,5.957999342375003
Manhattan,Garment District,Queens,Long Island City/Hunters Point,88,3005.52,34.153636363636366,3.673068181818182,18.849810606060604,9.83453256838494
Manhattan,Kips Bay,Brooklyn,Greenpoint,88,3008.4,34.18636363636364,4.10125,18.26382575757576,8.851522866987313
Manhattan,Financial District North,Manhattan,Hudson Sq,88,1822.0,20.704545454545453,1.8419318181818183,12.304734848484848,11.809405425591352
Queens,East Elmhurst,Manhattan,Central Park,88,6147.61,69.85920454545455,9.52465909090909,30.14659090909091,7.355951168344783
Manhattan,Financial District North,Manhattan,Stuy Town/Peter Cooper Village,88,2280.46,25.91431818181818,3.5568181818181817,11.473484848484848,7.587955992777155
Manhattan,SoHo,Brooklyn,Williamsburg (South Side),88,2573.46,29.24386363636364,3.0846590909090907,18.74810606060606,9.617138164519083
Manhattan,Alphabet City,Manhattan,Union Sq,88,1815.33,20.62875,1.8104545454545453,12.824810606060606,11.59001535249107
Manhattan,Financial District South,Manhattan,Garment District,88,3237.66,36.79159090909091,5.277954545454545,23.914962121212124,7.059138642560271
Manhattan,East Chelsea,Brooklyn,Downtown Brooklyn/MetroTech,88,3500.98,39.783863636363634,5.4979545454545455,26.9780303030303,7.398601214949073
Manhattan,Lenox Hill West,Manhattan,Roosevelt Island,88,2530.79,28.75897727272727,3.753522727272727,17.568181818181817,7.713291675388592
Manhattan,Clinton East,Brooklyn,Park Slope,88,5118.28,58.16227272727272,8.444659090909092,36.09318181818182,6.902428827478485
Queens,East Elmhurst,Manhattan,Lincoln Square West,88,6659.18,75.6725,10.922954545454546,33.63465909090909,6.975160877373691
Queens,JFK Airport,Bronx,Bedford Park,87,8700.7,100.0080459770115,22.066666666666666,42.64961685823754,4.537056393198371
Manhattan,Lenox Hill West,Manhattan,Seaport,87,3219.36,37.004137931034485,6.030459770114942,18.478352490421457,6.146554555873943
Manhattan,Murray Hill,Brooklyn,Williamsburg (South Side),87,3470.51,39.89091954022989,5.519080459770115,24.30823754789272,7.316095684856433
Manhattan,Lenox Hill West,Manhattan,Alphabet City,87,2477.75,28.479885057471265,4.062643678160919,15.116666666666667,7.120771143050036
Queens,East Elmhurst,Queens,Steinway,87,2385.82,27.4232183908046,3.104942528735632,10.877969348659004,9.574767515988995
Manhattan,Greenwich Village South,Manhattan,East Harlem South,87,3498.78,40.21586206896552,5.872298850574713,25.99233716475096,6.902184778039092
Manhattan,Chinatown,Manhattan,West Village,87,1700.65,19.54770114942529,1.7343678160919538,11.227969348659004,11.5828657531127
Manhattan,Upper East Side North,Queens,Astoria,87,3352.89,38.53896551724138,5.029885057471264,25.810536398467434,7.701829469127416
Manhattan,East Harlem North,Manhattan,Central Park,87,1483.09,17.04701149425287,1.7943678160919538,11.643486590038314,10.189465081180908
Manhattan,Lenox Hill West,Manhattan,Hamilton Heights,86,3102.96,36.08093023255814,5.611860465116279,22.702713178294573,6.47470432897139
Manhattan,Hamilton Heights,Manhattan,Upper West Side North,86,2085.2400000000002,24.24697674418605,3.057674418604651,14.622480620155038,7.972029905865337
Manhattan,Meatpacking/West Village West,EWR,Newark Airport,86,10443.25,121.43313953488372,16.296511627906977,35.32538759689922,7.511128351227518
Manhattan,Morningside Heights,Manhattan,Clinton West,86,2461.92,28.62697674418605,4.049302325581396,16.531782945736435,7.342388348598065
Manhattan,World Trade Center,Manhattan,Lenox Hill East,86,3538.96,41.1506976744186,6.378953488372093,21.644573643410855,6.4709796061573925
Manhattan,Kips Bay,Manhattan,Chinatown,86,2202.27,25.607790697674417,3.366046511627907,15.102325581395348,7.894707601426782
Queens,East Elmhurst,Manhattan,Greenwich Village North,86,6024.7,70.05465116279069,10.295232558139535,28.924418604651162,6.850059345123393
Manhattan,World Trade Center,Manhattan,Upper West Side South,86,3790.52,44.07581395348837,6.29046511627907,27.78488372093023,7.0206645790077
Queens,JFK Airport,Bronx,University Heights/Morris Heights,86,8457.8,98.34651162790696,21.858953488372094,42.96976744186047,4.500389538409704
Manhattan,Hamilton Heights,Manhattan,Manhattanville,86,995.1,11.57093023255814,0.8352325581395349,5.699031007751938,23.10638847136646
Manhattan,Upper East Side South,Brooklyn,Park Slope,86,5310.2,61.746511627906976,9.821976744186047,38.098837209302324,6.296977396221515
Manhattan,East Harlem South,Manhattan,East Village,85,3121.98,36.729176470588236,5.800941176470588,23.18764705882353,6.387402988517833
Manhattan,Financial District North,Manhattan,Upper West Side North,85,4209.81,49.52717647058824,7.987647058823528,30.65901960784314,6.261533659451204
Manhattan,Financial District North,Brooklyn,Park Slope,85,3036.1,35.718823529411765,4.320941176470588,21.45843137254902,8.548245567747665
Manhattan,East Village,Brooklyn,Crown Heights North,85,3503.38,41.216235294117645,5.875058823529412,28.696666666666665,7.1503312364484986
Manhattan,Midtown South,Brooklyn,DUMBO/Vinegar Hill,85,3369.44,39.640470588235296,5.779529411764706,24.479607843137256,6.924368518064107
Manhattan,Hudson Sq,Manhattan,Seaport,85,1653.75,19.455882352941178,1.6334117647058823,11.604117647058823,12.422246389258852
Manhattan,East Chelsea,Queens,Astoria,85,4008.4500000000003,47.15823529411765,6.103529411764705,34.82686274509804,7.880440491933251
Queens,East Elmhurst,Manhattan,West Chelsea/Hudson Yards,85,6568.31,77.27423529411764,10.831764705882353,33.875098039215686,7.24709471220248
Manhattan,Upper East Side South,Queens,Forest Hills,85,4863.2300000000005,57.2144705882353,9.108352941176472,36.52450980392157,6.325584266397182
Queens,JFK Airport,Bronx,Mount Hope,85,8506.51,100.07658823529412,21.636235294117647,46.4156862745098,4.633981575997175
Manhattan,Midtown East,Queens,Long Island City/Queens Plaza,85,2120.73,24.94976470588235,2.679529411764706,15.01450980392157,9.48317623219183
Manhattan,Midtown North,Queens,Steinway,85,3260.02,38.35317647058824,5.140588235294118,28.575686274509806,7.463707685100821
Manhattan,Midtown South,Brooklyn,Park Slope,85,4321.69,50.84341176470588,7.663176470588235,31.87333333333333,6.755816127401186
Manhattan,Manhattanville,Manhattan,Upper West Side South,84,2103.6,25.04285714285714,3.005952380952381,15.018849206349206,8.474658802537165
Manhattan,Chinatown,Manhattan,Penn Station/Madison Sq West,84,2310.54,27.50642857142857,2.9496428571428575,19.937103174603173,9.42895754847774
Manhattan,Alphabet City,Manhattan,SoHo,84,1591.61,18.947738095238094,1.4983333333333333,11.253174603174603,12.9109807768703
Manhattan,Lenox Hill West,Manhattan,Chinatown,84,3144.84,37.43857142857143,5.838928571428571,21.64543650793651,6.433298399751472
Manhattan,Seaport,Manhattan,Times Sq/Theatre District,84,3242.56,38.60190476190476,5.341428571428572,26.964087301587305,7.365602093980989
Manhattan,Financial District South,Manhattan,Greenwich Village North,84,2310.12,27.50142857142857,3.4220238095238096,17.15337301587302,8.37360782034971
Unknown,Unknown,Manhattan,Upper West Side North,84,1881.28,22.396190476190476,2.516309523809524,11.457738095238096,12.688964011147323
Manhattan,Battery Park City,Manhattan,Alphabet City,84,2326.41,27.69535714285714,4.1049999999999995,12.406150793650792,6.789459187844167
Manhattan,Two Bridges/Seward Park,Manhattan,Lenox Hill East,84,2462.27,29.312738095238096,4.602619047619048,21.01388888888889,6.452388999457158
Manhattan,Battery Park City,Manhattan,Upper West Side North,84,3529.29,42.01535714285714,6.4384523809523815,24.171626984126984,6.551084465023238
Unknown,Unknown,Manhattan,Lincoln Square East,84,1778.94,21.177857142857142,2.1582142857142856,12.059920634920635,17.52420402568609
Manhattan,Lower East Side,Brooklyn,Bedford,84,2544.73,30.29440476190476,3.8929761904761904,19.421230158730157,7.907967861129679
Manhattan,West Chelsea/Hudson Yards,Manhattan,Hamilton Heights,83,3440.4900000000002,41.45168674698795,6.954578313253013,22.09136546184739,5.979822637315553
Manhattan,World Trade Center,Manhattan,Kips Bay,83,2583.21,31.12301204819277,4.505903614457831,17.985341365461846,7.029742196262921
Manhattan,Central Harlem North,Manhattan,Hamilton Heights,83,1080.96,13.023614457831325,1.0319277108433735,9.00301204819277,14.83109497606792
Manhattan,Sutton Place/Turtle Bay North,Manhattan,Roosevelt Island,83,2270.99,27.36132530120482,3.4644578313253014,17.31144578313253,8.19673470306577
Manhattan,Yorkville East,Manhattan,Stuy Town/Peter Cooper Village,83,2284.19,27.520361445783134,3.773975903614458,12.470682730923693,7.3387640734245405
Manhattan,TriBeCa/Civic Center,Manhattan,Manhattan Valley,83,3586.12,43.20626506024096,6.754819277108433,26.467670682730922,6.4010571282950215
Manhattan,Greenwich Village North,Manhattan,Morningside Heights,83,3910.17,47.11048192771084,7.0124096385542165,31.388353413654617,6.767656448095297
Queens,East Elmhurst,Brooklyn,Boerum Hill,83,5196.48,62.60819277108433,10.524939759036146,31.81124497991968,5.9640298668642995
Manhattan,Union Sq,Manhattan,Bloomingdale,83,3297.44,39.72819277108434,5.385662650602409,26.25562248995984,7.391331076584901
Manhattan,Lenox Hill East,Manhattan,Hamilton Heights,83,2973.27,35.82253012048193,5.549759036144578,23.372088353413652,6.471422688323477
Manhattan,Seaport,Manhattan,Midtown South,83,2677.96,32.26457831325301,4.336506024096385,19.130923694779113,7.632472275548688
Manhattan,Manhattan Valley,Manhattan,Gramercy,83,3368.8,40.58795180722892,5.773975903614458,29.803413654618474,7.099991783002722
Manhattan,Penn Station/Madison Sq West,Brooklyn,East Williamsburg,83,4071.13,49.04975903614458,6.515542168674698,31.134136546184738,7.740033870879896
Queens,LaGuardia Airport,Brooklyn,Midwood,83,7526.31,90.67843373493976,17.418795180722892,47.73032128514056,5.576122906154431
Manhattan,Penn Station/Madison Sq West,Queens,Old Astoria,83,3743.63,45.10397590361446,5.949277108433735,31.495180722891565,7.653073241017067
Manhattan,Seaport,Manhattan,Battery Park City,83,1479.74,17.82819277108434,1.3185542168674698,9.099799196787147,15.455922400325608
Queens,LaGuardia Airport,Brooklyn,Kensington,83,6685.2,80.54457831325301,15.389397590361446,36.81947791164659,5.2324362570687395
Manhattan,UN/Turtle Bay South,Unknown,Unknown,82,2220.57,27.080121951219514,2.2846341463414634,13.534146341463414,305.00290233745324
Queens,JFK Airport,Queens,Queensboro Hill,82,3814.88,46.52292682926829,9.579512195121952,23.7510162601626,4.890644282331065
Manhattan,Yorkville East,Manhattan,Little Italy/NoLiTa,82,2964.5299999999997,36.15280487804878,5.844268292682927,20.34369918699187,6.196055521906325
Manhattan,SoHo,Brooklyn,Williamsburg (North Side),82,2885.07,35.18378048780488,3.6984146341463413,23.333943089430896,9.655759171874791
Manhattan,Lenox Hill East,Queens,Jackson Heights,82,3364.91,41.035487804878045,5.902073170731708,31.716056910569105,7.059930111118846
Manhattan,Midtown East,Brooklyn,Downtown Brooklyn/MetroTech,82,3485.42,42.505121951219515,6.692073170731708,24.02540650406504,6.3908092935782115
Manhattan,Lenox Hill East,Manhattan,Hudson Sq,82,3232.14,39.41634146341463,6.050487804878049,24.196747967479677,6.602574407514063
Manhattan,Little Italy/NoLiTa,Brooklyn,Park Slope,82,2798.83,34.13207317073171,4.41170731707317,21.53170731707317,7.887612812702916
Manhattan,Bloomingdale,Manhattan,Yorkville East,82,2112.39,25.760853658536583,2.830609756097561,17.555284552845528,9.140575140375626
Manhattan,Murray Hill,Unknown,Outside of NYC,82,9252.56,112.8360975609756,18.08487804878049,40.90447154471545,9.111001357529455
Manhattan,Murray Hill,Manhattan,Bloomingdale,82,3013.26,36.74707317073171,4.855853658536585,24.424186991869917,7.70732889474891
Manhattan,Midtown North,Brooklyn,Greenpoint,82,2962.74,36.13097560975609,4.413170731707317,23.473170731707317,8.285855181901342
Manhattan,West Village,Manhattan,Hamilton Heights,82,4029.04,49.13463414634146,8.474634146341463,27.63028455284553,5.799586745896628
Queens,LaGuardia Airport,Queens,Fresh Meadows,82,3734.85,45.546951219512195,8.011585365853659,19.17520325203252,5.728559588519394
Manhattan,Bloomingdale,Manhattan,East Chelsea,82,2716.71,33.13060975609756,4.817317073170732,20.148577235772358,6.924377429669759
Manhattan,Lower East Side,Brooklyn,Fort Greene,82,2309.74,28.167560975609753,3.224390243902439,16.74471544715447,8.837394852140168
Queens,Sunnyside,Manhattan,Midtown Center,82,2774.99,33.84134146341463,3.823170731707317,23.102439024390247,8.965990914057516
Manhattan,Lower East Side,Brooklyn,Boerum Hill,82,2317.29,28.25963414634146,3.541951219512195,15.931097560975608,8.33914555899489
Manhattan,Murray Hill,Manhattan,Washington Heights South,82,4014.46,48.95682926829269,8.657439024390243,30.207926829268295,5.706496123674496
Manhattan,Midtown Center,Queens,Old Astoria,82,2785.49,33.96939024390244,4.372926829268293,23.402032520325204,7.8082536220296035
Manhattan,UN/Turtle Bay South,Manhattan,Central Harlem,82,2825.47,34.45695121951219,4.940975609756098,23.428252032520323,7.0488133530403925
Manhattan,Upper West Side North,Manhattan,Greenwich Village South,82,3360.41,40.98060975609756,5.750121951219512,29.672154471544715,7.29812720013287
Manhattan,Seaport,Manhattan,Midtown Center,82,2917.42,35.57829268292683,5.090853658536585,20.677235772357722,7.1193816846563305
Manhattan,Central Harlem,Manhattan,Clinton East,81,2392.59,29.53814814814815,4.01641975308642,19.327777777777776,7.650866236955927
Manhattan,Stuy Town/Peter Cooper Village,Manhattan,Greenwich Village North,81,1282.33,15.831234567901234,1.0828395061728395,8.530041152263374,15.44070355399921
Manhattan,Bloomingdale,Manhattan,Times Sq/Theatre District,81,2365.31,29.20135802469136,3.543333333333333,19.299794238683127,8.385990055097851
Manhattan,Morningside Heights,Queens,JFK Airport,81,7493.98,92.51827160493826,18.94061728395062,47.06502057613169,4.902864486045311
Manhattan,Upper West Side South,Manhattan,Stuy Town/Peter Cooper Village,81,2884.58,35.6120987654321,4.899629629629629,23.715843621399177,7.3392569947646145
Manhattan,Kips Bay,Brooklyn,Bedford,81,3010.18,37.162716049382716,5.997901234567901,30.673251028806582,6.257662161131443
Manhattan,Financial District South,Manhattan,Upper East Side South,81,3311.35,40.88086419753086,6.852098765432099,22.670164609053497,5.973758239148917
Manhattan,Alphabet City,Manhattan,Two Bridges/Seward Park,81,1348.73,16.65098765432099,1.162469135802469,7.13045267489712,19.372275991825916
Manhattan,Manhattanville,Manhattan,Central Harlem North,81,1125.06,13.88962962962963,1.3346913580246913,9.536008230452675,11.130731285430493
Manhattan,Lower East Side,Manhattan,Manhattan Valley,81,3634.9,44.87530864197531,7.387037037037038,28.197119341563788,6.11366354023021
Manhattan,Midtown South,Queens,Sunnyside,81,3012.48,37.19111111111111,4.801975308641975,23.488683127572017,7.947023280301492
Manhattan,East Chelsea,Brooklyn,Fort Greene,81,3571.44,44.09185185185185,5.792098765432099,31.84156378600823,7.703903616961048
Manhattan,Central Harlem,Queens,LaGuardia Airport,81,3977.84,49.10913580246914,7.458888888888889,20.104732510288066,6.648731791647258
Manhattan,World Trade Center,Manhattan,Lincoln Square West,81,3122.13,38.54481481481481,5.255802469135802,24.8940329218107,7.345970023023379
Queens,LaGuardia Airport,Queens,Queensbridge/Ravenswood,81,3152.51,38.91987654320988,5.267037037037037,19.853086419753087,7.583894567277477
Manhattan,Alphabet City,Manhattan,TriBeCa/Civic Center,81,1893.57,23.377407407407407,2.8376543209876544,14.479629629629628,9.131856296398533
Manhattan,Gramercy,Manhattan,Morningside Heights,81,3425.24,42.28691358024691,6.492962962962962,28.868518518518517,6.5545320979337935
Manhattan,Stuy Town/Peter Cooper Village,Manhattan,Midtown South,80,1577.35,19.716874999999998,1.5785,12.023333333333333,12.843500816093618
Manhattan,Financial District South,Queens,JFK Airport,80,7329.3099999999995,91.61637499999999,21.784875,55.90708333333333,4.295271232771577
Manhattan,Penn Station/Madison Sq West,Brooklyn,Crown Heights North,80,4331.55,54.144375000000004,8.43275,42.18125,12.766622779008568
Manhattan,Two Bridges/Seward Park,Manhattan,Financial District North,80,1548.47,19.355875,1.9295000000000002,9.840625,11.022849041339745
Manhattan,Greenwich Village South,Brooklyn,East Williamsburg,80,2690.7400000000002,33.63425,4.088,21.0775,8.318922159217673
Manhattan,Washington Heights South,Manhattan,Upper West Side North,80,2361.6,29.52,4.380625,18.40625,6.884463612758732
Manhattan,Central Park,Manhattan,World Trade Center,80,3634.33,45.429125,7.3626249999999995,27.914375,6.281525695484921
Manhattan,TriBeCa/Civic Center,Manhattan,East Harlem South,80,3829.04,47.863,8.360625,30.13958333333333,5.806471440104142
Manhattan,Yorkville West,Queens,Long Island City/Hunters Point,80,2281.65,28.520625000000003,3.607625,18.333125000000003,8.26207265954997
Manhattan,East Harlem North,Manhattan,Upper West Side South,80,2127.74,26.596749999999997,3.2223750000000004,18.024375,8.262191105414384
Manhattan,Seaport,Manhattan,UN/Turtle Bay South,80,2421.54,30.26925,4.564375,13.240833333333333,6.720487952847201
Manhattan,Seaport,Manhattan,Greenwich Village South,80,1748.18,21.85225,2.066625,12.87875,11.198160545234085
Queens,JFK Airport,Bronx,Pelham Parkway,80,7499.64,93.7455,19.951375,37.48375,4.711676296025602
Manhattan,East Chelsea,Manhattan,Manhattanville,80,3011.15,37.639375,6.0815,22.461041666666667,6.191589600140106
Manhattan,SoHo,Manhattan,Central Park,79,2926.9,37.049367088607596,4.611898734177215,27.56814345991561,8.248114726008755
Queens,East Elmhurst,Manhattan,Morningside Heights,79,4817.25,60.97784810126582,8.127088607594937,25.209071729957806,7.535747978082275
Manhattan,Lenox Hill East,Queens,Sunnyside,79,2351.23,29.76240506329114,3.7481012658227852,21.13185654008439,8.135058358638638
Manhattan,Washington Heights South,Manhattan,Washington Heights North,79,1393.5,17.639240506329113,1.5064556962025317,10.528270042194093,15.760655188433752
Manhattan,Yorkville East,Manhattan,Alphabet City,79,2238.14,28.330886075949365,4.696582278481013,13.772573839662448,6.0562000284007285
Queens,LaGuardia Airport,Bronx,Soundview/Castle Hill,79,4770.12,60.38126582278481,9.634556962025316,21.353797468354433,6.346417348029733
Queens,East Elmhurst,Manhattan,Central Harlem North,79,4132.42,52.309113924050635,7.461265822784811,16.804430379746837,7.125438638497079
Queens,East Elmhurst,Queens,Forest Hills,79,2833.18,35.86303797468354,5.444810126582278,15.10548523206751,9.531752383364648
Manhattan,TriBeCa/Civic Center,Brooklyn,Fort Greene,79,2286.85,28.947468354430377,3.1656962025316457,17.587763713080168,9.272914710161984
Manhattan,Lower East Side,Manhattan,Morningside Heights,79,3887.51,49.20898734177216,8.449493670886076,30.03417721518987,5.8430131138469354
Queens,East Elmhurst,Queens,Long Island City/Hunters Point,79,3689.51,46.702658227848104,6.913797468354431,20.170886075949365,6.800682325665794
Manhattan,Greenwich Village South,Queens,JFK Airport,79,6914.7,87.52784810126582,17.79367088607595,48.84113924050633,5.214678996357662
Manhattan,Financial District South,Manhattan,Kips Bay,79,2334.62,29.552151898734177,4.529367088607595,14.55632911392405,6.53839637169736
Queens,JFK Airport,Bronx,Belmont,79,7908.8,100.1113924050633,21.197721518987343,40.163713080168776,4.7343507584128925
Manhattan,West Village,Brooklyn,Carroll Gardens,79,3080.88,38.99848101265823,5.093164556962026,21.5210970464135,7.715575294861314
Manhattan,Flatiron,Manhattan,Central Harlem North,79,3600.5,45.575949367088604,7.48987341772152,27.902320675105486,6.1209062237131455
Manhattan,Manhattan Valley,Manhattan,Garment District,78,2391.55,30.66089743589744,3.826923076923077,20.683974358974357,8.11323222442175
Manhattan,Lincoln Square East,Manhattan,Financial District South,78,3259.2400000000002,41.78512820512821,6.630897435897436,26.3241452991453,6.372319889490354
Manhattan,Yorkville East,Manhattan,World Trade Center,78,3190.53,40.90423076923077,7.591794871794871,18.049358974358974,5.393767562282702
Manhattan,Manhattan Valley,Manhattan,Kips Bay,78,3006.83,38.54910256410256,5.571025641025641,27.662606837606837,6.928146431939156
Manhattan,Greenwich Village South,Brooklyn,Clinton Hill,78,2624.29,33.64474358974359,4.3133333333333335,21.582905982905984,7.8702104655461085
Manhattan,Battery Park City,Manhattan,Yorkville East,78,3637.94,46.64025641025641,8.171666666666667,25.550213675213676,5.718369387237261
Manhattan,Alphabet City,Manhattan,East Chelsea,78,1966.16,25.207179487179488,2.650128205128205,17.229273504273504,9.629163262261747
Manhattan,Greenwich Village North,Brooklyn,Williamsburg (South Side),78,2439.88,31.280512820512822,3.4182051282051282,20.342521367521368,9.292516458655243
Manhattan,Midtown South,Queens,Old Astoria,78,2910.76,37.3174358974359,5.2187179487179485,24.650641025641026,7.211716173355579
Manhattan,West Village,Queens,Long Island City/Hunters Point,78,3172.05,40.667307692307695,4.984230769230769,23.72713675213675,8.33760937177927
Manhattan,Clinton West,Manhattan,Little Italy/NoLiTa,78,2507.61,32.14884615384616,4.079487179487179,22.87136752136752,7.946781684823239
Manhattan,Upper West Side South,Manhattan,World Trade Center,78,3490.38,44.74846153846154,6.87551282051282,30.543589743589745,6.591899344737335
Manhattan,Clinton West,Manhattan,Kips Bay,78,2072.75,26.57371794871795,2.736153846153846,19.996581196581197,9.832610929817877
Manhattan,Central Harlem,Manhattan,Lenox Hill West,78,2056.52,26.365641025641025,3.147179487179487,18.25897435897436,9.04322177627158
Manhattan,Garment District,Manhattan,Washington Heights North,78,3865.37,49.55602564102564,9.07974358974359,27.130555555555556,5.476364192371574
Manhattan,UN/Turtle Bay South,Brooklyn,Brooklyn Heights,78,3098.13,39.71961538461539,6.263846153846154,21.157692307692308,6.374416479277721
Queens,Long Island City/Hunters Point,Queens,Astoria,78,1313.75,16.84294871794872,1.9423076923076923,11.683760683760685,9.126292831206912
Manhattan,East Village,Queens,Steinway,78,3794.2599999999998,48.64435897435897,8.465641025641027,25.32179487179487,5.80637611213019
Manhattan,Lenox Hill West,Queens,Long Island City/Queens Plaza,78,1732.73,22.21448717948718,2.496794871794872,13.297435897435898,9.294609857175645
Manhattan,Kips Bay,Manhattan,World Trade Center,78,2391.61,30.66166666666667,4.747948717948717,14.569017094017093,6.564776438262918
Manhattan,Upper West Side South,Manhattan,Two Bridges/Seward Park,78,3312.16,42.46358974358974,6.771666666666666,25.201495726495725,6.283964083161496
Manhattan,Greenwich Village South,Queens,Astoria,78,3582.09,45.92423076923077,7.068846153846154,28.276068376068377,6.573361458539294
Manhattan,Greenwich Village South,Brooklyn,DUMBO/Vinegar Hill,78,2123.85,27.228846153846153,2.958974358974359,16.207264957264957,9.336375027405866
Manhattan,Times Sq/Theatre District,Queens,Jackson Heights,78,3777.62,48.43102564102564,6.93397435897436,32.21623931623932,7.0673545315351545
Manhattan,Greenwich Village North,Manhattan,Central Harlem,77,3484.45,45.2525974025974,6.992597402597402,29.630086580086576,6.557267998254413
Manhattan,Lower East Side,Brooklyn,Stuyvesant Heights,77,2559.49,33.24012987012987,4.35103896103896,21.112121212121213,7.751543176900062
Manhattan,Upper East Side North,Queens,Long Island City/Hunters Point,77,2489.58,32.33220779220779,3.7567532467532465,22.773376623376624,8.724122614640951
Manhattan,Upper West Side North,EWR,Newark Airport,77,10130.89,131.57,20.217142857142857,39.087878787878786,6.540108423168994
Manhattan,Upper East Side South,Manhattan,Washington Heights North,77,3580.19,46.49597402597403,7.92025974025974,28.42640692640693,5.888665836431887
Manhattan,East Harlem North,Bronx,Mott Haven/Port Morris,77,1106.17,14.365844155844156,1.695974025974026,10.864718614718615,9.170281950285947
Queens,East Elmhurst,Queens,Flushing,77,2476.07,32.15675324675325,4.411818181818181,14.501731601731601,7.348953315009072
Manhattan,Garment District,Manhattan,Seaport,77,2593.15,33.67727272727273,4.7259740259740255,22.23203463203463,7.265280725658112
Manhattan,TriBeCa/Civic Center,Unknown,Unknown,77,2185.11,28.37805194805195,2.785974025974026,14.411688311688312,84.07037560273396
Brooklyn,Williamsburg (North Side),Brooklyn,Greenpoint,77,974.77,12.65935064935065,1.1181818181818182,7.041341991341991,12.801872249568165
Manhattan,Two Bridges/Seward Park,Manhattan,Kips Bay,77,1730.94,22.47974025974026,2.355844155844156,15.583549783549785,9.94932181722147
Manhattan,West Village,Manhattan,Bloomingdale,77,3105.1,40.32597402597403,5.962987012987012,25.046103896103894,6.819892068253674
Manhattan,Little Italy/NoLiTa,Brooklyn,Greenpoint,77,2547.47,33.08402597402597,4.380519480519481,19.433549783549786,7.616521981349052
Manhattan,World Trade Center,Brooklyn,Brooklyn Heights,77,1891.93,24.570519480519483,2.4954545454545456,14.598051948051948,10.137046249119495
Manhattan,Clinton East,Brooklyn,Williamsburg (North Side),77,3656.57,47.48792207792208,6.642727272727273,30.986363636363635,7.221239602415478
Manhattan,East Harlem South,Manhattan,Union Sq,77,2684.22,34.86,4.432987012987013,26.401948051948054,8.024132356969007
Manhattan,Midtown East,Manhattan,Washington Heights North,77,3865.5099999999998,50.201428571428565,9.14012987012987,26.995021645021648,5.509535309999646
Manhattan,Midtown Center,Brooklyn,Fort Greene,77,3926.66,50.99558441558441,7.56974025974026,31.28722943722944,6.769211914948097
Manhattan,Central Park,EWR,Newark Airport,77,10008.53,129.9809090909091,18.73,38.68744588744589,6.949083703989474
Manhattan,East Village,Manhattan,Washington Heights South,77,3991.16,51.833246753246755,10.394025974025974,28.55995670995671,4.99309428431208
Manhattan,Midtown North,Queens,Old Astoria,77,2511.97,32.62298701298701,4.206233766233766,23.073809523809526,7.789347408334276
Manhattan,Manhattan Valley,Manhattan,West Village,77,3022.09,39.24792207792208,5.946493506493506,23.33138528138528,6.611302610073274
Manhattan,TriBeCa/Civic Center,Brooklyn,Carroll Gardens,76,2392.82,31.484473684210528,3.678815789473684,17.075438596491228,8.681910196754975
Manhattan,Chinatown,Manhattan,Financial District South,76,1268.3,16.688157894736843,1.321578947368421,8.595175438596492,13.556374183510137
Manhattan,Chinatown,Manhattan,Midtown Center,76,2754.49,36.24328947368421,4.290394736842106,25.04824561403509,8.833514748285017
Manhattan,Upper East Side South,Queens,Old Astoria,76,2306.0,30.342105263157894,4.099605263157895,20.621929824561402,7.490604847187652
Manhattan,Hudson Sq,Manhattan,Chinatown,76,1442.92,18.98578947368421,1.3303947368421052,11.808771929824562,15.506577609007218
Unknown,Unknown,Manhattan,Clinton East,76,1998.18,26.291842105263157,2.896578947368421,15.382456140350877,12.519151826168558
Manhattan,Lenox Hill West,Queens,Woodside,76,2214.47,29.137763157894735,4.036578947368421,20.299342105263158,7.254965210746716
Unknown,Unknown,Manhattan,East Chelsea,76,2171.21,28.56855263157895,3.330263157894737,16.148026315789473,13.959928936589584
Manhattan,Lenox Hill West,Queens,Steinway,76,2714.81,35.72118421052632,5.089473684210526,23.04671052631579,7.1864098977254205
Queens,East Elmhurst,Manhattan,East Harlem North,76,3744.7000000000003,49.27236842105263,6.821184210526315,16.75043859649123,7.325775135230509
Queens,East Elmhurst,Manhattan,Manhattan Valley,76,4939.43,64.9925,9.162763157894737,24.738377192982455,7.126535314350098
Manhattan,Murray Hill,Brooklyn,Downtown Brooklyn/MetroTech,76,3066.58,40.349736842105266,5.849210526315789,23.71315789473684,7.03305099237506
Manhattan,East Village,EWR,Newark Airport,76,8388.55,110.37565789473683,15.354736842105263,35.03881578947368,7.377917182283131
Manhattan,Clinton West,Manhattan,SoHo,76,2275.4,29.939473684210526,3.6380263157894737,20.51622807017544,8.266342354183944
Manhattan,East Harlem South,Manhattan,Garment District,76,2473.08,32.54052631578947,3.9560526315789475,24.49780701754386,8.298594802525056
Manhattan,Sutton Place/Turtle Bay North,Queens,Long Island City/Queens Plaza,76,1664.64,21.903157894736843,2.476578947368421,13.384429824561403,9.944435289900158
Manhattan,Hamilton Heights,Manhattan,Upper West Side South,76,2103.27,27.674605263157893,3.642631578947368,15.994517543859649,7.685117921691953
Manhattan,Financial District South,Manhattan,Midtown North,76,3266.38,42.97868421052632,6.485263157894737,27.60285087719298,6.646470211172941
Manhattan,Central Harlem,Manhattan,Times Sq/Theatre District,76,2312.38,30.426052631578948,4.112763157894737,21.653508771929825,10.20785350927665
Manhattan,Upper West Side South,Manhattan,Financial District North,76,3468.0,45.63157894736842,7.464342105263158,29.501096491228072,6.174997007111286
Queens,JFK Airport,Bronx,Highbridge,76,6990.24,91.97684210526316,20.522105263157897,39.142324561403505,4.497765521686264
Manhattan,Kips Bay,Manhattan,Central Harlem,75,2765.69,36.87586666666667,5.869466666666667,24.223333333333333,6.419608515853399
Queens,LaGuardia Airport,Queens,Queens Village,75,4444.08,59.2544,11.427733333333334,24.89977777777778,5.181468355674904
Manhattan,World Trade Center,Brooklyn,DUMBO/Vinegar Hill,75,1819.1,24.254666666666665,2.4028,15.324,10.613455337414157
Manhattan,East Village,Queens,Sunnyside,75,2853.45,38.046,5.5952,22.894888888888886,6.903089954951236
Manhattan,Midtown Center,Manhattan,Roosevelt Island,75,2611.54,34.82053333333333,4.281199999999999,23.86733333333333,8.203828032489461
Manhattan,Washington Heights South,Manhattan,Morningside Heights,75,1611.09,21.481199999999998,380.54546666666664,13.433555555555555,7.876116917184193
Manhattan,Midtown South,Queens,Steinway,75,3376.97,45.026266666666665,6.659866666666667,27.140888888888888,6.826204787451472
Manhattan,Gramercy,Brooklyn,Greenpoint,75,2842.68,37.9024,4.538,19.297333333333334,8.587582149451366
Manhattan,Yorkville East,Manhattan,Chinatown,75,2824.41,37.6588,6.4628,20.276222222222223,5.852782335043692
Manhattan,Chinatown,Manhattan,Midtown South,75,2188.77,29.1836,3.3249333333333335,20.712222222222223,9.18232225701507
Manhattan,Lenox Hill West,Manhattan,World Trade Center,75,3091.95,41.226,6.900533333333333,21.60377777777778,5.9916355900968234
Manhattan,Gramercy,Brooklyn,Park Slope,75,3432.88,45.77173333333334,6.477333333333333,30.27288888888889,7.2559323117038215
Manhattan,Midtown North,Brooklyn,Williamsburg (North Side),75,3418.95,45.586,6.095066666666667,30.516888888888893,7.561425938712747
Unknown,Unknown,Manhattan,Murray Hill,75,1984.31,26.457466666666665,2.8458666666666668,12.863555555555555,31.25957260773096
Manhattan,Lower East Side,Brooklyn,DUMBO/Vinegar Hill,75,1787.93,23.839066666666668,2.7476,14.004666666666665,8.985174763795428
Manhattan,Sutton Place/Turtle Bay North,Brooklyn,Brooklyn Heights,75,3022.79,40.303866666666664,6.747466666666667,21.086222222222222,5.984607554665879
Manhattan,Little Italy/NoLiTa,Brooklyn,Fort Greene,75,1953.04,26.040533333333332,2.996,15.427333333333333,8.72817864532045
Manhattan,Two Bridges/Seward Park,Manhattan,East Chelsea,75,2266.29,30.2172,3.5818666666666665,21.753999999999998,8.656606199453236
Manhattan,Financial District South,Manhattan,Yorkville East,75,3319.12,44.254933333333334,7.301200000000001,23.476,6.090068168298717
Manhattan,Upper East Side North,Queens,Sunnyside,74,2464.28,33.30108108108109,4.386081081081081,25.223873873873874,7.861728927127166
Manhattan,Sutton Place/Turtle Bay North,Manhattan,Bloomingdale,74,2334.18,31.542972972972972,4.141081081081081,21.457207207207205,7.631999959713065
Manhattan,West Village,Manhattan,Washington Heights North,74,4416.58,59.68351351351351,10.750405405405406,31.81036036036036,5.576165677009066
Manhattan,UN/Turtle Bay South,Manhattan,Seaport,74,2310.89,31.22824324324324,4.558648648648648,15.659009009009008,6.869785714751429
Manhattan,Midtown North,Brooklyn,DUMBO/Vinegar Hill,74,3437.12,46.44756756756757,7.5136486486486485,30.260585585585584,6.208295807769574
Manhattan,Upper West Side North,Manhattan,Lower East Side,74,3435.76,46.429189189189195,7.342297297297298,29.79031531531531,6.372091990496336
Manhattan,Battery Park,Manhattan,Times Sq/Theatre District,74,3082.14,41.65054054054054,5.91081081081081,29.8722972972973,7.088662040207423
Manhattan,Midtown East,Queens,Jackson Heights,74,2968.84,40.11945945945946,5.73027027027027,27.826126126126123,7.178337119229038
Manhattan,Central Park,Manhattan,Financial District South,74,3199.23,43.232837837837835,7.437027027027027,25.687387387387385,5.868760635877736
Manhattan,Lenox Hill West,Brooklyn,Greenpoint,74,2492.68,33.68486486486486,4.437837837837837,21.25202702702703,7.703208600717125
Manhattan,Manhattanville,Manhattan,Manhattanville,74,930.3100000000001,12.571756756756757,0.81,4.596846846846847,110.44928332533412
Manhattan,East Village,Manhattan,Hamilton Heights,74,3879.2,52.42162162162162,9.356216216216216,30.575000000000003,5.631829189648524
Manhattan,West Village,Brooklyn,Downtown Brooklyn/MetroTech,74,2185.72,29.536756756756755,3.683783783783784,18.61554054054054,8.281638848444489
Manhattan,Greenwich Village South,Unknown,Unknown,74,1780.31,24.058243243243243,1.8525675675675677,12.39009009009009,163.9493991454787
Manhattan,East Village,Brooklyn,Carroll Gardens,74,2677.89,36.1877027027027,5.073378378378378,20.55337837837838,7.22358888112001
Manhattan,Flatiron,Manhattan,East Harlem North,74,2773.25,37.476351351351354,6.0191891891891895,23.220045045045044,6.284785185584812
Manhattan,Upper West Side North,Manhattan,Little Italy/NoLiTa,74,3346.27,45.21986486486487,6.748918918918919,30.809684684684683,6.737374452128109
Manhattan,Lincoln Square East,Queens,Jackson Heights,74,3414.87,46.14689189189189,6.810675675675676,34.634684684684686,6.910325377701772
Manhattan,Alphabet City,Manhattan,Flatiron,74,1649.5,22.29054054054054,2.1643243243243244,13.838963963963963,10.471061287973596
Manhattan,Seaport,Manhattan,World Trade Center,74,1139.85,15.403378378378378,0.9775675675675676,6.867792792792793,22.08165305892306
Manhattan,Bloomingdale,Queens,LaGuardia Airport,74,4369.78,59.05108108108108,8.725675675675676,25.683108108108108,6.770295502879063
Queens,Long Island City/Hunters Point,Queens,Sunnyside,74,1284.98,17.364594594594596,1.3537837837837838,8.059234234234234,30.23481418530183
Manhattan,Alphabet City,Manhattan,Greenwich Village North,73,1280.68,17.543561643835616,1.291917808219178,10.299771689497717,14.12745390962066
Manhattan,Financial District South,Manhattan,Flatiron,73,2180.27,29.86671232876712,3.7678082191780824,19.104794520547948,8.081050130018355
Manhattan,Gramercy,Brooklyn,Williamsburg (North Side),73,2734.84,37.46356164383562,4.67986301369863,23.769178082191782,8.101706833934339
Manhattan,Midtown South,Manhattan,Bloomingdale,73,2538.5,34.773972602739725,4.643287671232876,23.636529680365296,7.540357372132966
Manhattan,Union Sq,Manhattan,Washington Heights South,73,3574.86,48.97068493150685,8.983561643835616,28.829452054794523,5.448368786803635
Manhattan,Penn Station/Madison Sq West,Brooklyn,Bushwick South,73,3959.2799999999997,54.23671232876712,7.581506849315069,37.98835616438356,7.180538109776348
Manhattan,Stuy Town/Peter Cooper Village,Manhattan,Flatiron,73,1328.83,18.203150684931504,1.3854794520547946,10.660730593607306,13.478185543859734
Queens,LaGuardia Airport,Queens,Glendale,73,3951.44,54.12931506849315,9.693150684931506,23.206849315068492,5.637291075922656
Queens,Queensbridge/Ravenswood,Queens,Queensbridge/Ravenswood,73,847.55,11.610273972602739,1.3134246575342465,7.084474885844748,211.3040777942735
Manhattan,Chinatown,Manhattan,Seaport,73,1092.74,14.969041095890411,0.7760273972602739,6.424429223744292,21.258719903365346
Manhattan,Little Italy/NoLiTa,Brooklyn,DUMBO/Vinegar Hill,73,1789.16,24.509041095890414,2.485890410958904,15.852283105022831,10.090720737183732
Manhattan,Central Park,Manhattan,Hudson Sq,73,2963.48,40.59561643835617,5.095068493150685,28.46917808219178,8.218443844008972
Manhattan,Two Bridges/Seward Park,Manhattan,West Village,73,1739.67,23.83109589041096,2.2105479452054797,15.891780821917807,11.011798197237972
Manhattan,Hudson Sq,Manhattan,Financial District South,73,1546.05,21.17876712328767,2.1206849315068492,12.717123287671233,10.410210502922629
Manhattan,Central Park,Manhattan,Washington Heights South,73,2603.92,35.67013698630137,5.847808219178082,19.99337899543379,6.126491727972263
Manhattan,Flatiron,Brooklyn,Williamsburg (South Side),73,2697.7400000000002,36.955342465753425,4.635342465753425,26.265753424657536,8.06293666851082
Manhattan,Greenwich Village South,Brooklyn,Boerum Hill,73,2226.69,30.50260273972603,3.763013698630137,18.612785388127854,8.2418927313014
Manhattan,Two Bridges/Seward Park,Manhattan,Times Sq/Theatre District,73,2424.56,33.213150684931506,4.742328767123287,25.10684931506849,7.171319677609451
Manhattan,Midtown Center,Brooklyn,Downtown Brooklyn/MetroTech,73,3348.93,45.87575342465753,6.705342465753425,29.431963470319634,6.956839424353977
Manhattan,Lenox Hill West,Manhattan,Hudson Sq,72,2746.07,38.13986111111112,5.422916666666667,24.830324074074074,7.288921344152781
Manhattan,Upper East Side North,Brooklyn,Brooklyn Heights,72,3777.91,52.47097222222222,8.724305555555555,29.85925925925926,6.031405202766914
Manhattan,Financial District North,Manhattan,Lincoln Square West,72,3076.42,42.72805555555556,6.265972222222222,26.904398148148147,6.873765522986156
Manhattan,Penn Station/Madison Sq West,Brooklyn,Carroll Gardens,72,3537.56,49.132777777777775,6.9655555555555555,29.570601851851855,7.093377396139448
Manhattan,Financial District North,Manhattan,Upper West Side South,72,3359.4300000000003,46.658750000000005,7.259861111111111,29.170370370370375,6.485549583191217
Manhattan,Little Italy/NoLiTa,Queens,LaGuardia Airport,72,4832.17,67.11347222222223,11.128333333333334,32.295833333333334,6.014472630030038
Manhattan,Upper East Side North,Manhattan,Chinatown,72,3150.59,43.75819444444445,7.082083333333333,26.132175925925925,6.420769535090617
Manhattan,Gramercy,Manhattan,Central Harlem North,72,2970.16,41.25222222222222,7.0720833333333335,26.444212962962965,5.919156917728298
Manhattan,Central Harlem North,Manhattan,Upper West Side North,72,1645.41,22.85291666666667,2.7179166666666665,15.449768518518518,8.390612512308426
Manhattan,Washington Heights South,Manhattan,Central Harlem North,72,1272.8,17.677777777777777,2.135,12.965509259259258,9.547282224766487
Manhattan,Flatiron,Queens,Astoria,72,3099.42,43.0475,6.156944444444445,29.387962962962963,7.070766957638039
Manhattan,Clinton East,Queens,Old Astoria,72,2716.5299999999997,37.72958333333333,5.251666666666667,24.150694444444444,7.219010631123314
Manhattan,Hamilton Heights,Manhattan,Manhattan Valley,72,1330.8,18.483333333333334,2.3491666666666666,13.389583333333333,8.038514292808502
Manhattan,West Chelsea/Hudson Yards,Manhattan,Bloomingdale,72,2329.13,32.34902777777778,4.409861111111111,18.62986111111111,7.339595233918619
Manhattan,Lenox Hill East,Queens,Steinway,72,3046.25,42.30902777777778,5.945694444444444,25.63726851851852,7.216692560056292
Queens,East Elmhurst,Manhattan,Battery Park City,72,6353.03,88.23652777777778,14.664027777777777,37.420138888888886,6.046131271792724
Manhattan,Financial District South,Manhattan,Upper East Side North,72,3255.74,45.21861111111111,7.748611111111111,25.050694444444446,5.84697438694517
Manhattan,Garment District,Manhattan,Manhattanville,72,2722.7,37.81527777777777,5.9075,22.91550925925926,6.515299822378768
Manhattan,Lower East Side,Manhattan,Central Harlem,72,3550.52,49.312777777777775,8.500833333333334,29.05185185185185,5.802682623501084
Manhattan,West Village,Unknown,Outside of NYC,71,6443.79,90.75760563380281,10.726197183098593,27.715962441314552,14.659420455448798
Manhattan,East Chelsea,Brooklyn,Clinton Hill,71,3536.39,49.808309859154924,6.936056338028169,36.01244131455399,7.2765173604365385
Manhattan,Battery Park City,Brooklyn,DUMBO/Vinegar Hill,71,2067.59,29.12098591549296,3.7216901408450704,16.420892018779345,8.083256003569687
Manhattan,East Village,Brooklyn,Bedford,71,2542.81,35.81422535211267,4.497746478873239,23.973239436619718,8.037383262887934
Manhattan,Kips Bay,Queens,Sunnyside,71,2311.35,32.554225352112674,4.251408450704226,21.90962441314554,7.890292848158582
Manhattan,Greenwich Village North,Brooklyn,Williamsburg (North Side),71,2614.84,36.8287323943662,4.3333802816901414,26.084272300469483,8.592276316600541
Manhattan,Yorkville East,Manhattan,SoHo,71,2770.2,39.0169014084507,5.858732394366196,22.731220657276996,7.497108885278456
Manhattan,Clinton West,Manhattan,Central Harlem North,71,2549.16,35.903661971830985,5.952535211267605,20.106338028169013,6.090829173384261
Manhattan,Garment District,Queens,Sunnyside,71,2683.58,37.7969014084507,4.952957746478874,25.693661971830984,8.16650692880266
Manhattan,Sutton Place/Turtle Bay North,Manhattan,Central Harlem North,71,2415.7599999999998,34.02478873239436,5.444084507042253,19.742957746478872,6.300074597934073
Manhattan,Financial District North,EWR,Newark Airport,71,8388.0,118.14084507042253,16.060422535211266,36.20164319248826,7.407000070486433
Manhattan,Lincoln Square West,Manhattan,Little Italy/NoLiTa,71,2595.98,36.5630985915493,4.989154929577465,25.638028169014085,7.351042074112155
Manhattan,Greenwich Village South,Queens,LaGuardia Airport,71,4755.6,66.98028169014086,11.136760563380282,31.76361502347418,6.015156072848005
Manhattan,West Village,Brooklyn,Bushwick South,71,3256.01,45.85929577464789,6.3218309859154935,30.947183098591548,7.31167241090351
Manhattan,Murray Hill,Brooklyn,DUMBO/Vinegar Hill,71,2871.83,40.448309859154925,5.925352112676056,24.717840375586857,6.883795844348614
Manhattan,Times Sq/Theatre District,Brooklyn,Downtown Brooklyn/MetroTech,71,3244.16,45.69239436619718,6.856901408450704,29.268544600938966,6.737045245840675
Manhattan,Union Sq,Brooklyn,Clinton Hill,71,2859.99,40.281549295774646,5.4284507042253525,27.169014084507044,7.479986643687387
Manhattan,West Village,Brooklyn,Prospect Heights,71,2738.18,38.56591549295774,5.038028169014084,25.184037558685446,7.701071037521308
Manhattan,Midtown Center,Queens,Jackson Heights,71,3379.64,47.60056338028169,6.511408450704225,31.55399061032864,7.423526692376395
Queens,East Elmhurst,Manhattan,Little Italy/NoLiTa,71,4819.18,67.87577464788733,10.537746478873238,28.56431924882629,6.482190658459635
Manhattan,Morningside Heights,Manhattan,Murray Hill,70,2859.63,40.85185714285714,5.349142857142857,27.918333333333333,7.791797569009584
Manhattan,Seaport,Manhattan,Penn Station/Madison Sq West,70,2159.5099999999998,30.850142857142853,3.6772857142857145,20.30690476190476,8.936346274050399
Queens,East Elmhurst,Brooklyn,Williamsburg (South Side),70,3507.19,50.102714285714285,7.964571428571428,21.163095238095238,6.320755771043302
Manhattan,Seaport,Manhattan,Lenox Hill East,70,2556.45,36.520714285714284,5.878285714285714,17.735,6.218920733999868
Queens,Astoria,Queens,Long Island City/Queens Plaza,70,797.61,11.394428571428572,1.0225714285714285,6.615714285714286,11.895762861005593
Manhattan,Lincoln Square East,Manhattan,Seaport,70,2992.51,42.75014285714286,6.519857142857143,27.52714285714286,6.65563230050027
Queens,Old Astoria,Queens,Astoria,70,794.91,11.355857142857142,1.025,7.573095238095238,12.927875960450969
Queens,East Elmhurst,Manhattan,East Harlem South,70,3738.45,53.40642857142857,7.585000000000001,17.439999999999998,7.059181852431862
Manhattan,Kips Bay,Manhattan,Central Harlem North,70,2637.22,37.674571428571426,6.6775714285714285,24.046666666666667,5.664092778990895
Manhattan,Seaport,Manhattan,Kips Bay,70,1992.67,28.466714285714286,4.105714285714285,14.467619047619047,6.9899191365510855
Unknown,Unknown,Manhattan,Midtown North,70,2189.58,31.279714285714284,4.043428571428572,19.398095238095237,15.582154859656839
Manhattan,Garment District,Manhattan,Battery Park,70,2299.82,32.85457142857143,4.827714285714285,22.88142857142857,6.830500629763101
Brooklyn,Brooklyn Heights,Brooklyn,Brooklyn Heights,69,1620.6,23.486956521739128,0.7950724637681159,4.765217391304348,888.0370076632571
Manhattan,East Harlem South,Manhattan,West Chelsea/Hudson Yards,69,2499.27,36.221304347826084,5.321739130434782,23.019082125603862,6.838946653108973
Queens,Woodside,Queens,Sunnyside,69,929.8299999999999,13.475797101449274,1.1875362318840579,7.717149758454107,19.777307464361108
Manhattan,Chinatown,Manhattan,Greenwich Village South,69,1202.41,17.426231884057973,1.1868115942028985,9.592028985507246,15.212434236973014
Manhattan,SoHo,Queens,LaGuardia Airport,69,4626.15,67.04565217391304,11.26072463768116,31.21449275362319,6.010695946320568
Queens,LaGuardia Airport,Brooklyn,East New York,69,4343.27,62.94594202898551,12.71840579710145,32.96884057971015,4.966433213391808
Queens,LaGuardia Airport,Bronx,Williamsbridge/Olinville,69,4952.9400000000005,71.78173913043479,13.425507246376812,28.515942028985506,5.35229912555761
Manhattan,Midtown North,Manhattan,Chinatown,69,2545.6,36.892753623188405,4.91231884057971,27.018599033816425,7.722724568140634
Manhattan,Sutton Place/Turtle Bay North,Brooklyn,Greenpoint,69,2106.8,30.533333333333335,3.882463768115942,17.215217391304346,8.020162307402838
Manhattan,Midtown Center,Queens,Long Island City/Queens Plaza,69,2078.29,30.12014492753623,3.1894202898550725,20.42995169082126,9.742785913008777
Manhattan,Midtown Center,Brooklyn,Carroll Gardens,69,3730.98,54.07217391304348,8.318550724637682,31.256038647342994,6.490045045040398
Manhattan,Chinatown,Manhattan,Chinatown,69,1158.88,16.79536231884058,0.6231884057971014,4.838647342995169,47.61096881779537
Manhattan,Lower East Side,Manhattan,East Harlem North,69,2685.53,38.92072463768116,7.140144927536232,21.820289855072463,5.472291501740503
Manhattan,Flatiron,Manhattan,Seaport,69,1850.1,26.81304347826087,3.000289855072464,17.636473429951693,9.200926358248566
Manhattan,Lower East Side,Manhattan,Central Harlem North,69,3277.25,47.4963768115942,9.446521739130434,24.696135265700484,5.046357625948107
Manhattan,Upper East Side South,Queens,Jackson Heights,69,2706.61,39.226231884057974,5.587391304347826,29.581159420289854,7.345833812888143
Manhattan,Yorkville East,Manhattan,Two Bridges/Seward Park,68,2111.47,31.051029411764702,5.314852941176471,14.823774509803922,5.82615825269654
Queens,LaGuardia Airport,Queens,Auburndale,68,3200.47,47.065735294117644,7.7924999999999995,19.59877450980392,6.056630403056488
Manhattan,Hudson Sq,Manhattan,Yorkville East,68,2879.67,42.34808823529412,6.096470588235294,28.405882352941177,7.051986935813871
Manhattan,Clinton East,Queens,Jackson Heights,68,3070.02,45.14735294117647,6.63264705882353,30.68186274509804,6.805632377642644
Manhattan,Times Sq/Theatre District,Brooklyn,Boerum Hill,68,3410.58,50.15558823529412,7.7817647058823525,32.015686274509804,6.4900017065875275
Manhattan,Central Harlem North,Manhattan,Manhattanville,68,975.96,14.352352941176472,1.0188235294117647,8.115196078431373,142.9773862575447
Manhattan,TriBeCa/Civic Center,Brooklyn,Cobble Hill,68,1747.9,25.704411764705885,2.8369117647058824,15.14093137254902,9.120562158161972
Manhattan,Murray Hill,Manhattan,Washington Heights North,68,3522.4,51.800000000000004,9.44264705882353,30.129411764705885,5.483585565876531
Manhattan,Lenox Hill West,Queens,Old Astoria,68,2039.35,29.990441176470586,4.034264705882353,18.64828431372549,7.512994600141125
Queens,LaGuardia Airport,Bronx,Co-Op City,68,4582.06,67.38323529411765,12.663676470588236,24.519607843137255,5.337417200095792
Manhattan,Bloomingdale,Manhattan,Midtown East,68,2264.95,33.308088235294115,4.040588235294117,23.846323529411762,8.27233942214212
Manhattan,Upper West Side North,Manhattan,Inwood,68,2560.42,37.65323529411765,6.715441176470588,17.60049019607843,5.607913321106813
Manhattan,Lincoln Square West,Manhattan,Manhattanville,68,1832.2,26.944117647058825,3.7092647058823527,15.726715686274511,7.34748261866748
Queens,Sunnyside,Queens,LaGuardia Airport,68,4465.7,65.67205882352941,5.875735294117647,13.073284313725491,11.278033242248434
Manhattan,Financial District North,Brooklyn,Boerum Hill,68,1772.8799999999999,26.07176470588235,2.956029411764706,15.324509803921568,8.919716265260522
Manhattan,Midtown Center,Brooklyn,Bedford,68,3541.66,52.08323529411764,7.638529411764705,38.245098039215684,6.854101635033024
Manhattan,Two Bridges/Seward Park,Manhattan,Greenwich Village South,67,1272.9,18.998507462686568,1.37,10.869651741293533,14.483885219615246
Manhattan,Battery Park City,Brooklyn,Park Slope,67,2799.61,41.785223880597016,4.954925373134329,19.44402985074627,8.616097092115144
Manhattan,Bloomingdale,Manhattan,Clinton West,67,1817.68,27.12955223880597,3.5067164179104475,14.938059701492538,7.859988128369341
Manhattan,Upper East Side North,Queens,Steinway,67,2890.69,43.14462686567164,6.164925373134328,25.42313432835821,7.100100967167935
Manhattan,Central Park,Manhattan,Stuy Town/Peter Cooper Village,67,2132.42,31.82716417910448,4.084179104477612,20.53258706467662,7.9492092682819715
Manhattan,Upper East Side South,Queens,Long Island City/Queens Plaza,67,1701.87,25.401044776119402,2.606567164179104,16.685074626865674,9.985766113301018
Unknown,Unknown,Manhattan,Lenox Hill West,67,1654.54,24.69462686567164,2.8034328358208955,11.513930348258707,13.261042427933472
Manhattan,SoHo,Brooklyn,Park Slope,67,2438.83,36.40044776119403,4.62776119402985,23.3089552238806,7.998751229086012
Queens,Kew Gardens,Queens,JFK Airport,67,5606.42,83.67791044776119,5.372388059701493,13.168905472636817,16.108373986705168
Manhattan,Meatpacking/West Village West,Brooklyn,Park Slope,67,3223.87,48.117462686567166,6.399104477611941,26.499751243781095,7.6473625842782935
Manhattan,Stuy Town/Peter Cooper Village,Manhattan,Lower East Side,67,1241.09,18.523731343283583,1.5017910447761196,10.928855721393035,13.101306184817895
Manhattan,Kips Bay,Brooklyn,Williamsburg (South Side),67,2115.49,31.574477611940296,4.796567164179105,20.41268656716418,6.673455240089508
Manhattan,Gramercy,Brooklyn,Boerum Hill,67,2448.41,36.543432835820894,5.085970149253731,21.475621890547263,7.409483651945937
Queens,LaGuardia Airport,Brooklyn,Gowanus,67,4797.06,71.5979104477612,11.826567164179105,38.276119402985074,6.061129302728956
Manhattan,Murray Hill,Queens,Old Astoria,67,2308.47,34.45477611940298,4.647313432835821,24.02189054726368,7.519324876574756
Manhattan,Lincoln Square East,Queens,Steinway,67,2988.04,44.597611940298506,6.131940298507463,29.666666666666668,7.346921561351444
Manhattan,Lincoln Square West,EWR,Newark Airport,67,7887.16,117.71880597014925,17.679552238805968,33.994029850746266,6.88869815266952
Manhattan,Greenwich Village South,Manhattan,Central Harlem North,67,3248.93,48.491492537313434,8.292985074626866,30.188557213930345,5.904949277442775
Manhattan,Little Italy/NoLiTa,Manhattan,East Harlem South,67,2866.35,42.78134328358209,6.6807462686567165,27.85,6.470755640934324
Manhattan,Lower East Side,Brooklyn,Downtown Brooklyn/MetroTech,67,1420.46,21.20089552238806,2.491492537313433,10.299253731343283,8.781097219870725
Manhattan,Financial District North,Manhattan,Clinton West,67,2534.04,37.82149253731343,5.2656716417910445,25.475124378109452,7.245312263180927
Manhattan,Flatiron,Manhattan,Hamilton Heights,66,3091.2,46.836363636363636,7.799545454545454,27.84090909090909,6.025900592982045
Manhattan,Central Park,Manhattan,Washington Heights North,66,2906.03,44.030757575757576,7.363939393939393,23.48282828282828,5.983902329453141
Queens,Sunnyside,Queens,Long Island City/Hunters Point,66,1082.15,16.396212121212123,1.418030303030303,9.582828282828283,15.15115449518591
Queens,JFK Airport,Queens,Queensbridge/Ravenswood,66,4921.97,74.57530303030303,15.826969696969696,40.865404040404044,4.723898580487271
Manhattan,Chinatown,Manhattan,Midtown East,66,2150.23,32.57924242424242,4.108181818181818,22.03131313131313,8.30458966999092
Manhattan,East Harlem North,Queens,LaGuardia Airport,66,3097.61,46.93348484848485,6.902878787878787,15.49469696969697,8.089873572326884
Manhattan,Central Harlem,Queens,JFK Airport,66,5807.6,87.9939393939394,18.15409090909091,43.63055555555556,4.854148004536837
Manhattan,Central Park,Manhattan,Financial District North,66,3089.39,46.80893939393939,7.282272727272727,28.6239898989899,6.508525844163643
Brooklyn,East New York,Brooklyn,East New York,66,1186.68,17.98,1.2234848484848484,15.523737373737372,22.52835568929749
Manhattan,Upper East Side South,Manhattan,Chinatown,66,2570.46,38.946363636363635,5.745,24.532070707070705,6.9541893013303895
Manhattan,Upper East Side North,Manhattan,Alphabet City,66,2203.85,33.391666666666666,5.217272727272727,18.131818181818183,6.429355830297282
Manhattan,West Chelsea/Hudson Yards,Manhattan,East Harlem North,66,2472.5,37.46212121212121,6.136969696969698,25.311868686868685,6.217749941896736
Manhattan,Upper West Side South,Manhattan,Alphabet City,66,2637.73,39.96560606060606,5.953636363636363,24.73787878787879,6.718531367488286
Manhattan,Yorkville West,Manhattan,Washington Heights North,66,2660.94,40.31727272727273,6.585,20.16919191919192,6.2640092636786475
Manhattan,Seaport,Manhattan,Meatpacking/West Village West,66,1559.94,23.635454545454547,2.526969696969697,14.23989898989899,9.802593231672653
Queens,Forest Hills,Queens,Forest Hills,66,1146.45,17.370454545454546,1.0698484848484848,8.768434343434343,26.823595031311932
Manhattan,West Chelsea/Hudson Yards,Queens,Astoria,66,2933.79,44.45136363636364,6.048484848484848,31.893686868686867,7.4228044967608975
Manhattan,Sutton Place/Turtle Bay North,Queens,Jackson Heights,66,2429.97,36.81772727272727,5.486060606060605,25.038383838383837,6.869563352686966
Manhattan,Manhattan Valley,Manhattan,TriBeCa/Civic Center,66,2978.23,45.12469696969697,7.165151515151515,26.586111111111112,6.300195617200799
Manhattan,Seaport,Manhattan,East Chelsea,66,1983.6299999999999,30.055,3.4703030303030302,19.66439393939394,8.803679380589141
Manhattan,Midtown North,Queens,Long Island City/Queens Plaza,66,1763.55,26.720454545454544,2.862878787878788,18.93232323232323,9.571362878521358
Manhattan,Alphabet City,Manhattan,Financial District North,66,1567.72,23.753333333333334,3.059090909090909,11.896212121212121,7.800135099506444
Manhattan,Stuy Town/Peter Cooper Village,Manhattan,Two Bridges/Seward Park,65,1215.42,18.698769230769233,1.948923076923077,9.058205128205127,10.251662028677147
Queens,East Elmhurst,Manhattan,Clinton West,65,5032.53,77.42353846153846,11.756153846153845,35.086666666666666,6.678305922577344
Manhattan,TriBeCa/Civic Center,Brooklyn,Clinton Hill,65,2039.8700000000001,31.382615384615388,3.8669230769230767,19.776153846153846,8.36010719239615
Manhattan,Gramercy,Manhattan,Washington Heights South,65,3330.7,51.24153846153846,9.687076923076923,28.037692307692307,5.313098378650203
Manhattan,UN/Turtle Bay South,Queens,Astoria,65,2078.97,31.984153846153845,4.011384615384616,20.410256410256412,8.080528598053826
Manhattan,Upper East Side North,Manhattan,Seaport,65,2950.17,45.38723076923077,7.2530769230769225,25.40205128205128,6.271230427740469
Manhattan,East Harlem North,Manhattan,Manhattanville,65,1073.73,16.518923076923077,1.8004615384615386,13.452307692307691,9.569561607178688
Manhattan,Clinton West,Manhattan,Washington Heights South,65,2316.64,35.64061538461538,6.651230769230769,15.824615384615383,5.406429886970904
Manhattan,West Village,Brooklyn,Cobble Hill,65,2276.17,35.018,4.396923076923077,21.42615384615385,7.970329967572794
Manhattan,Central Park,Manhattan,Hamilton Heights,65,2116.58,32.56276923076923,4.409538461538461,20.93051282051282,7.520772266946779
Queens,JFK Airport,Queens,East Flushing,65,3578.08,55.047384615384615,11.37753846153846,27.14333333333333,4.8764797558946285
Manhattan,Upper East Side North,EWR,Newark Airport,65,8611.6,132.48615384615385,19.84123076923077,46.533076923076926,6.687007178424404
Manhattan,West Chelsea/Hudson Yards,Queens,Long Island City/Hunters Point,65,2596.6,39.94769230769231,4.571076923076923,25.105897435897436,9.032411405265059
Manhattan,Midtown East,Queens,Forest Hills,65,3650.89,56.16753846153846,8.650923076923076,31.74102564102564,6.7881860462190735
Manhattan,West Chelsea/Hudson Yards,Brooklyn,Williamsburg (North Side),65,3082.31,47.420153846153845,6.648769230769231,35.467179487179486,7.267151707239679
Manhattan,Yorkville East,Manhattan,Meatpacking/West Village West,65,2706.61,41.64015384615385,6.476769230769231,26.903076923076924,6.71576946418387
Queens,Sunnyside,Queens,Woodside,65,1078.32,16.58953846153846,1.2936923076923077,7.9602564102564095,179.32906756555818
Manhattan,Central Harlem,Manhattan,Midtown Center,64,1905.06,29.7665625,3.88375,21.17421875,7.6811177205125905
Manhattan,Upper East Side South,Manhattan,Manhattanville,64,2031.47,31.74171875,4.450625,21.10234375,7.405445150433025
Manhattan,Midtown South,Unknown,Outside of NYC,64,7640.93,119.38953125,17.3590625,38.14817708333333,9.872635078414598
Manhattan,Two Bridges/Seward Park,Manhattan,Union Sq,64,1637.99,25.59359375,2.6475,17.579427083333332,9.994657425587826
Manhattan,Upper West Side North,Manhattan,Financial District North,64,3110.53,48.60203125,7.77390625,33.84713541666667,6.340158169295786
Unknown,Unknown,Manhattan,Penn Station/Madison Sq West,64,1630.48,25.47625,2.5796875,14.715364583333333,14.010789030272552
Manhattan,Kips Bay,Brooklyn,Park Slope,64,3248.11,50.75171875,7.86265625,31.30390625,6.473680438813941
Manhattan,Yorkville West,Bronx,Mott Haven/Port Morris,64,1438.4,22.475,3.05703125,11.972135416666667,8.631684382942657
Manhattan,Lower East Side,Brooklyn,Bushwick North,64,2171.65,33.93203125,4.74453125,20.348697916666666,7.223412416228189
Manhattan,Battery Park City,Manhattan,Central Park,64,2953.78,46.1528125,7.0384375,29.033333333333335,6.6900567517476475
Queens,JFK Airport,Bronx,Melrose South,64,6015.24,93.988125,19.59875,40.53463541666667,4.808995868247923
Unknown,Unknown,Manhattan,Union Sq,64,1281.85,20.02890625,1.7809375,10.873177083333333,14.00659567785363
Manhattan,Seaport,Manhattan,Lenox Hill West,64,2364.37,36.94328125,6.14234375,17.450520833333332,6.036446558066903
Manhattan,Garment District,Manhattan,Hamilton Heights,64,2678.31,41.84859375,6.97234375,24.683072916666667,6.0290308019052885
Manhattan,Gramercy,Manhattan,Bloomingdale,64,2565.15,40.08046875,5.86671875,26.536197916666666,6.8580522731701326
Queens,Astoria,Queens,Old Astoria,63,777.64,12.343492063492063,1.0504761904761906,6.717989417989418,12.449836407371722
Manhattan,Manhattan Valley,Manhattan,East Village,63,2797.84,44.410158730158734,6.942857142857142,30.339417989417992,6.469754117480133
Manhattan,Upper West Side South,Manhattan,Financial District South,63,2876.75,45.66269841269841,7.747936507936508,28.057671957671957,5.963593564095997
Manhattan,Seaport,Queens,JFK Airport,63,5657.58,89.80285714285714,19.606190476190477,54.22195767195767,4.671465066301614
Manhattan,East Harlem North,Manhattan,Washington Heights South,63,1651.53,26.214761904761904,3.9473015873015873,19.483068783068784,6.877986619319702
Manhattan,Lower East Side,Queens,Long Island City/Hunters Point,63,2350.17,37.30428571428572,5.452539682539682,19.737566137566137,7.0076577673125575
Manhattan,Financial District South,Manhattan,Financial District South,63,1483.46,23.54698412698413,1.0603174603174603,6.8502645502645505,355.73676467354403
Queens,LaGuardia Airport,Bronx,West Concourse,63,3410.9,54.141269841269846,8.056666666666667,20.097089947089945,6.731062249211241
Manhattan,World Trade Center,Manhattan,Upper West Side North,63,2785.8,44.21904761904762,7.0055555555555555,28.725925925925925,6.355051860545613
Queens,Sunnyside,Manhattan,Lenox Hill West,63,1584.39,25.14904761904762,2.963650793650794,14.427248677248677,8.913887344573455
Manhattan,East Village,Brooklyn,Cobble Hill,63,2068.76,32.83746031746032,4.310634920634921,19.899735449735452,7.83264372672552
Manhattan,Yorkville West,Manhattan,Alphabet City,63,1984.22,31.495555555555555,4.936825396825396,16.06084656084656,6.429345974660374
Queens,LaGuardia Airport,Bronx,Belmont,63,4577.77,72.66301587301588,12.1515873015873,24.787301587301585,6.00306302373964
Queens,East Elmhurst,Manhattan,West Village,63,4427.42,70.27650793650794,10.719047619047618,30.314285714285713,6.610244519971385
Queens,JFK Airport,Bronx,Norwood,63,6472.7300000000005,102.74174603174603,22.357936507936508,42.379100529100526,4.6031782099703475
Manhattan,Lenox Hill East,Manhattan,Roosevelt Island,63,2011.7,31.931746031746034,3.9876190476190474,24.205291005291006,8.009854340184205
Manhattan,East Chelsea,Brooklyn,East Williamsburg,63,3019.22,47.92412698412698,6.358412698412698,32.14417989417989,7.561866878274996
Manhattan,Greenwich Village South,Brooklyn,Prospect Heights,63,2226.49,35.34111111111111,4.667460317460318,23.81957671957672,7.726195728229255
Manhattan,Clinton East,Brooklyn,Greenpoint,62,2516.34,40.586129032258064,5.233064516129032,25.63225806451613,7.990369939298245
Queens,JFK Airport,Bronx,Morrisania/Melrose,62,5846.8,94.30322580645162,20.24790322580645,40.435752688172045,4.671444229156389
Queens,JFK Airport,Bronx,Parkchester,62,5564.71,89.75338709677419,18.936290322580643,37.33118279569892,4.771866769085489
Manhattan,Washington Heights South,Manhattan,Upper West Side South,62,2162.33,34.876290322580644,5.261290322580645,18.877688172043012,7.078039624485506
Manhattan,Manhattanville,Manhattan,Washington Heights South,62,1060.08,17.098064516129032,2.067096774193548,10.597043010752689,8.703904919569368
Manhattan,Meatpacking/West Village West,Brooklyn,Brooklyn Heights,62,2231.74,35.9958064516129,4.5569354838709675,22.85430107526882,8.043771156358675
Brooklyn,Williamsburg (North Side),Brooklyn,Williamsburg (South Side),62,741.13,11.953709677419354,0.856774193548387,6.687903225806451,14.818448336092425
Queens,LaGuardia Airport,Queens,Saint Albans,62,3641.15,58.72822580645161,11.195645161290322,28.095698924731185,5.267281651323167
Manhattan,Central Harlem North,Manhattan,Manhattan Valley,62,1216.08,19.614193548387096,2.3611290322580643,15.97741935483871,8.364336287362063
Manhattan,East Harlem South,Bronx,Mott Haven/Port Morris,62,1066.44,17.200645161290325,2.4106451612903226,13.297311827956989,7.354978485981144
Manhattan,East Village,Brooklyn,Bushwick North,62,2340.29,37.7466129032258,5.4595161290322585,24.86774193548387,6.992405737748478
Manhattan,World Trade Center,Manhattan,Yorkville East,62,2743.53,44.25048387096775,7.182903225806451,22.174462365591395,6.305373931814265
Unknown,Unknown,Queens,JFK Airport,62,4989.64,80.47806451612904,15.505483870967742,37.259139784946235,6.688931949708934
Manhattan,Garment District,Brooklyn,Williamsburg (North Side),62,2832.34,45.682903225806456,6.025967741935484,28.826075268817206,7.677757083220152
Manhattan,Midtown Center,Brooklyn,South Williamsburg,62,2864.39,46.199838709677415,6.686612903225806,38.193548387096776,6.9399842314140265
Queens,Long Island City/Queens Plaza,Queens,Old Astoria,62,981.73,15.834354838709677,1.7591935483870966,10.859139784946237,9.346113196222642
Manhattan,Hamilton Heights,Manhattan,East Harlem North,62,1163.16,18.760645161290324,2.354677419354839,15.10752688172043,8.433514269202025
Manhattan,TriBeCa/Civic Center,Manhattan,Central Harlem,61,3046.11,49.936229508196725,8.467213114754099,32.12622950819672,5.945269389858982
Manhattan,East Chelsea,Manhattan,Battery Park,61,1870.73,30.667704918032786,4.140655737704918,19.951639344262293,7.440122156946035
Queens,JFK Airport,Bronx,Bronxdale,61,5779.67,94.74868852459016,20.78688524590164,41.19098360655738,4.569947403260358
Queens,East Elmhurst,Brooklyn,Crown Heights North,61,4057.0,66.50819672131148,11.003934426229508,34.76666666666667,6.109631010605723
Manhattan,Greenwich Village South,Manhattan,Bloomingdale,61,2571.36,42.15344262295082,6.590819672131148,26.45136612021858,6.4046379708119705
Manhattan,TriBeCa/Civic Center,Unknown,Outside of NYC,61,6099.85,99.99754098360657,14.595901639344262,34.795901639344265,11.53944712612335
Manhattan,Midtown Center,Brooklyn,Bay Ridge,61,5042.45,82.66311475409836,13.718852459016393,39.03060109289618,6.041928641120121
Manhattan,Midtown Center,Brooklyn,Cobble Hill,61,2900.19,47.54409836065574,7.594426229508197,28.085792349726777,6.296780027499044
Manhattan,East Village,Queens,Old Astoria,61,2540.73,41.651311475409834,6.834262295081967,26.516393442622952,6.2663642540614575
Manhattan,West Chelsea/Hudson Yards,Manhattan,Washington Heights North,61,2997.76,49.143606557377055,9.062131147540983,23.21584699453552,5.446516277298207
Manhattan,West Chelsea/Hudson Yards,Brooklyn,DUMBO/Vinegar Hill,61,2461.38,40.35049180327869,5.487704918032787,28.19071038251366,7.470279454448261
Manhattan,Greenwich Village South,Queens,Long Island City/Hunters Point,61,2379.98,39.01606557377049,4.828688524590164,23.412841530054646,8.285089297366241
Queens,Long Island City/Hunters Point,Queens,LaGuardia Airport,61,4179.36,68.51409836065574,7.410983606557377,17.659016393442624,9.38468827580331
Manhattan,Meatpacking/West Village West,Manhattan,Chinatown,61,1486.1,24.36229508196721,2.2783606557377047,15.969398907103825,11.31383560577316
Manhattan,Lincoln Square East,Queens,Forest Hills,61,3560.7,58.37213114754098,10.155409836065575,35.058196721311475,5.776513163930211
Queens,Long Island City/Queens Plaza,Queens,Steinway,61,1123.96,18.425573770491805,2.432950819672131,14.274043715846995,7.865922502566888
Queens,East Elmhurst,Brooklyn,Brooklyn Heights,61,3740.55,61.32049180327869,10.62967213114754,28.142896174863388,5.778362830913356
Manhattan,Gramercy,Queens,Sunnyside,61,2090.76,34.27475409836066,4.834262295081967,20.141530054644807,7.228112676131403
Manhattan,Yorkville West,Manhattan,World Trade Center,61,2649.45,43.43360655737705,7.715081967213115,21.411475409836065,5.651030580796055
Manhattan,Gramercy,Brooklyn,Downtown Brooklyn/MetroTech,61,1989.41,32.613278688524595,4.15344262295082,21.747540983606555,8.15008294680298
Manhattan,West Village,EWR,Newark Airport,61,6774.4400000000005,111.05639344262296,14.515737704918033,29.857650273224042,7.709399570205148
Manhattan,Clinton West,Manhattan,Financial District North,61,2344.29,38.430983606557376,5.329672131147541,23.853551912568307,7.219707001188579
Manhattan,Seaport,Manhattan,West Chelsea/Hudson Yards,61,1898.11,31.11655737704918,3.8544262295081966,20.36639344262295,8.179092285425567
Manhattan,Lenox Hill West,Queens,Jackson Heights,60,2218.09,36.96816666666667,5.259333333333333,27.19388888888889,7.069524492525781
Unknown,Unknown,Manhattan,Gramercy,60,1320.21,22.0035,2.2845,12.731111111111112,11.948418423913463
Manhattan,East Village,Brooklyn,Prospect-Lefferts Gardens,60,2507.23,41.787166666666664,6.2716666666666665,26.408333333333335,6.719737085318894
Manhattan,TriBeCa/Civic Center,Brooklyn,Greenpoint,60,2373.7,39.56166666666666,5.790333333333334,23.043333333333333,6.961015245336621
Manhattan,Penn Station/Madison Sq West,Brooklyn,Prospect Heights,60,3183.37,53.05616666666666,7.354333333333333,34.441944444444445,7.312165312813661
Queens,East Elmhurst,Manhattan,Washington Heights South,60,3832.34,63.87233333333334,9.742333333333333,26.734166666666667,6.640451193057606
Manhattan,Penn Station/Madison Sq West,Brooklyn,Cobble Hill,60,2792.58,46.543,6.892833333333333,29.1625,6.782062444275918
Manhattan,Midtown South,Manhattan,Washington Heights South,60,2905.09,48.41816666666667,8.5975,30.113888888888887,5.646510034402809
Manhattan,East Harlem North,Manhattan,Bloomingdale,60,1069.47,17.8245,1.7246666666666668,12.80888888888889,10.317001830396716
Manhattan,Upper East Side North,Brooklyn,Greenpoint,60,2547.79,42.463166666666666,5.526333333333333,28.82888888888889,7.802836427292783
Manhattan,Yorkville West,Queens,Jackson Heights,60,2481.83,41.36383333333333,6.445666666666667,26.467222222222222,6.468310225778418
Manhattan,Lincoln Square West,Manhattan,SoHo,60,2064.37,34.406166666666664,4.585,24.290277777777778,7.525695423263024
Queens,JFK Airport,Bronx,Allerton/Pelham Gardens,60,5702.56,95.04266666666668,20.068499999999997,36.728888888888896,4.747086115650428
Manhattan,Murray Hill,Queens,Jackson Heights,60,2807.21,46.786833333333334,6.496166666666666,24.555555555555554,7.3182811512913934
Manhattan,SoHo,Brooklyn,Greenpoint,60,2172.64,36.21066666666666,4.888999999999999,23.091944444444444,7.50463870551616
Manhattan,Greenwich Village North,Brooklyn,Boerum Hill,60,2003.01,33.3835,4.133166666666667,23.19527777777778,8.160512862295729
Queens,JFK Airport,Bronx,Eastchester,60,5607.05,93.45083333333334,20.576833333333333,36.11,4.556898713811327
Manhattan,Greenwich Village North,Queens,Astoria,60,2807.66,46.794333333333334,6.425666666666667,32.13333333333333,7.440859489262345
Manhattan,Washington Heights South,Manhattan,Manhattanville,60,858.74,14.312333333333333,1.7046666666666668,10.064166666666667,8.602283051766516
Queens,Sunnyside,Manhattan,Sutton Place/Turtle Bay North,59,1433.77,24.301186440677967,2.9694915254237286,17.028813559322032,8.348668164224303
Queens,East Elmhurst,Brooklyn,Bushwick South,59,3121.0,52.898305084745765,8.666610169491525,26.606214689265535,6.186391983602553
Manhattan,Stuy Town/Peter Cooper Village,Manhattan,Greenwich Village South,59,1134.11,19.222203389830508,1.637457627118644,10.851977401129943,12.335745677155185
Manhattan,Two Bridges/Seward Park,Manhattan,SoHo,59,1142.49,19.364237288135595,1.5203389830508476,13.062429378531073,13.987438124338802
Queens,Sunnyside,Queens,Long Island City/Queens Plaza,59,1018.36,17.260338983050847,1.1498305084745764,7.251412429378531,44.47352524137957
Manhattan,Washington Heights North,Manhattan,Washington Heights South,59,925.62,15.688474576271187,1.0786440677966103,10.171186440677966,152.21649988575714
Queens,East Elmhurst,Brooklyn,Downtown Brooklyn/MetroTech,59,3585.33,60.76830508474576,10.04271186440678,30.27994350282486,6.042945106180231
Manhattan,Midtown North,Manhattan,Battery Park,59,2267.73,38.43610169491525,6.020847457627119,27.04011299435028,6.394482030964955
Manhattan,West Village,Brooklyn,Crown Heights South,59,2614.54,44.314237288135594,6.428135593220339,28.79237288135593,6.930582855403764
Queens,LaGuardia Airport,Bronx,Melrose South,59,2946.18,49.935254237288135,7.406610169491525,19.830790960451978,6.812899756312303
Manhattan,Seaport,Manhattan,Clinton East,59,2129.28,36.08949152542373,5.066101694915254,23.91045197740113,7.279700303618893
Manhattan,Central Harlem,Manhattan,Yorkville East,59,1419.82,24.064745762711862,2.74135593220339,16.24011299435028,8.904503348823264
Manhattan,West Village,Queens,Sunnyside,59,2625.22,44.49525423728813,6.410338983050847,28.36271186440678,7.147030353226755
Manhattan,Little Italy/NoLiTa,Manhattan,Manhattan Valley,59,2603.77,44.131694915254236,6.720000000000001,27.79265536723164,6.584035026057584
Queens,LaGuardia Airport,Queens,Woodhaven,59,3163.58,53.62,9.97135593220339,24.723446327683618,5.404692316199169
Manhattan,Penn Station/Madison Sq West,Queens,Long Island City/Queens Plaza,59,2218.31,37.59847457627119,4.696779661016949,25.779378531073448,8.413817855704448
Queens,LaGuardia Airport,Brooklyn,Columbia Street,59,3962.88,67.16745762711865,11.634237288135592,30.72683615819209,5.782889714149583
Manhattan,Sutton Place/Turtle Bay North,Queens,Old Astoria,59,1682.77,28.521525423728814,3.657457627118644,18.594350282485873,7.8102442650712005
Manhattan,Little Italy/NoLiTa,Brooklyn,Downtown Brooklyn/MetroTech,59,1270.97,21.541864406779663,2.1835593220338985,11.56271186440678,9.952818578121773
Manhattan,Little Italy/NoLiTa,Brooklyn,Boerum Hill,59,1655.08,28.052203389830506,3.1527118644067795,16.706214689265536,8.948039129493491
Manhattan,Two Bridges/Seward Park,Manhattan,Chinatown,59,1020.26,17.292542372881357,0.9747457627118644,7.6624293785310735,31.25854538903541
Manhattan,Sutton Place/Turtle Bay North,Brooklyn,Park Slope,59,3374.4900000000002,57.19474576271187,9.296610169491526,33.70564971751413,6.191900636656446
Manhattan,Hudson Sq,EWR,Newark Airport,59,6375.83,108.06491525423729,13.974576271186441,28.777401129943506,7.7964572367941125
Manhattan,Stuy Town/Peter Cooper Village,Manhattan,Alphabet City,59,881.23,14.936101694915255,0.9279661016949152,5.83135593220339,40.643578826598
Manhattan,Chinatown,Manhattan,Clinton East,59,2034.39,34.481186440677966,4.530169491525424,26.653389830508473,7.834320661833339
Manhattan,Lower East Side,Brooklyn,Crown Heights North,59,2376.37,40.27745762711864,5.222542372881356,24.835310734463278,7.839423164124775
Queens,East Elmhurst,Manhattan,Washington Heights North,59,3983.42,67.51559322033899,10.088813559322034,23.787288135593222,6.716900905236425
Unknown,Unknown,Manhattan,Midtown South,59,1316.74,22.31762711864407,2.158813559322034,11.702542372881355,17.302671738538244
Unknown,Unknown,Manhattan,West Village,59,1245.6299999999999,21.11237288135593,2.064406779661017,11.301694915254236,14.618518409138211
Manhattan,SoHo,EWR,Newark Airport,58,6260.01,107.93120689655173,14.113620689655173,29.34396551724138,7.706448114930743
Manhattan,Murray Hill,Queens,Forest Hills,58,2997.58,51.68241379310345,8.688620689655172,28.65028735632184,6.024922332148737
Manhattan,East Chelsea,Brooklyn,Crown Heights North,58,3222.16,55.554482758620686,8.522413793103448,44.72011494252873,6.590415485587397
Manhattan,East Harlem North,Manhattan,Hamilton Heights,58,1148.66,19.80448275862069,2.6268965517241383,15.858620689655172,7.9457918411382495
Manhattan,Morningside Heights,Manhattan,Union Sq,58,2525.35,43.540517241379305,6.452413793103449,29.214367816091954,6.778379422776913
Manhattan,SoHo,Brooklyn,DUMBO/Vinegar Hill,58,1475.59,25.441206896551723,2.5815517241379307,16.160057471264366,9.909669869661856
Manhattan,Upper West Side North,Bronx,Spuyten Duyvil/Kingsbridge,58,2636.0,45.44827586206897,7.940862068965517,17.95689655172414,5.723514392839612
Manhattan,Union Sq,Brooklyn,Prospect Heights,58,2411.41,41.576034482758615,5.557931034482759,29.43706896551724,7.5501939400101135
Manhattan,Upper West Side North,Queens,Astoria,58,2317.34,39.95413793103449,5.8756896551724145,26.88764367816092,6.776818530232227
Queens,LaGuardia Airport,Queens,Douglaston,58,3566.8,61.49655172413794,11.758965517241379,24.52816091954023,5.231722063811543
Manhattan,Yorkville West,Manhattan,Seaport,58,2369.16,40.84758620689655,7.009137931034483,21.04655172413793,5.843076545053726
Manhattan,Flatiron,Brooklyn,Williamsburg (North Side),58,2489.48,42.92206896551724,5.536724137931034,31.32557471264368,7.8519330531814004
Manhattan,Times Sq/Theatre District,Queens,Long Island City/Queens Plaza,58,1676.04,28.897241379310344,3.5260344827586207,18.92758620689655,8.44377692704798
Manhattan,Upper East Side North,Brooklyn,Park Slope,58,3819.48,65.85310344827586,11.194482758620689,38.62241379310345,5.872553885539572
Queens,Astoria,Queens,Queensbridge/Ravenswood,58,764.05,13.173275862068964,1.3405172413793103,7.578160919540229,23.94758586456476
Manhattan,Garment District,Queens,Steinway,58,2670.61,46.045,6.927758620689655,30.111781609195404,6.7556551733526575
Manhattan,Lower East Side,Manhattan,Central Park,58,2184.77,37.66844827586207,5.22051724137931,25.198850574712644,7.430754995675763
Queens,East Elmhurst,Manhattan,Kips Bay,58,3547.67,61.166724137931034,8.991034482758621,20.19942528735632,6.841951812506864
Manhattan,Lenox Hill West,Brooklyn,Brooklyn Heights,58,2586.7,44.59827586206896,7.645,23.97471264367816,5.838575054059795
Queens,East Elmhurst,Queens,Sunnyside,58,2125.17,36.64086206896552,5.146551724137931,15.073850574712644,7.2558736961261365
Manhattan,Two Bridges/Seward Park,Manhattan,Midtown East,58,1579.12,27.226206896551723,3.733448275862069,15.837356321839081,7.396306544302107
Manhattan,Two Bridges/Seward Park,Manhattan,Penn Station/Madison Sq West,58,1708.3799999999999,29.454827586206896,3.4912068965517244,20.829022988505745,8.605859415510135
Manhattan,Bloomingdale,Manhattan,Murray Hill,58,2196.84,37.87655172413793,4.908620689655172,26.24655172413793,7.733172105762436
Manhattan,Chinatown,Manhattan,World Trade Center,58,1170.2,20.175862068965518,1.2403448275862068,9.124712643678162,21.02237797733752
Manhattan,Little Italy/NoLiTa,Brooklyn,East Williamsburg,58,1780.46,30.697586206896553,3.674655172413793,17.480459770114944,8.671517344740554
Manhattan,Manhattanville,Manhattan,Clinton East,58,1870.38,32.24793103448276,5.091724137931035,18.092241379310344,6.357545859397036
Unknown,Unknown,Manhattan,East Village,58,1324.42,22.8348275862069,2.4775862068965515,11.750574712643678,13.29068733097179
Manhattan,Midtown North,Brooklyn,Williamsburg (South Side),58,2619.88,45.170344827586206,6.5360344827586205,31.72873563218391,6.984110643362293
Manhattan,UN/Turtle Bay South,Manhattan,Hudson Sq,58,1681.56,28.99241379310345,3.4510344827586206,20.198850574712644,8.671100359668767
Manhattan,Yorkville East,Manhattan,Seaport,58,2251.91,38.826034482758615,6.657758620689655,17.120689655172413,5.829915322899826
Manhattan,Financial District South,Brooklyn,DUMBO/Vinegar Hill,58,1364.96,23.533793103448275,2.798620689655172,14.818390804597701,8.468729828222816
Manhattan,Clinton West,Manhattan,Lower East Side,57,1951.04,34.22877192982456,4.357543859649123,24.480409356725144,7.963634089194367
Manhattan,Central Harlem,Manhattan,Midtown North,57,1642.8,28.821052631578947,3.501578947368421,19.838304093567253,8.348770172073715
Manhattan,Chinatown,Manhattan,Greenwich Village North,57,1120.21,19.65280701754386,1.605438596491228,12.081871345029239,12.679191925911715
Manhattan,Sutton Place/Turtle Bay North,Manhattan,Washington Heights South,57,2609.83,45.786491228070176,7.908947368421052,26.222514619883043,5.796750864285895
Manhattan,Upper East Side South,Queens,Woodside,57,1804.07,31.65035087719298,4.384912280701754,22.362280701754386,7.5353440936013305
Queens,JFK Airport,Bronx,East Tremont,57,5465.26,95.88175438596491,20.448245614035088,42.5312865497076,4.717592366836417
Manhattan,Greenwich Village South,Brooklyn,Bushwick South,57,2257.42,39.60385964912281,5.445964912280702,29.59093567251462,7.403669986470493
Manhattan,Greenwich Village South,Brooklyn,Crown Heights North,57,2281.89,40.03315789473684,5.492456140350877,27.683333333333334,7.343691407005824
Manhattan,Upper West Side South,Queens,Astoria,57,2257.37,39.602982456140346,5.689122807017544,28.548830409356725,7.044958832689694
Manhattan,East Chelsea,Brooklyn,Cobble Hill,57,2695.49,47.289298245614034,6.382456140350877,28.112280701754386,7.487116734842949
Manhattan,World Trade Center,Manhattan,Central Park,57,2489.25,43.671052631578945,6.540000000000001,29.45380116959064,6.825953580350975
Manhattan,Penn Station/Madison Sq West,Manhattan,Battery Park,57,1751.58,30.729473684210525,4.327192982456141,20.336257309941523,7.145992493277919
Manhattan,World Trade Center,Manhattan,Yorkville West,57,2529.94,44.384912280701755,7.51859649122807,24.507894736842108,5.9207383365464015
Manhattan,Alphabet City,Manhattan,Clinton East,57,1741.36,30.55017543859649,3.8643859649122807,22.3546783625731,8.047416041371614
Manhattan,Financial District South,Manhattan,Upper West Side South,57,2678.64,46.99368421052631,7.171754385964912,29.566666666666666,6.59422349242905
Queens,Richmond Hill,Queens,JFK Airport,57,4744.4,83.23508771929824,4.3431578947368426,8.619298245614035,61.81318133578318
Manhattan,Lower East Side,EWR,Newark Airport,57,6548.88,114.89263157894737,15.620701754385966,35.886842105263156,7.379405010022717
Manhattan,West Village,Manhattan,East Harlem North,57,2389.3,41.91754385964913,6.946842105263158,25.576315789473686,6.074228767185594
Queens,Sunnyside,Manhattan,Upper East Side South,57,1748.6399999999999,30.677894736842102,3.157017543859649,18.44035087719298,33.63157714099978
Manhattan,Upper East Side North,Bronx,Mott Haven/Port Morris,57,1450.37,25.445087719298243,3.512982456140351,15.858187134502923,7.298535298680326
Manhattan,Sutton Place/Turtle Bay North,Manhattan,Hudson Sq,57,1900.22,33.33719298245614,4.457017543859649,22.808187134502923,7.785566456287807
Manhattan,Financial District South,Brooklyn,Brooklyn Heights,57,1414.18,24.81017543859649,2.7300000000000004,14.404093567251461,9.204442631420521
Manhattan,Manhattan Valley,Unknown,Unknown,57,1255.04,22.018245614035088,2.3964912280701753,12.3453216374269,24.108049257093228
Manhattan,Manhattanville,Manhattan,Bloomingdale,57,726.1,12.738596491228071,1.2671929824561403,6.8769005847953215,10.195460644099288
Manhattan,Clinton West,Manhattan,World Trade Center,56,1844.67,32.940535714285716,4.5475,21.05684523809524,7.258047778854165
Manhattan,Two Bridges/Seward Park,Manhattan,Alphabet City,56,957.15,17.091964285714287,0.9583928571428572,7.50327380952381,20.670708370284462
Manhattan,Times Sq/Theatre District,Queens,Woodside,56,2136.1,38.144642857142856,5.465535714285714,24.935119047619047,7.088334115530329
Manhattan,Seaport,Manhattan,Financial District South,56,792.99,14.160535714285714,0.7767857142857143,5.945833333333334,19.677811170363977
Manhattan,UN/Turtle Bay South,Manhattan,Central Harlem North,56,2069.44,36.95428571428572,6.248571428571429,21.8625,5.992169647618815
Manhattan,Clinton East,Queens,Woodside,56,2080.74,37.15607142857142,5.4557142857142855,25.392857142857142,6.8252343530202975
Manhattan,Bloomingdale,Manhattan,Penn Station/Madison Sq West,56,2022.92,36.12357142857143,4.941964285714286,22.250892857142855,7.395752082233537
Manhattan,TriBeCa/Civic Center,Manhattan,Morningside Heights,56,2776.69,49.58375,7.895357142857143,30.66577380952381,6.316117820098442
Manhattan,Hudson Sq,Brooklyn,Brooklyn Heights,56,1534.3799999999999,27.399642857142855,3.1355357142857145,16.89375,8.861435622232833
Queens,Long Island City/Hunters Point,Queens,Queensbridge/Ravenswood,56,973.3,17.380357142857143,1.5232142857142856,8.33720238095238,44.92811267030145
Manhattan,East Chelsea,Queens,Sunnyside,56,2338.61,41.760892857142856,5.270178571428572,30.075892857142858,8.087885234940325
Queens,East Elmhurst,Brooklyn,Clinton Hill,56,3231.48,57.705,9.160535714285714,27.912499999999998,6.309258461224273
Manhattan,Little Italy/NoLiTa,Brooklyn,Bedford,56,1847.48,32.99071428571428,4.207857142857143,22.013392857142858,7.921519890744189
Manhattan,Lincoln Square West,Manhattan,Inwood,56,2385.04,42.589999999999996,8.12625,18.257440476190474,5.2508973195371675
Unknown,Outside of NYC,EWR,Newark Airport,56,6489.67,115.88696428571428,9.262857142857143,14.125595238095238,117.05265457782704
Manhattan,Yorkville West,Manhattan,Chinatown,56,2166.81,38.69303571428571,6.895357142857143,20.97083333333333,5.626716136857596
Manhattan,Union Sq,Brooklyn,East Williamsburg,56,2231.44,39.847142857142856,5.065535714285715,25.074107142857144,7.910166236511875
Queens,East Elmhurst,Brooklyn,Bedford,56,3196.77,57.08517857142857,9.374821428571428,28.838690476190475,6.1077642990448835
Manhattan,Flatiron,Brooklyn,Boerum Hill,56,2116.92,37.80214285714286,5.187321428571429,24.449107142857144,7.361829852918162
Manhattan,Midtown North,Queens,Jackson Heights,56,2284.4900000000002,40.79446428571429,5.768928571428572,31.232142857142858,7.294888919522704
Queens,LaGuardia Airport,Brooklyn,Red Hook,56,3939.05,70.34017857142858,12.844285714285714,37.392857142857146,5.47988834302527
Manhattan,Midtown Center,Brooklyn,Clinton Hill,56,3159.55,56.42053571428572,8.214642857142858,33.03809523809524,6.912872183875033
Manhattan,Union Sq,Brooklyn,Carroll Gardens,56,2473.9,44.176785714285714,6.262857142857143,26.90357142857143,7.119672710953338
Manhattan,Union Sq,Manhattan,Washington Heights North,55,2993.1,54.42,10.384545454545455,31.62787878787879,5.258051998861427
Manhattan,Murray Hill,Brooklyn,Boerum Hill,55,2374.15,43.16636363636364,6.795090909090909,25.26181818181818,6.393431790915579
Manhattan,Midtown South,Brooklyn,East Williamsburg,55,2438.42,44.33490909090909,5.964545454545455,24.430000000000003,7.813583099093176
Manhattan,Midtown North,Manhattan,Manhattanville,55,1944.58,35.356,5.135454545454545,20.48272727272727,7.0968513103505
Manhattan,West Chelsea/Hudson Yards,Brooklyn,Boerum Hill,55,2373.1,43.14727272727273,6.164363636363637,27.14969696969697,7.034964192608682
Unknown,Unknown,Manhattan,Lenox Hill East,55,1323.92,24.071272727272728,2.5925454545454545,13.592121212121214,14.113737930719012
Manhattan,Midtown East,Brooklyn,Carroll Gardens,55,2763.67,50.24854545454546,7.899818181818182,27.433939393939394,6.34642763314347
Manhattan,Financial District South,Manhattan,Alphabet City,55,1288.58,23.428727272727272,3.1707272727272726,10.224242424242425,7.446979286413468
Manhattan,Central Harlem North,Manhattan,Washington Heights South,55,1044.22,18.985818181818182,2.094909090909091,14.731515151515152,10.806840323171889
Manhattan,Upper West Side South,Queens,Long Island City/Hunters Point,55,2061.98,37.490545454545455,4.684,26.431515151515153,8.381989738761371
Brooklyn,Fort Greene,Brooklyn,Fort Greene,55,837.54,15.228,1.3276363636363635,7.053636363636364,23.652454273124953
Manhattan,TriBeCa/Civic Center,Manhattan,Central Harlem North,55,3025.6,55.01090909090909,9.987272727272726,35.18,5.565068798399202
Queens,JFK Airport,Bronx,Soundview/Bruckner,55,4911.78,89.30509090909091,18.170727272727273,34.34090909090909,4.937266026827155
Queens,JFK Airport,Brooklyn,Bath Beach,55,4332.67,78.77581818181818,18.407818181818183,32.66848484848485,4.278983427478603
Manhattan,Midtown East,Manhattan,Roosevelt Island,55,1730.8,31.46909090909091,3.930181818181818,21.420909090909092,8.359866021411447
Queens,Queensbridge/Ravenswood,Queens,Long Island City/Hunters Point,54,771.0,14.277777777777779,1.559074074074074,8.041975308641975,11.950421908580315
Manhattan,Upper West Side South,Manhattan,Chinatown,54,2432.09,45.0387037037037,6.9729629629629635,31.386419753086418,6.547943315233186
Manhattan,TriBeCa/Civic Center,Brooklyn,Prospect Heights,54,1882.37,34.8587037037037,3.98,23.937962962962963,8.805590993670998
Manhattan,Financial District South,Manhattan,Lincoln Square West,54,2294.61,42.49277777777778,6.144629629629629,26.885185185185183,7.653376081291307
Queens,LaGuardia Airport,Queens,Oakland Gardens,54,2932.83,54.31166666666667,10.419074074074073,22.295061728395062,5.2356966799845575
Manhattan,Two Bridges/Seward Park,Brooklyn,Williamsburg (South Side),54,1203.99,22.296111111111113,2.1057407407407407,8.94043209876543,27.597334863637272
Manhattan,Kips Bay,Brooklyn,Downtown Brooklyn/MetroTech,54,1891.0,35.01851851851852,5.493148148148148,20.1141975308642,6.4298434145993575
Queens,Steinway,Queens,Steinway,54,1299.31,24.061296296296295,1.3877777777777778,4.801851851851852,214.20776315032083
Queens,Long Island City/Queens Plaza,Manhattan,Sutton Place/Turtle Bay North,54,955.9,17.701851851851853,1.8944444444444444,9.975617283950616,9.494606603486963
Manhattan,Stuy Town/Peter Cooper Village,Manhattan,TriBeCa/Civic Center,54,1434.34,26.561851851851852,3.5403703703703706,14.664197530864199,8.058651165939635
Manhattan,East Chelsea,Brooklyn,Carroll Gardens,54,2673.29,49.50537037037037,6.646481481481482,26.73611111111111,7.53218213559901
Manhattan,Murray Hill,Queens,Long Island City/Queens Plaza,54,1642.42,30.415185185185187,3.5731481481481477,19.67561728395062,8.945650198970258
Queens,LaGuardia Airport,Bronx,Parkchester,54,3333.1800000000003,61.72555555555556,10.172037037037036,22.935185185185187,6.076634753487845
Manhattan,Chinatown,Manhattan,SoHo,54,846.8,15.68148148148148,0.9296296296296297,8.325000000000001,17.854599812494882
Manhattan,Midtown North,Brooklyn,Park Slope,54,3316.94,61.424814814814816,9.300555555555556,38.964814814814815,6.6594923161654265
Manhattan,East Chelsea,Queens,Forest Hills,54,3506.56,64.93629629629629,11.215555555555556,35.75061728395062,5.885329549831247
Queens,LaGuardia Airport,Brooklyn,Ocean Hill,54,3498.45,64.78611111111111,12.184814814814816,29.312345679012342,5.359746397512986
Queens,LaGuardia Airport,Brooklyn,East Flatbush/Remsen Village,54,3900.61,72.23351851851852,14.23537037037037,39.69845679012346,5.093925030277456
Manhattan,Seaport,Manhattan,Sutton Place/Turtle Bay North,54,1710.37,31.673518518518517,5.136851851851851,14.209876543209877,6.163496142177532
Manhattan,Gramercy,Brooklyn,East Williamsburg,53,1949.96,36.791698113207545,5.123018867924528,24.588364779874215,7.33767914204712
Manhattan,Yorkville West,Queens,Elmhurst,53,2152.23,40.60811320754717,6.812075471698114,27.59685534591195,6.022926455195412
Manhattan,Murray Hill,Queens,Steinway,53,2219.08,41.86943396226415,6.004905660377358,28.91761006289308,7.155309295579477
Manhattan,Lincoln Square East,Brooklyn,Williamsburg (North Side),53,2662.04,50.227169811320756,6.912641509433962,35.2122641509434,7.379632930332908
Manhattan,East Harlem North,Manhattan,Lincoln Square East,53,1561.1200000000001,29.455094339622644,3.605471698113208,20.34622641509434,8.142623251591806
Manhattan,Lincoln Square East,Bronx,Spuyten Duyvil/Kingsbridge,53,2874.0,54.22641509433962,9.488679245283018,21.272955974842766,5.723494693795568
Manhattan,Union Sq,Manhattan,Hamilton Heights,53,2498.4,47.13962264150943,8.04679245283019,27.716352201257862,5.86433283108082
Manhattan,Lenox Hill West,Manhattan,Washington Heights North,53,2387.78,45.052452830188685,7.69811320754717,25.05911949685535,5.898308697732951
Manhattan,Union Sq,Brooklyn,Downtown Brooklyn/MetroTech,53,1744.39,32.91301886792453,4.331320754716981,21.57987421383648,7.733044097997549
Unknown,Unknown,Manhattan,West Chelsea/Hudson Yards,53,1345.52,25.387169811320753,2.7167924528301888,13.96006289308176,17.180677260995598
Manhattan,Two Bridges/Seward Park,Manhattan,Clinton East,53,1857.7,35.050943396226415,4.86622641509434,28.628301886792453,7.3646043838569275
Manhattan,Greenwich Village South,Brooklyn,Downtown Brooklyn/MetroTech,53,1441.82,27.204150943396225,3.3233962264150945,15.93616352201258,8.447372703088252
Manhattan,Two Bridges/Seward Park,Manhattan,Midtown South,53,1481.32,27.94943396226415,3.290943396226415,18.18553459119497,8.62760924206449
Manhattan,Hamilton Heights,Manhattan,East Harlem South,53,1246.2,23.513207547169813,3.296981132075472,19.78238993710692,7.270387708403906
Manhattan,Penn Station/Madison Sq West,Queens,Forest Hills,53,3338.78,62.995849056603774,9.634716981132076,32.414779874213835,6.580829838890348
Manhattan,Alphabet City,Manhattan,Yorkville West,53,1591.57,30.029622641509434,4.732641509433963,16.983333333333334,6.454505667023789
Manhattan,Flatiron,Queens,Long Island City/Hunters Point,53,2018.11,38.07754716981132,4.245094339622642,22.502201257861632,9.256759516572336
Manhattan,Sutton Place/Turtle Bay North,Queens,Steinway,53,1954.18,36.87132075471698,5.379056603773584,24.04245283018868,7.113019093868216
Manhattan,UN/Turtle Bay South,Manhattan,Morningside Heights,53,2121.91,40.03603773584906,5.58754716981132,26.88050314465409,7.292294234647925
Manhattan,Lower East Side,Manhattan,Bloomingdale,53,2438.27,46.005094339622644,7.774528301886793,29.542767295597486,5.929033205349332
Manhattan,Manhattanville,Manhattan,Lincoln Square East,53,1552.08,29.28452830188679,4.0530188679245285,18.23616352201258,7.469470348974142
Manhattan,Sutton Place/Turtle Bay North,Queens,Woodside,53,1638.44,30.913962264150946,4.32811320754717,21.00251572327044,7.2349294921064145
Manhattan,Washington Heights North,Manhattan,Washington Heights North,53,1705.48,32.178867924528305,1.8860377358490565,5.687735849056604,546.8889369259059
Manhattan,Chinatown,Manhattan,Union Sq,53,1348.86,25.45018867924528,2.492830188679245,17.205345911949685,10.523487710137983
Manhattan,Lower East Side,Unknown,Unknown,53,1606.41,30.309622641509435,2.9175471698113205,15.123270440251572,343.7887878122883
Manhattan,Financial District South,Manhattan,Lincoln Square East,53,2372.84,44.770566037735854,6.542641509433962,27.83490566037736,6.907105891299967
Manhattan,Alphabet City,Manhattan,Alphabet City,53,1063.08,20.05811320754717,0.5458490566037736,4.163207547169812,375.76959944458315
Queens,JFK Airport,Bronx,Van Nest/Morris Park,52,4660.37,89.6225,19.096923076923076,41.740705128205136,4.729628907488595
Queens,JFK Airport,Bronx,Kingsbridge Heights,52,5290.93,101.74865384615386,22.486923076923077,42.544871794871796,4.526909930413979
Manhattan,UN/Turtle Bay South,Brooklyn,Greenpoint,52,1844.41,35.46942307692308,4.014423076923077,17.013141025641026,9.204516519533424
Manhattan,Midtown Center,Brooklyn,Prospect Heights,52,2892.23,55.619807692307695,8.533076923076923,38.11057692307692,6.585412445427346
Manhattan,Times Sq/Theatre District,Manhattan,Roosevelt Island,52,1924.15,37.002884615384616,4.746153846153846,26.87532051282051,7.817667285813395
Queens,JFK Airport,Bronx,Westchester Village/Unionport,52,4371.11,84.05980769230769,17.890384615384615,33.80096153846154,4.715044435417705
Manhattan,Manhattanville,Manhattan,East Harlem South,52,1126.22,21.658076923076923,2.600769230769231,16.869871794871795,8.481040943607692
Queens,Long Island City/Queens Plaza,Manhattan,Upper East Side South,52,1020.15,19.61826923076923,2.035576923076923,11.00897435897436,9.855484377863121
Queens,Sunnyside,Queens,Jackson Heights,52,1186.87,22.824423076923075,2.737692307692308,15.73653846153846,8.445694131201124
Manhattan,Penn Station/Madison Sq West,Brooklyn,Prospect-Lefferts Gardens,52,3059.99,58.84596153846154,9.069807692307693,41.454487179487174,6.547787509756987
Manhattan,Hudson Sq,Manhattan,Stuy Town/Peter Cooper Village,52,1210.34,23.275769230769228,2.209807692307692,14.157692307692308,10.668865007902042
Manhattan,Hudson Sq,Manhattan,Central Park,52,1965.25,37.79326923076923,5.192115384615385,25.411858974358974,7.548236435640559
Manhattan,Stuy Town/Peter Cooper Village,Manhattan,Yorkville West,52,1509.85,29.03557692307692,3.964230769230769,17.83301282051282,7.404165213839999
Manhattan,Greenwich Village North,Brooklyn,DUMBO/Vinegar Hill,52,1552.8899999999999,29.863269230769227,3.581153846153846,19.524679487179487,8.557998597465156
Manhattan,Midtown South,Brooklyn,Downtown Brooklyn/MetroTech,52,1845.29,35.486346153846156,5.085576923076923,22.439102564102562,7.287323872804628
Manhattan,Greenwich Village North,Brooklyn,Downtown Brooklyn/MetroTech,52,1438.06,27.654999999999998,3.430576923076923,17.592628205128204,8.139667774993391
Queens,Woodside,Queens,Woodside,52,860.74,16.552692307692308,1.011346153846154,8.411858974358974,89.6035926641705
Manhattan,East Harlem North,Manhattan,Sutton Place/Turtle Bay North,52,1381.25,26.5625,3.6792307692307693,16.702884615384615,7.3626282064771384
Manhattan,Clinton West,Manhattan,East Harlem North,52,1806.41,34.738653846153845,5.804615384615384,24.16025641025641,6.245820955295299
Manhattan,Stuy Town/Peter Cooper Village,Manhattan,Stuy Town/Peter Cooper Village,52,977.11,18.790576923076923,0.8767307692307692,5.581730769230769,137.8982899706769
Manhattan,Garment District,Brooklyn,Greenpoint,52,2108.75,40.55288461538461,4.5725,23.09647435897436,9.163660930518452
Queens,LaGuardia Airport,Bronx,Highbridge,52,2849.58,54.799615384615386,9.051346153846154,20.22179487179487,6.129507502930598
Queens,Long Island City/Queens Plaza,Queens,Sunnyside,52,781.19,15.022884615384616,1.3521153846153846,9.089102564102564,148.56884912751232
Queens,Sunnyside,Queens,Steinway,52,1065.26,20.48576923076923,2.725192307692308,16.25929487179487,7.779316394367038
Manhattan,Clinton West,Manhattan,Hudson Sq,52,1405.05,27.020192307692305,3.1915384615384617,16.650641025641026,8.502209304877509
Queens,East Elmhurst,Brooklyn,East Williamsburg,52,2278.61,43.81942307692308,7.031538461538461,18.615384615384617,6.242318704960791
Manhattan,Union Sq,Queens,Sunnyside,52,2067.3,39.75576923076923,5.333269230769231,24.547115384615385,7.814079111686862
Manhattan,Clinton West,Unknown,Outside of NYC,52,6305.32,121.25615384615384,17.591153846153848,32.234935897435896,8.683983603850775
Queens,LaGuardia Airport,Brooklyn,Canarsie,52,4081.39,78.48826923076923,15.7625,43.37660256410257,5.0016258618525535
Queens,LaGuardia Airport,Bronx,Morrisania/Melrose,52,2970.72,57.129230769230766,8.77903846153846,22.73205128205128,6.577756745412804
Manhattan,UN/Turtle Bay South,Brooklyn,Park Slope,51,2665.08,52.256470588235295,8.266666666666667,31.21732026143791,6.319768027213027
Manhattan,Murray Hill,Queens,Woodside,51,1806.05,35.41274509803922,5.343921568627452,23.66078431372549,6.703833775463727
Manhattan,East Harlem South,Manhattan,Manhattanville,51,998.9399999999999,19.58705882352941,2.6966666666666668,15.36830065359477,7.32826515444712
Manhattan,Yorkville West,Manhattan,Hudson Sq,51,2068.3,40.55490196078432,6.359411764705882,25.627124183006536,6.450016361514609
Manhattan,Penn Station/Madison Sq West,Brooklyn,Stuyvesant Heights,51,2869.52,56.26509803921569,8.07235294117647,39.60686274509804,6.967754160366403
Manhattan,Penn Station/Madison Sq West,Brooklyn,Bedford,51,2668.12,52.316078431372546,7.439411764705883,40.181699346405225,7.063925083077156
Manhattan,Murray Hill,Manhattan,Hamilton Heights,51,2252.13,44.15941176470589,7.341568627450981,28.590196078431372,6.0471291769941855
Manhattan,Two Bridges/Seward Park,Manhattan,Seaport,51,858.87,16.840588235294117,1.391764705882353,8.448039215686276,13.178397236925663
Manhattan,Midtown East,Queens,Woodside,51,1830.21,35.8864705882353,5.06,26.22222222222222,7.339552870763682
Manhattan,World Trade Center,Manhattan,Stuy Town/Peter Cooper Village,51,1473.6299999999999,28.894705882352937,3.80156862745098,15.395424836601306,7.785642218689155
Manhattan,East Village,Manhattan,Washington Heights North,51,2696.55,52.87352941176471,11.164313725490196,26.555228758169932,4.765675929025193
Manhattan,Lincoln Square West,Manhattan,Lower East Side,51,2137.0,41.90196078431372,5.91235294117647,30.213071895424836,7.191270147997284
Manhattan,Seaport,Manhattan,Greenwich Village North,51,1253.3,24.57450980392157,2.502745098039216,15.612418300653594,10.229382353438144
Manhattan,Garment District,Brooklyn,Brooklyn Heights,51,2333.71,45.759019607843136,6.81156862745098,27.191503267973857,6.748900940240446
Queens,Astoria,Queens,Sunnyside,51,817.36,16.026666666666667,1.9376470588235293,11.520261437908497,9.190501577735397
Manhattan,Lenox Hill East,Queens,Old Astoria,51,1776.12,34.82588235294117,4.392941176470588,23.74346405228758,7.984178974987536
Manhattan,Kips Bay,Manhattan,Roosevelt Island,51,1670.62,32.757254901960785,4.705294117647059,27.393790849673202,7.119187300156491
Manhattan,Greenwich Village North,Queens,Long Island City/Hunters Point,51,1905.32,37.35921568627451,3.9096078431372545,20.60392156862745,9.910448619592664
Queens,JFK Airport,Bronx,Hunts Point,51,4711.62,92.38470588235293,20.02921568627451,40.87777777777778,4.620625789074197
Manhattan,Hamilton Heights,Manhattan,Lincoln Square East,51,1640.08,32.15843137254902,4.716078431372549,19.920261437908497,6.974704897969765
Manhattan,East Chelsea,Brooklyn,Bay Ridge,51,3278.71,64.28843137254903,11.083725490196079,32.883006535947715,5.8310412998117975
Manhattan,Lincoln Square East,Manhattan,Chinatown,51,2016.38,39.53686274509804,5.846862745098039,28.25065359477124,6.933250317937645
Manhattan,Central Park,Queens,Astoria,51,1804.94,35.39098039215686,4.4056862745098035,24.409803921568628,8.05884656144101
Brooklyn,Crown Heights North,Brooklyn,Crown Heights North,51,972.5600000000001,19.069803921568628,0.8382352941176471,14.667320261437908,155.13213866280483
Manhattan,Two Bridges/Seward Park,Manhattan,Garment District,51,1618.07,31.72686274509804,3.9701960784313726,23.29248366013072,8.091552835128423
Manhattan,Seaport,Queens,LaGuardia Airport,51,3723.2000000000003,73.00392156862746,12.859803921568627,29.35261437908497,5.640492938044467
Manhattan,TriBeCa/Civic Center,Brooklyn,Bay Ridge,51,2713.03,53.19666666666667,8.634901960784314,25.765359477124182,6.197095444655318
Manhattan,Central Park,Manhattan,Seaport,51,2238.49,43.891960784313724,6.973333333333333,27.283333333333335,6.363896347947729
Queens,Astoria,Queens,Long Island City/Hunters Point,50,861.74,17.2348,2.088,12.827,8.622122531321889
Manhattan,Times Sq/Theatre District,Brooklyn,Crown Heights North,50,3121.87,62.4374,10.167,41.99433333333334,6.29535981561976
Manhattan,Garment District,Brooklyn,Williamsburg (South Side),50,2257.82,45.156400000000005,6.0764,31.522333333333332,7.457016311036764
Manhattan,Gramercy,Brooklyn,Fort Greene,50,1742.12,34.8424,4.7782,21.775,7.414154948405899
Manhattan,TriBeCa/Civic Center,Brooklyn,Flatbush/Ditmas Park,50,2318.34,46.366800000000005,7.2546,29.444666666666667,6.474287773127934
Queens,East Elmhurst,Manhattan,Hudson Sq,50,3875.6,77.512,12.194,37.316,6.386996361797503
Manhattan,TriBeCa/Civic Center,Manhattan,Bloomingdale,50,2314.17,46.2834,7.1732000000000005,31.081666666666663,6.47384716179707
Manhattan,Upper East Side South,Brooklyn,DUMBO/Vinegar Hill,50,2462.94,49.2588,7.7,30.247,6.398503784668373
Manhattan,Central Harlem,Manhattan,Midtown East,50,1576.36,31.527199999999997,4.0504,25.21366666666667,7.8745241247536395
Queens,LaGuardia Airport,Queens,Queensboro Hill,50,1885.46,37.7092,5.8562,15.162333333333333,6.514515776686312
Unknown,Unknown,Manhattan,Yorkville East,50,1562.7,31.254,4.3476,15.171,12.375525090062116
Manhattan,Lincoln Square West,Manhattan,Hudson Sq,50,1601.26,32.0252,4.2168,20.265,7.597232200785121
Manhattan,UN/Turtle Bay South,Queens,Sunnyside,50,1495.65,29.913,3.8948,17.985333333333333,7.793762799326089
Manhattan,Seaport,Manhattan,Upper East Side South,50,2003.1100000000001,40.062200000000004,6.283200000000001,21.604666666666667,6.367014061609358
Manhattan,Manhattan Valley,Manhattan,Greenwich Village North,50,2049.33,40.986599999999996,6.1004,27.983666666666668,6.7943777693169976
Manhattan,Financial District South,Brooklyn,Park Slope,50,1882.21,37.6442,4.9258,20.984666666666666,7.759941647854765
Manhattan,Stuy Town/Peter Cooper Village,Manhattan,West Chelsea/Hudson Yards,50,1249.73,24.994600000000002,2.4706,17.865333333333332,10.343915998813602
Manhattan,Stuy Town/Peter Cooper Village,Manhattan,Upper East Side South,50,1295.14,25.902800000000003,3.0232,17.362000000000002,8.642267879390495
Manhattan,Midtown East,Brooklyn,Prospect Heights,50,2679.19,53.583800000000004,8.1944,34.20733333333334,6.552170667078775
Manhattan,Midtown South,Brooklyn,Boerum Hill,50,2053.16,41.063199999999995,6.1978,26.163333333333334,6.738985814880922
Manhattan,East Harlem South,Manhattan,TriBeCa/Civic Center,50,2182.66,43.6532,7.8717999999999995,33.586666666666666,12.01834534904673
Queens,LaGuardia Airport,Bronx,Pelham Parkway,50,3330.21,66.6042,11.535,24.24733333333333,5.789494129853381
Manhattan,Stuy Town/Peter Cooper Village,Manhattan,Lenox Hill West,50,1210.41,24.2082,2.9284,14.889333333333333,8.322545701087394
Manhattan,Murray Hill,Brooklyn,Fort Greene,50,2240.14,44.8028,6.8696,29.028333333333336,6.545484693147111
Manhattan,Clinton East,Brooklyn,Williamsburg (South Side),50,2355.46,47.1092,6.609400000000001,32.18266666666667,7.2188485413751575
Manhattan,East Harlem South,Manhattan,Clinton West,50,1455.21,29.104200000000002,4.0612,19.388666666666666,7.270278004271342
Manhattan,East Chelsea,Queens,Steinway,50,2783.82,55.6764,7.9878,36.66233333333333,7.084125293115971
Manhattan,Two Bridges/Seward Park,Manhattan,UN/Turtle Bay South,50,1224.59,24.491799999999998,3.174,12.946,7.830506839011196
